Component_ID,Lot_ID,Component_Type,Temperature,Voltage,Stress_Level,Parameter_0h,Parameter_24h,Parameter_96h,Parameter_168h,Anomaly_Label,Failure_Mode,Severity,Drift_0_24,Drift_24_96,Drift_96_168,Lot_Mean,Lot_STD,Lot_ZScore,Actual_168h,Predicted_168h,Final_Status
LOT-000-C0000,LOT-000,Discrete_Transistor_X,85.0,4.94,elevated,316.53729065172405,313.72429624463257,313.817391470064,310.6087769353848,True,lot_relative_anomaly,medium,-2.8129944070914803,0.09309522543145476,-3.2086145346792136,255.82991350631335,38.03758332222951,1.4401247041648464,310.6087769353848,,
LOT-000-C0001,LOT-000,Discrete_Transistor_X,85.0,4.94,elevated,253.64207730232124,248.38874670586065,245.18434596127477,252.9015747196186,False,normal,none,-5.253330596460586,-3.2044007445858824,7.717228758343822,255.82991350631335,38.03758332222951,-0.07698540577322652,252.9015747196186,,
LOT-000-C0002,LOT-000,Discrete_Transistor_X,85.0,4.94,elevated,239.25593803847423,228.4840943420249,229.35394364712394,236.2683341455469,False,normal,none,-10.771843696449338,0.8698493050990521,6.914390498422961,255.82991350631335,38.03758332222951,-0.5142697735303936,236.2683341455469,,
LOT-000-C0003,LOT-000,Discrete_Transistor_X,85.0,4.94,elevated,254.18754252737918,252.73257951605092,252.93567384436756,255.69943401778013,False,normal,none,-1.4549630113282603,0.20309432831663798,2.763760173412578,255.82991350631335,38.03758332222951,-0.003430278086488162,255.69943401778013,,
LOT-000-C0004,LOT-000,Discrete_Transistor_X,85.0,4.94,elevated,255.4414649280873,247.77398065265268,245.8216597280276,248.5758010727905,False,normal,none,-7.667484275434617,-1.9523209246250701,2.7541413447628997,255.82991350631335,38.03758332222951,-0.19070907770535112,248.5758010727905,,
LOT-000-C0005,LOT-000,Discrete_Transistor_X,85.0,4.94,elevated,241.15918912585613,246.86737752686386,250.76052053543717,254.9795936405981,False,normal,none,5.708188401007732,3.893143008573304,4.2190731051609305,255.82991350631335,38.03758332222951,-0.022354728966661637,254.9795936405981,,
LOT-000-C0006,LOT-000,Discrete_Transistor_X,85.0,4.94,elevated,231.68251526483132,230.05545764755973,233.72055306713182,470.4962980062641,True,sudden_failure,critical,-1.6270576172715892,3.665095419572083,236.7757449391323,255.82991350631335,38.03758332222951,5.643533730348683,470.4962980062641,,
LOT-000-C0007,LOT-000,Discrete_Transistor_X,85.0,4.94,elevated,274.41827066019044,259.10641275676204,262.737673012603,268.4113864415952,False,normal,none,-15.311857903428404,3.631260255840971,5.673713428992187,255.82991350631335,38.03758332222951,0.3307642556757575,268.4113864415952,,
LOT-000-C0008,LOT-000,Discrete_Transistor_X,85.0,4.94,elevated,246.71536042640176,242.73830964029307,243.28245582025332,242.18243404972148,False,normal,none,-3.9770507861086912,0.5441461799602507,-1.1000217705318391,255.82991350631335,38.03758332222951,-0.35878934108351085,242.18243404972148,,
LOT-000-C0009,LOT-000,Discrete_Transistor_X,85.0,4.94,elevated,269.0328690604379,283.03092924015436,278.21610723876955,278.7874787284739,False,normal,none,13.998060179716447,-4.814822001384812,0.5713714897043474,255.82991350631335,38.03758332222951,0.6035495217369381,278.7874787284739,,
LOT-000-C0010,LOT-000,Discrete_Transistor_X,85.0,4.94,elevated,238.74292574685822,240.7221841477874,246.8364396273445,227.40048821740456,False,normal,none,1.979258400929183,6.114255479557102,-19.435951409939946,255.82991350631335,38.03758332222951,-0.7474035626310248,227.40048821740456,,
LOT-000-C0011,LOT-000,Discrete_Transistor_X,85.0,4.94,elevated,226.4744731026218,228.87151697063916,223.30114760352265,227.16500520465056,False,normal,none,2.397043868017363,-5.570369367116513,3.863857601127904,255.82991350631335,38.03758332222951,-0.7535943611041861,227.16500520465056,,
LOT-000-C0012,LOT-000,Discrete_Transistor_X,85.0,4.94,elevated,250.83987877317276,264.31940813398256,292.3401158483445,328.5920114915104,True,gradual_degradation,low,13.479529360809806,28.020707714361947,36.25189564316588,255.82991350631335,38.03758332222951,1.9129001274556319,328.5920114915104,,
LOT-000-C0013,LOT-000,Discrete_Transistor_X,85.0,4.94,elevated,235.67309481876043,243.54301364233496,239.44655322681936,243.17841862354285,False,normal,none,7.8699188235745225,-4.096460415515594,3.7318653967234923,255.82991350631335,38.03758332222951,-0.332605117827684,243.17841862354285,,
LOT-000-C0014,LOT-000,Discrete_Transistor_X,85.0,4.94,elevated,246.72304330797039,232.11498244741836,244.97390029098338,244.69163292794823,False,normal,none,-14.60806086055203,12.858917843565024,-0.282267363035146,255.82991350631335,38.03758332222951,-0.2928230346289061,244.69163292794823,,
LOT-000-C0015,LOT-000,Discrete_Transistor_X,85.0,4.94,elevated,246.14121089502126,254.16236848511232,255.71874126890387,252.17294756019842,False,normal,none,8.021157590091065,1.556372783791545,-3.545793708705446,255.82991350631335,38.03758332222951,-0.09614085929527912,252.17294756019842,,
LOT-000-C0016,LOT-000,Discrete_Transistor_X,85.0,4.94,elevated,250.32424592768837,240.22272164405922,239.0806018480868,243.97010311794008,False,normal,none,-10.101524283629146,-1.1421197959724338,4.889501269853298,255.82991350631335,38.03758332222951,-0.3117919003398484,243.97010311794008,,
LOT-000-C0017,LOT-000,Discrete_Transistor_X,85.0,4.94,elevated,261.236120727253,252.54630092406342,255.27352936769623,259.8367936336728,False,normal,none,-8.689819803189607,2.7272284436328107,4.563264265976585,255.82991350631335,38.03758332222951,0.10534002892391454,259.8367936336728,,
LOT-000-C0018,LOT-000,Discrete_Transistor_X,85.0,4.94,elevated,249.32395246391283,246.90741920004348,250.48584690031257,249.9424802923836,False,normal,none,-2.416533263869354,3.5784277002690885,-0.5433666079289594,255.82991350631335,38.03758332222951,-0.15477937081478754,249.9424802923836,,
LOT-000-C0019,LOT-000,Discrete_Transistor_X,85.0,4.94,elevated,,244.50806385318046,248.88337607559782,245.15112141721337,False,normal,none,,4.375312222417364,-3.7322546583844485,255.82991350631335,38.03758332222951,-0.28074317967669593,245.15112141721337,,
LOT-000-C0020,LOT-000,Discrete_Transistor_X,85.0,4.94,elevated,229.5555168620843,233.1532880761851,234.77302307746143,228.18742200694857,False,normal,none,3.597771214100817,1.6197350012763252,-6.585601070512865,255.82991350631335,38.03758332222951,-0.7267152401664345,228.18742200694857,,
LOT-000-C0021,LOT-000,Discrete_Transistor_X,85.0,4.94,elevated,239.64843303792026,242.88935961557607,227.70524302788715,235.762862912413,False,normal,none,3.240926577655813,-15.18411658768892,8.057619884525849,255.82991350631335,38.03758332222951,-0.5275585050686693,235.762862912413,,
LOT-000-C0022,LOT-000,Discrete_Transistor_X,85.0,4.94,elevated,255.2762820586083,251.747612982228,253.54603188500516,253.2122651396726,False,normal,none,-3.528669076380311,1.798418902777172,-0.3337667453325537,255.82991350631335,38.03758332222951,-0.06881742050922986,253.2122651396726,,
LOT-000-C0023,LOT-000,Discrete_Transistor_X,85.0,4.94,elevated,251.3550964818449,252.25339512336382,242.4338856842561,243.12666891550884,False,normal,none,0.8982986415189202,-9.81950943910772,0.6927832312527471,255.82991350631335,38.03758332222951,-0.3339656066788189,243.12666891550884,,
LOT-000-C0024,LOT-000,Discrete_Transistor_X,85.0,4.94,elevated,244.5322106346593,244.17609662862998,253.53438759642484,248.62893803539328,False,normal,none,-0.35611400602931553,9.358290967794858,-4.90544956103156,255.82991350631335,38.03758332222951,-0.18931211822575897,248.62893803539328,,
LOT-000-C0025,LOT-000,Discrete_Transistor_X,85.0,4.94,elevated,246.63398128001796,259.1510483666598,248.24041128972326,253.3543917443013,False,normal,none,12.517067086641816,-10.910637076936524,5.113980454578041,255.82991350631335,38.03758332222951,-0.06508094221026216,253.3543917443013,,
LOT-000-C0026,LOT-000,Discrete_Transistor_X,85.0,4.94,elevated,238.8711908729265,235.1737407371781,239.15254625248792,236.30394382850545,False,normal,none,-3.6974501357483973,3.97880551530983,-2.84860242398247,255.82991350631335,38.03758332222951,-0.5133336025161394,236.30394382850545,,
LOT-000-C0027,LOT-000,Discrete_Transistor_X,85.0,4.94,elevated,217.3849214762071,229.18561440670967,242.39982559038108,232.17203349925305,False,normal,none,11.800692930502578,13.21421118367141,-10.227792091128038,255.82991350631335,38.03758332222951,-0.6219606489362436,232.17203349925305,,
LOT-000-C0028,LOT-000,Discrete_Transistor_X,85.0,4.94,elevated,253.2278959964944,241.05064950692324,125.33914379581017,253.1529224167463,True,intermittent_anomaly,medium,-12.17724648957116,-115.71150571111306,127.81377862093612,255.82991350631335,38.03758332222951,-0.07037752811185025,253.1529224167463,,
LOT-000-C0029,LOT-000,Discrete_Transistor_X,85.0,4.94,elevated,243.60104891476215,249.19336647550108,238.9674113328935,249.1355184230686,False,normal,none,5.592317560738934,-10.225955142607575,10.168107090175084,255.82991350631335,38.03758332222951,-0.1759942272497762,249.1355184230686,,
LOT-000-C0030,LOT-000,Discrete_Transistor_X,85.0,4.94,elevated,227.0977458536718,228.92017911032895,223.2736566208091,230.91529354168992,False,normal,none,1.822433256657149,-5.646522489519839,7.6416369208808135,255.82991350631335,38.03758332222951,-0.6550000759397113,230.91529354168992,,
LOT-000-C0031,LOT-000,Discrete_Transistor_X,85.0,4.94,elevated,258.3840363587689,260.0291278945353,263.7624953100727,265.0755798507665,False,normal,none,1.645091535766369,3.7333674155374297,1.313084540693751,255.82991350631335,38.03758332222951,0.24306660773188174,265.0755798507665,,
LOT-000-C0032,LOT-000,Discrete_Transistor_X,85.0,4.94,elevated,241.96731598516607,243.96807493492994,238.46356440820784,242.69638260934647,False,normal,none,2.0007589497638776,-5.5045105267221,4.2328182011386275,255.82991350631335,38.03758332222951,-0.3452777424293283,242.69638260934647,,
LOT-000-C0033,LOT-000,Discrete_Transistor_X,85.0,4.94,elevated,333.88785025095444,335.42319190520504,343.2772002337982,354.21092820852886,True,lot_relative_anomaly,medium,1.535341654250601,7.854008328593181,10.93372797473063,255.82991350631335,38.03758332222951,2.586416015675758,354.21092820852886,,
LOT-000-C0034,LOT-000,Discrete_Transistor_X,85.0,4.94,elevated,242.91389051848466,239.25678097431688,229.35894864406688,239.87295799465272,False,normal,none,-3.6571095441677812,-9.897832330249997,10.514009350585837,255.82991350631335,38.03758332222951,-0.4195049768667936,239.87295799465272,,
LOT-000-C0035,LOT-000,Discrete_Transistor_X,85.0,4.94,elevated,245.06858317015164,251.7599451997177,242.21902282237454,251.9504053363309,False,normal,none,6.691362029566051,-9.54092237734315,9.731382513956362,255.82991350631335,38.03758332222951,-0.10199144717259742,251.9504053363309,,
LOT-000-C0036,LOT-000,Discrete_Transistor_X,85.0,4.94,elevated,236.47063844108322,241.37610558308447,236.5944207114371,237.36779081847604,False,normal,none,4.905467142001243,-4.781684871647371,0.7733701070389429,255.82991350631335,38.03758332222951,-0.4853652907293896,237.36779081847604,,
LOT-000-C0037,LOT-000,Discrete_Transistor_X,85.0,4.94,elevated,269.2016298549876,262.67364175860484,271.5151292210272,270.9848402425046,False,normal,none,-6.527988096382728,8.841487462422378,-0.5302889785226057,255.82991350631335,38.03758332222951,0.39841981042298746,270.9848402425046,,
LOT-000-C0038,LOT-000,Discrete_Transistor_X,85.0,4.94,elevated,239.0686508999485,250.3163502432256,239.3071471482454,248.27717623057328,False,normal,none,11.247699343277105,-11.009203094980194,8.97002908232787,255.82991350631335,38.03758332222951,-0.19855986148642055,248.27717623057328,,
LOT-000-C0039,LOT-000,Discrete_Transistor_X,85.0,4.94,elevated,314.6359406792169,304.3869336985236,304.30949738031023,317.24782087028524,True,lot_relative_anomaly,medium,-10.24900698069331,-0.07743631821335839,12.938323489975005,255.82991350631335,38.03758332222951,1.6146637614613837,317.24782087028524,,
LOT-000-C0040,LOT-000,Discrete_Transistor_X,85.0,4.94,elevated,238.49900547781326,238.94534490876111,236.56323741352983,242.9579589694407,False,normal,none,0.4463394309478588,-2.3821074952312813,6.394721555910877,255.82991350631335,38.03758332222951,-0.33840095538746146,242.9579589694407,,
LOT-000-C0041,LOT-000,Discrete_Transistor_X,85.0,4.94,elevated,236.9738363064629,236.79550558785573,240.8963346594723,239.28711738083513,False,normal,none,-0.1783307186071852,4.100829071616573,-1.6092172786371748,255.82991350631335,38.03758332222951,-0.4349066023816097,239.28711738083513,,
LOT-000-C0042,LOT-000,Discrete_Transistor_X,85.0,4.94,elevated,220.93911923186508,216.8512134009133,221.02958568555695,226.68397942767066,False,normal,none,-4.087905830951769,4.178372284643643,5.654393742113712,255.82991350631335,38.03758332222951,-0.766240426783621,226.68397942767066,,
LOT-000-C0043,LOT-000,Discrete_Transistor_X,85.0,4.94,elevated,249.67137021487238,245.14569876234884,242.64478019781671,253.90316178842357,False,normal,none,-4.5256714525235395,-2.500918564532128,11.25838159060686,255.82991350631335,38.03758332222951,-0.050653894112241374,253.90316178842357,,
LOT-000-C0044,LOT-000,Discrete_Transistor_X,85.0,4.94,elevated,225.43007717302993,216.35660533968647,217.4036800367382,224.5654825410467,False,normal,none,-9.073471833343461,1.0470746970517268,7.161802504308497,255.82991350631335,38.03758332222951,-0.8219352607239755,224.5654825410467,,
LOT-000-C0045,LOT-000,Discrete_Transistor_X,85.0,4.94,elevated,,252.91522886958737,240.833442824687,235.11100322342605,False,normal,none,,-12.081786044900355,-5.722439601260959,255.82991350631335,38.03758332222951,-0.5446957580709123,235.11100322342605,,
LOT-000-C0046,LOT-000,Discrete_Transistor_X,85.0,4.94,elevated,249.91378984012857,248.65673208559554,245.31882645891207,234.73156340357195,False,normal,none,-1.2570577545330366,-3.3379056266834652,-10.587263055340117,255.82991350631335,38.03758332222951,-0.554671150477936,234.73156340357195,,
LOT-000-C0047,LOT-000,Discrete_Transistor_X,85.0,4.94,elevated,253.80907593782047,260.0217350762126,271.1649304250896,304.6387844365516,True,gradual_degradation,low,6.212659138392155,11.143195348876986,33.47385401146198,255.82991350631335,38.03758332222951,1.2831748672559304,304.6387844365516,,
LOT-000-C0048,LOT-000,Discrete_Transistor_X,85.0,4.94,elevated,264.94777194027563,258.0412999675904,259.0254598138501,,True,sudden_failure,critical,-6.90647197268521,0.9841598462596721,,255.82991350631335,38.03758332222951,,,,
LOT-000-C0049,LOT-000,Discrete_Transistor_X,85.0,4.94,elevated,245.07950307927214,244.51996549671492,240.20944976547625,244.9641897186074,False,normal,none,-0.5595375825572262,-4.310515731238667,4.75473995313115,255.82991350631335,38.03758332222951,-0.28565757439579287,244.9641897186074,,
LOT-000-C0050,LOT-000,Discrete_Transistor_X,85.0,4.94,elevated,227.56850871418865,224.21642316076753,223.83499890914,231.0756241085486,False,normal,none,-3.3520855534211194,-0.38142425162752147,7.2406251994085835,255.82991350631335,38.03758332222951,-0.6507850193337104,231.0756241085486,,
LOT-000-C0051,LOT-000,Discrete_Transistor_X,85.0,4.94,elevated,233.41750722660976,230.05205040659632,229.3360469416013,233.29464561928074,False,normal,none,-3.365456820013435,-0.7160034649950262,3.958598677679447,255.82991350631335,38.03758332222951,-0.5924474143409313,233.29464561928074,,
LOT-000-C0052,LOT-000,Discrete_Transistor_X,85.0,4.94,elevated,240.84323160605783,240.01587113149094,237.78501795404338,242.76240641852257,False,normal,none,-0.8273604745668877,-2.230853177447557,4.977388464479191,255.82991350631335,38.03758332222951,-0.3435419904858678,242.76240641852257,,
LOT-000-C0053,LOT-000,Discrete_Transistor_X,85.0,4.94,elevated,248.92332916409657,237.84569160084263,248.3335281504719,240.4204870893849,False,normal,none,-11.077637563253944,10.487836549629264,-7.913041061087,255.82991350631335,38.03758332222951,-0.4051105530651062,240.4204870893849,,
LOT-000-C0054,LOT-000,Discrete_Transistor_X,85.0,4.94,elevated,275.4403938721423,282.62044034647016,278.5559539824716,279.631039061133,False,normal,none,7.180046474327867,-4.064486363998583,1.0750850786614023,255.82991350631335,38.03758332222951,0.6257265440128538,279.631039061133,,
LOT-000-C0055,LOT-000,Discrete_Transistor_X,85.0,4.94,elevated,246.7202439113867,253.24494720491455,242.375035884426,247.0963291058119,False,normal,none,6.524703293527864,-10.86991132048854,4.721293221385878,255.82991350631335,38.03758332222951,-0.22960408200795107,247.0963291058119,,
LOT-000-C0056,LOT-000,Discrete_Transistor_X,85.0,4.94,elevated,250.44540351787793,249.61222509849662,248.5126224077713,249.76416007941194,False,normal,none,-0.8331784193813121,-1.0996026907253338,1.2515376716406479,255.82991350631335,38.03758332222951,-0.15946737140254985,249.76416007941194,,
LOT-000-C0057,LOT-000,Discrete_Transistor_X,85.0,4.94,elevated,243.95731146403844,245.00706598288528,243.9072435062294,244.84109203743805,False,normal,none,1.0497545188468393,-1.0998224766558735,0.9338485312086391,255.82991350631335,38.03758332222951,-0.2888937863319338,244.84109203743805,,
LOT-000-C0058,LOT-000,Discrete_Transistor_X,85.0,4.94,elevated,258.1205859762223,31.18777487848322,241.93221087045842,248.51005600914792,True,intermittent_anomaly,medium,-226.93281109773906,210.7444359919752,6.577845138689497,255.82991350631335,38.03758332222951,-0.19243750148784133,248.51005600914792,,
LOT-000-C0059,LOT-000,Discrete_Transistor_X,85.0,4.94,elevated,245.54600672511953,230.83322964241668,239.3509761205567,237.07755958502926,False,normal,none,-14.712777082702843,8.517746478140026,-2.2734165355274456,255.82991350631335,38.03758332222951,-0.49299540831567595,237.07755958502926,,
LOT-001-C0000,LOT-001,Discrete_Transistor_X,150.0,4.8,elevated,259.51572887747,256.7401491130003,250.26627270989383,253.7067447734544,False,normal,none,-2.7755797644696827,-6.4738764031064875,3.440472063560577,259.6280890549826,79.9810004397555,-0.07403438627888059,253.7067447734544,,
LOT-001-C0001,LOT-001,Discrete_Transistor_X,150.0,4.8,elevated,248.00406040943258,249.31810680474334,244.64261451769414,250.22092211044682,False,normal,none,1.3140463953107542,-4.675492287049195,5.5783075927526795,259.6280890549826,79.9810004397555,-0.11761752032123639,250.22092211044682,,
LOT-001-C0002,LOT-001,Discrete_Transistor_X,150.0,4.8,elevated,229.32087510302017,233.01947164574398,231.7678326964793,231.46665355124884,False,normal,none,3.6985965427238057,-1.2516389492646738,-0.3011791452304635,259.6280890549826,79.9810004397555,-0.35210156598311027,231.46665355124884,,
LOT-001-C0003,LOT-001,Discrete_Transistor_X,150.0,4.8,elevated,227.73270566721325,224.5399787038535,229.7287447064307,225.91830319715845,False,normal,none,-3.192726963359746,5.188766002577182,-3.8104415092722377,259.6280890549826,79.9810004397555,-0.4214724206058853,225.91830319715845,,
LOT-001-C0004,LOT-001,Discrete_Transistor_X,150.0,4.8,elevated,322.60802711488583,329.73237167690553,319.38785851764374,327.7991824066949,True,lot_relative_anomaly,medium,7.124344562019701,-10.344513159261794,8.411323889051175,259.6280890549826,79.9810004397555,0.852341093220773,327.7991824066949,,
LOT-001-C0005,LOT-001,Discrete_Transistor_X,150.0,4.8,elevated,237.31643872636528,234.60617028997737,,233.5497089555524,False,normal,none,-2.7102684363879064,,,259.6280890549826,79.9810004397555,-0.32605718803271694,233.5497089555524,,
LOT-001-C0006,LOT-001,Discrete_Transistor_X,150.0,4.8,elevated,145.87005316440272,148.41027267573398,151.45967138253644,154.5859424800251,True,lot_relative_anomaly,medium,2.5402195113312587,3.0493987068024637,3.1262710974886545,259.6280890549826,79.9810004397555,-1.3133387429190626,154.5859424800251,,
LOT-001-C0007,LOT-001,Discrete_Transistor_X,150.0,4.8,elevated,244.0458057143023,255.19460115262416,250.20275771520636,247.55219397201887,False,normal,none,11.148795438321855,-4.991843437417799,-2.65056374318749,259.6280890549826,79.9810004397555,-0.15098454653689533,247.55219397201887,,
LOT-001-C0008,LOT-001,Discrete_Transistor_X,150.0,4.8,elevated,267.0281171793989,264.72362874927165,265.4094766046792,265.9751344337941,False,normal,none,-2.3044884301272646,0.6858478554075305,0.5656578291149117,259.6280890549826,79.9810004397555,0.07935691406601413,265.9751344337941,,
LOT-001-C0009,LOT-001,Discrete_Transistor_X,150.0,4.8,elevated,260.099766632978,263.0555599041864,262.7217654701354,267.3332294449491,False,normal,none,2.9557932712083925,-0.33379443405101483,4.6114639748137165,259.6280890549826,79.9810004397555,0.09633713441444507,267.3332294449491,,
LOT-001-C0010,LOT-001,Discrete_Transistor_X,150.0,4.8,elevated,255.676155932921,246.26734136512644,245.4134606643991,236.07895488459988,False,normal,none,-9.408814567794565,-0.8538807007273306,-9.33450577979923,259.6280890549826,79.9810004397555,-0.2944341036109036,236.07895488459988,,
LOT-001-C0011,LOT-001,Discrete_Transistor_X,150.0,4.8,elevated,246.79593458776975,255.30745662129942,235.39823330998675,236.905656898529,False,normal,none,8.511522033529673,-19.909223311312672,1.5074235885422524,259.6280890549826,79.9810004397555,-0.2840978736389889,236.905656898529,,
LOT-001-C0012,LOT-001,Discrete_Transistor_X,150.0,4.8,elevated,245.75773897144222,242.4247609591348,248.73624557403443,246.5605743056607,False,normal,none,-3.3329780123074215,6.311484614899626,-2.175671268373719,259.6280890549826,79.9810004397555,-0.16338273686842394,246.5605743056607,,
LOT-001-C0013,LOT-001,Discrete_Transistor_X,150.0,4.8,elevated,244.21600622491127,233.60188025985136,423.52360649196737,228.4038908536066,True,intermittent_anomaly,medium,-10.614125965059912,189.92172623211601,-195.11971563836076,259.6280890549826,79.9810004397555,-0.39039519422984875,228.4038908536066,,
LOT-001-C0014,LOT-001,Discrete_Transistor_X,150.0,4.8,elevated,,235.64461858108132,228.22726749813324,235.16934951425827,False,normal,none,,-7.417351082948073,6.942082016125028,259.6280890549826,79.9810004397555,-0.3058068717100818,235.16934951425827,,
LOT-001-C0015,LOT-001,Discrete_Transistor_X,150.0,4.8,elevated,257.2921221644646,264.50351341473333,265.43601144759333,248.9574274207443,False,normal,none,7.2113912502687185,0.9324980328599963,-16.478584026849035,259.6280890549826,79.9810004397555,-0.13341495574659387,248.9574274207443,,
LOT-001-C0016,LOT-001,Discrete_Transistor_X,150.0,4.8,elevated,239.53234195702686,238.64666256438824,253.50946972538316,243.39483012367006,False,normal,none,-0.8856793926386217,14.862807160994919,-10.114639601713094,259.6280890549826,79.9810004397555,-0.2029639394613472,243.39483012367006,,
LOT-001-C0017,LOT-001,Discrete_Transistor_X,150.0,4.8,elevated,227.50419794442934,220.22640790262213,224.57083631611334,219.91502836263817,False,normal,none,-7.277790041807208,4.344428413491215,-4.6558079534751755,259.6280890549826,79.9810004397555,-0.49653118208064534,219.91502836263817,,
LOT-001-C0018,LOT-001,Discrete_Transistor_X,150.0,4.8,elevated,236.4813490573881,243.04819219288467,243.81398364889407,237.58870082251426,False,normal,none,6.566843135496583,0.7657914560093957,-6.225282826379811,259.6280890549826,79.9810004397555,-0.2755577963677657,237.58870082251426,,
LOT-001-C0019,LOT-001,Discrete_Transistor_X,150.0,4.8,elevated,259.9931212529212,258.8043584487308,251.12100856889742,260.4601095429679,False,normal,none,-1.1887628041903895,-7.683349879833372,9.339100974070504,259.6280890549826,79.9810004397555,0.010402726690222554,260.4601095429679,,
LOT-001-C0020,LOT-001,Discrete_Transistor_X,150.0,4.8,elevated,254.91124472484478,249.92998776307496,572.2763692349744,247.76122835039132,False,measurement_anomaly,low,-4.981256961769816,322.3463814718994,-324.51514088458305,259.6280890549826,79.9810004397555,-0.14837099610337828,247.76122835039132,,
LOT-001-C0021,LOT-001,Discrete_Transistor_X,150.0,4.8,elevated,261.7819254064071,,533.7052098110761,756.1596602034476,True,gradual_degradation,low,,,222.45445039237154,259.6280890549826,79.9810004397555,6.208119033500588,756.1596602034476,,
LOT-001-C0022,LOT-001,Discrete_Transistor_X,150.0,4.8,elevated,254.91000999825553,252.11985377980872,251.43345349851248,242.06669501985724,False,normal,none,-2.7901562184468105,-0.686400281296244,-9.366758478655242,259.6280890549826,79.9810004397555,-0.21956957200545651,242.06669501985724,,
LOT-001-C0023,LOT-001,Discrete_Transistor_X,150.0,4.8,elevated,235.20544469865513,238.113306605993,235.90290932139655,237.4356126257358,False,normal,none,2.9078619073378604,-2.2103972845964392,1.5327033043392646,259.6280890549826,79.9810004397555,-0.2774718534055212,237.4356126257358,,
LOT-001-C0024,LOT-001,Discrete_Transistor_X,150.0,4.8,elevated,240.6787698644546,251.18150210961588,246.2258157215624,257.193545610742,False,normal,none,10.502732245161269,-4.955686388053465,10.967729889179566,259.6280890549826,79.9810004397555,-0.030439022153447386,257.193545610742,,
LOT-001-C0025,LOT-001,Discrete_Transistor_X,150.0,4.8,elevated,238.0495185110198,64.7282382342091,250.26404338532157,246.38861686290727,True,intermittent_anomaly,medium,-173.3212802768107,185.53580515111247,-3.875426522414301,259.6280890549826,79.9810004397555,-0.1655327155109512,246.38861686290727,,
LOT-001-C0026,LOT-001,Discrete_Transistor_X,150.0,4.8,elevated,239.89191918406513,240.98648403774448,251.0610532430765,238.44811126777932,False,normal,none,1.0945648536793442,10.074569205332011,-12.612941975297161,259.6280890549826,79.9810004397555,-0.2648126138801772,238.44811126777932,,
LOT-001-C0027,LOT-001,Discrete_Transistor_X,150.0,4.8,elevated,238.56695180578458,238.11127990984522,241.48546678823095,233.2656073591341,False,normal,none,-0.45567189593936064,3.3741868783857285,-8.219859429096857,259.6280890549826,79.9810004397555,-0.3296093015953912,233.2656073591341,,
LOT-001-C0028,LOT-001,Discrete_Transistor_X,150.0,4.8,elevated,247.84781179375614,234.6609418924508,247.08927480953872,240.78293804399783,False,normal,none,-13.186869901305329,12.428332917087914,-6.306336765540891,259.6280890549826,79.9810004397555,-0.23562034617433397,240.78293804399783,,
LOT-001-C0029,LOT-001,Discrete_Transistor_X,150.0,4.8,elevated,255.8441477103119,258.4789784812717,259.77777998958413,256.5885650921024,False,normal,none,2.6348307709598373,1.2988015083124083,-3.1892148974817474,259.6280890549826,79.9810004397555,-0.038003075057427824,256.5885650921024,,
LOT-001-C0030,LOT-001,Discrete_Transistor_X,150.0,4.8,elevated,238.9042749885791,244.56145476297374,238.54524273451344,240.6336672350794,False,normal,none,5.657179774394649,-6.016212028460302,2.0884245005659636,259.6280890549826,79.9810004397555,-0.2374866745285394,240.6336672350794,,
LOT-001-C0031,LOT-001,Discrete_Transistor_X,150.0,4.8,elevated,273.39013092582667,265.1981051789729,266.2967083606334,263.6423155734921,False,normal,none,-8.192025746853744,1.098603181660451,-2.654392787141262,259.6280890549826,79.9810004397555,0.050189751271405854,263.6423155734921,,
LOT-001-C0032,LOT-001,Discrete_Transistor_X,150.0,4.8,elevated,253.99590773742415,254.20660849928603,244.84655581151537,258.98230967703455,False,normal,none,0.21070076186188658,-9.360052687770661,14.135753865519177,259.6280890549826,79.9810004397555,-0.008074159792918005,258.98230967703455,,
LOT-001-C0033,LOT-001,Discrete_Transistor_X,150.0,4.8,elevated,249.72845834113204,251.2542304389755,250.07454003683034,249.8420185932685,False,normal,none,1.5257720978434577,-1.1796904021451553,-0.23252144356183635,259.6280890549826,79.9810004397555,-0.12235493939695449,249.8420185932685,,
LOT-001-C0034,LOT-001,Discrete_Transistor_X,150.0,4.8,elevated,251.54931306637022,397.66385960987816,254.31645176400323,245.5592245605418,True,intermittent_anomaly,medium,146.11454654350794,-143.34740784587493,-8.75722720346144,259.6280890549826,79.9810004397555,-0.1759025820768265,245.5592245605418,,
LOT-001-C0035,LOT-001,Discrete_Transistor_X,150.0,4.8,elevated,248.4995286889934,241.23289003280382,252.8255151454991,241.86050410929363,False,normal,none,-7.266638656189571,11.592625112695288,-10.965011036205482,259.6280890549826,79.9810004397555,-0.22214757064800808,241.86050410929363,,
LOT-001-C0036,LOT-001,Discrete_Transistor_X,150.0,4.8,elevated,232.96104388969908,233.32971321551503,231.721980802496,239.81520663762248,False,normal,none,0.3686693258159437,-1.607732413019022,8.093225835126475,259.6280890549826,79.9810004397555,-0.2477198623226007,239.81520663762248,,
LOT-001-C0037,LOT-001,Discrete_Transistor_X,150.0,4.8,elevated,249.6203561364822,249.0943112743486,246.59489928364286,248.9210437580773,False,normal,none,-0.5260448621336025,-2.499411990705738,2.326144474434443,259.6280890549826,79.9810004397555,-0.13386985956708805,248.9210437580773,,
LOT-001-C0038,LOT-001,Discrete_Transistor_X,150.0,4.8,elevated,249.0861704735159,749.6785298556673,251.99614210162818,244.1630521450752,False,measurement_anomaly,low,500.5923593821514,-497.68238775403915,-7.833089956552982,259.6280890549826,79.9810004397555,-0.19335888304568272,244.1630521450752,,
LOT-001-C0039,LOT-001,Discrete_Transistor_X,150.0,4.8,elevated,260.95780589501237,271.44509995248393,262.09969411869923,260.11113140198984,False,normal,none,10.487294057471559,-9.345405833784696,-1.9885627167093958,259.6280890549826,79.9810004397555,0.006039463677015399,260.11113140198984,,
LOT-001-C0040,LOT-001,Discrete_Transistor_X,150.0,4.8,elevated,242.694354965248,236.2436120235103,248.58609285595892,247.37177845984627,False,normal,none,-6.450742941737701,12.342480832448615,-1.2143143961126555,259.6280890549826,79.9810004397555,-0.1532402761624393,247.37177845984627,,
LOT-001-C0041,LOT-001,Discrete_Transistor_X,150.0,4.8,elevated,222.31953542543664,237.1608502141727,223.83271852505504,232.31040820398357,False,normal,none,14.84131478873607,-13.328131689117669,8.477689678928527,259.6280890549826,79.9810004397555,-0.34155212739025,232.31040820398357,,
LOT-001-C0042,LOT-001,Discrete_Transistor_X,150.0,4.8,elevated,246.9704279768367,251.89771307455,259.8912955647157,258.9077810789569,False,normal,none,4.927285097713309,7.9935824901656645,-0.9835144857588034,259.6280890549826,79.9810004397555,-0.009005988573102051,258.9077810789569,,
LOT-001-C0043,LOT-001,Discrete_Transistor_X,150.0,4.8,elevated,233.07997178100672,231.42087743218855,234.4460908662248,230.53286784454465,False,normal,none,-1.6590943488181722,3.02521343403626,-3.913223021680153,259.6280890549826,79.9810004397555,-0.363776660087585,230.53286784454465,,
LOT-001-C0044,LOT-001,Discrete_Transistor_X,150.0,4.8,elevated,,248.35859234894357,241.21896181662828,242.0088674230527,False,normal,none,,-7.139630532315294,0.7899056064244121,259.6280890549826,79.9810004397555,-0.22029258867799867,242.0088674230527,,
LOT-001-C0045,LOT-001,Discrete_Transistor_X,150.0,4.8,elevated,250.9856688589833,247.6408617435073,264.16451346986287,254.0769790490752,False,normal,none,-3.3448071154760157,16.52365172635558,-10.087534420787676,259.6280890549826,79.9810004397555,-0.06940535846496045,254.0769790490752,,
LOT-001-C0046,LOT-001,Discrete_Transistor_X,150.0,4.8,elevated,240.3452444532434,58.393758869348154,247.2665341526833,234.47670926651037,True,intermittent_anomaly,medium,-181.95148558389525,188.87277528333516,-12.789824886172937,259.6280890549826,79.9810004397555,-0.31446693152353244,234.47670926651037,,
LOT-001-C0047,LOT-001,Discrete_Transistor_X,150.0,4.8,elevated,245.41160288929134,241.912750393888,247.66080286462255,259.3025224705687,False,normal,none,-3.498852495403355,5.748052470734564,11.64171960594615,259.6280890549826,79.9810004397555,-0.004070549038194461,259.3025224705687,,
LOT-001-C0048,LOT-001,Discrete_Transistor_X,150.0,4.8,elevated,236.8317719287753,257.28815993622914,251.37104043224147,255.73802121713095,False,normal,none,20.456388007453825,-5.917119503987664,4.366980784889478,259.6280890549826,79.9810004397555,-0.04863739908807176,255.73802121713095,,
LOT-001-C0049,LOT-001,Discrete_Transistor_X,150.0,4.8,elevated,250.0629207333685,242.4123603002412,253.01225449660527,238.40368150945685,False,normal,none,-7.650560433127282,10.599894196364062,-14.60857298714842,259.6280890549826,79.9810004397555,-0.2653681177883328,238.40368150945685,,
LOT-001-C0050,LOT-001,Discrete_Transistor_X,150.0,4.8,elevated,261.9463647118163,256.6318947296731,257.0113204004186,251.09772307216844,False,normal,none,-5.31446998214318,0.3794256707454906,-5.913597328250148,259.6280890549826,79.9810004397555,-0.10665490473877627,251.09772307216844,,
LOT-001-C0051,LOT-001,Discrete_Transistor_X,150.0,4.8,elevated,267.56850874635376,272.4780406156971,272.7425912961977,275.2481894541041,False,normal,none,4.909531869343368,0.2645506805005766,2.505598157906377,259.6280890549826,79.9810004397555,0.19529763710429085,275.2481894541041,,
LOT-001-C0052,LOT-001,Discrete_Transistor_X,150.0,4.8,elevated,248.12114363856517,249.1501669141457,243.76100109886022,246.4195617356917,False,normal,none,1.0290232755805278,-5.38916581528548,2.6585606368314814,259.6280890549826,79.9810004397555,-0.16514581271385828,246.4195617356917,,
LOT-001-C0053,LOT-001,Discrete_Transistor_X,150.0,4.8,elevated,290.0060030703789,285.42267384873924,293.985340654583,287.88204635004445,True,lot_relative_anomaly,medium,-4.583329221639644,8.562666805843776,-6.103294304538565,259.6280890549826,79.9810004397555,0.35325836310767,287.88204635004445,,
LOT-001-C0054,LOT-001,Discrete_Transistor_X,150.0,4.8,elevated,240.5200620156565,242.28113420336922,246.1453307166387,241.79066989787566,False,normal,none,1.7610721877127276,3.8641965132694907,-4.354660818763051,259.6280890549826,79.9810004397555,-0.22302070565549742,241.79066989787566,,
LOT-001-C0055,LOT-001,Discrete_Transistor_X,150.0,4.8,elevated,231.3578080536988,242.27560180902393,230.30520288031056,234.21446728768677,False,normal,none,10.917793755325135,-11.970398928713365,3.909264407376213,259.6280890549826,79.9810004397555,-0.31774573495661934,234.21446728768677,,
LOT-001-C0056,LOT-001,Discrete_Transistor_X,150.0,4.8,elevated,241.28473674201476,235.3616734717383,239.78207108403927,246.69409951546209,False,normal,none,-5.923063270276458,4.420397612300974,6.9120284314228115,259.6280890549826,79.9810004397555,-0.16171327525795118,246.69409951546209,,
LOT-001-C0057,LOT-001,Discrete_Transistor_X,150.0,4.8,elevated,246.10564164298086,283.7767501960253,440.61525626001156,569.1775006139278,True,gradual_degradation,low,37.67110855304446,156.83850606398624,128.56224435391624,259.6280890549826,79.9810004397555,3.8702868163309447,569.1775006139278,,
LOT-001-C0058,LOT-001,Discrete_Transistor_X,150.0,4.8,elevated,242.47147248997803,247.1607491872038,249.40085582524858,234.43715790069515,False,normal,none,4.689276697225779,2.2401066380447787,-14.96369792455343,259.6280890549826,79.9810004397555,-0.31496144103951434,234.43715790069515,,
LOT-001-C0059,LOT-001,Discrete_Transistor_X,150.0,4.8,elevated,232.11967174225006,249.63847268908182,233.36544299052494,236.43071876607038,False,normal,none,17.51880094683176,-16.273029698556883,3.0652757755454445,259.6280890549826,79.9810004397555,-0.2900360105696011,236.43071876607038,,
LOT-002-C0000,LOT-002,Discrete_Transistor_X,125.0,5.37,elevated,232.4566247424866,221.00348551779743,221.46567854233032,218.1641366835179,False,normal,none,-11.453139224689181,0.462193024532894,-3.3015418588124135,250.19889876062504,64.06083312705067,-0.5000678341721404,218.1641366835179,,
LOT-002-C0001,LOT-002,Discrete_Transistor_X,125.0,5.37,elevated,221.02969773252497,223.17492073128048,229.06579932682163,226.46895387525404,False,normal,none,2.1452229987555143,5.890878595541153,-2.5968454515675887,250.19889876062504,64.06083312705067,-0.37042829022076307,226.46895387525404,,
LOT-002-C0002,LOT-002,Discrete_Transistor_X,125.0,5.37,elevated,237.8381814386832,240.85744381684745,243.75578208608295,237.36778470700693,False,normal,none,3.0192623781642567,2.898338269235495,-6.387997379076012,250.19889876062504,64.06083312705067,-0.20029577242884739,237.36778470700693,,
LOT-002-C0003,LOT-002,Discrete_Transistor_X,125.0,5.37,elevated,244.65544614626262,236.7184399880144,238.22924322676528,228.69331316707348,False,normal,none,-7.937006158248209,1.5108032387508672,-9.535930059691793,250.19889876062504,64.06083312705067,-0.3357056807378687,228.69331316707348,,
LOT-002-C0004,LOT-002,Discrete_Transistor_X,125.0,5.37,elevated,234.30908798748638,232.27882990069662,226.94614254122232,234.80077754078818,False,normal,none,-2.0302580867897575,-5.332687359474306,7.85463499956586,250.19889876062504,64.06083312705067,-0.24036717083117007,234.80077754078818,,
LOT-002-C0005,LOT-002,Discrete_Transistor_X,125.0,5.37,elevated,236.00899851388377,233.53757316852645,236.97908810071758,231.2885292292961,False,normal,none,-2.471425345357318,3.441514932191126,-5.690558871421473,250.19889876062504,64.06083312705067,-0.2951939368915848,231.2885292292961,,
LOT-002-C0006,LOT-002,Discrete_Transistor_X,125.0,5.37,elevated,195.24541939514478,208.27326851716535,47.83045218036244,197.75468140948547,True,intermittent_anomaly,medium,13.02784912202057,-160.4428163368029,149.92422922912303,250.19889876062504,64.06083312705067,-0.8186627427577772,197.75468140948547,,
LOT-002-C0007,LOT-002,Discrete_Transistor_X,125.0,5.37,elevated,221.14158745320958,213.56908444721117,209.55815279072394,210.7806432313983,False,normal,none,-7.5725030059984135,-4.01093165648723,1.2224904406743633,250.19889876062504,64.06083312705067,-0.6153253650487067,210.7806432313983,,
LOT-002-C0008,LOT-002,Discrete_Transistor_X,125.0,5.37,elevated,206.69995668962378,217.59944274226768,208.98665062037304,209.19835610566838,False,normal,none,10.899486052643908,-8.612792121894643,0.21170548529534017,250.19889876062504,64.06083312705067,-0.6400251238325458,209.19835610566838,,
LOT-002-C0009,LOT-002,Discrete_Transistor_X,125.0,5.37,elevated,340.6953992251417,337.3999542129406,345.2893579588527,343.4074487991043,True,lot_relative_anomaly,medium,-3.295445012201128,7.889403745912091,-1.8819091597483748,250.19889876062504,64.06083312705067,1.4550005906670067,343.4074487991043,,
LOT-002-C0010,LOT-002,Discrete_Transistor_X,125.0,5.37,elevated,218.46979311359965,229.2144286332457,234.47056793682776,230.06090001811654,False,normal,none,10.744635519646039,5.256139303582074,-4.4096679187112215,250.19889876062504,64.06083312705067,-0.31435742808041817,230.06090001811654,,
LOT-002-C0011,LOT-002,Discrete_Transistor_X,125.0,5.37,elevated,216.4391950254758,224.36429232612304,224.53450481195657,222.60000102291352,False,normal,none,7.925097300647224,0.170212485833531,-1.934503789043049,250.19889876062504,64.06083312705067,-0.43082327204479437,222.60000102291352,,
LOT-002-C0012,LOT-002,Discrete_Transistor_X,125.0,5.37,elevated,230.5777003353324,231.2734145892442,223.34734419718237,234.4961473751915,False,normal,none,0.6957142539118024,-7.926070392061831,11.148803178009132,250.19889876062504,64.06083312705067,-0.24512249714721265,234.4961473751915,,
LOT-002-C0013,LOT-002,Discrete_Transistor_X,125.0,5.37,elevated,220.32794455922587,219.93638904302867,217.14728136276656,223.66841049478367,False,normal,none,-0.39155551619720086,-2.7891076802621058,6.5211291320171085,250.19889876062504,64.06083312705067,-0.4141452268225101,223.66841049478367,,
LOT-002-C0014,LOT-002,Discrete_Transistor_X,125.0,5.37,elevated,229.178206029012,225.05603231402253,233.57283304827843,223.59973454836415,False,normal,none,-4.122173714989458,8.516800734255895,-9.973098499914272,250.19889876062504,64.06083312705067,-0.4152172694898809,223.59973454836415,,
LOT-002-C0015,LOT-002,Discrete_Transistor_X,125.0,5.37,elevated,229.24650160330415,234.2337221874829,222.33909338430564,220.16589152655462,False,normal,none,4.987220584178743,-11.894628803177255,-2.1732018577510246,250.19889876062504,64.06083312705067,-0.4688201162558488,220.16589152655462,,
LOT-002-C0016,LOT-002,Discrete_Transistor_X,125.0,5.37,elevated,221.8235995784402,221.96116653559613,217.9961151107828,214.01056468937009,False,normal,none,0.13756695715593992,-3.965051424813339,-3.985550421412711,250.19889876062504,64.06083312705067,-0.5649057669837559,214.01056468937009,,
LOT-002-C0017,LOT-002,Discrete_Transistor_X,125.0,5.37,elevated,232.4340338531256,234.83541724994654,231.33816140685144,231.32695778200616,False,normal,none,2.4013833968209326,-3.497255843095104,-0.011203624845279592,250.19889876062504,64.06083312705067,-0.2945940609481383,231.32695778200616,,
LOT-002-C0018,LOT-002,Discrete_Transistor_X,125.0,5.37,elevated,219.62394639118756,225.51738666469493,225.46348707581504,217.15016808927336,False,normal,none,5.893440273507366,-0.05389958887988655,-8.313318986541674,250.19889876062504,64.06083312705067,-0.5158960484607925,217.15016808927336,,
LOT-002-C0019,LOT-002,Discrete_Transistor_X,125.0,5.37,elevated,225.70427606694076,229.11851484664788,225.98581670438247,229.53150992947883,False,normal,none,3.4142387797071194,-3.1326981422654114,3.5456932250963575,250.19889876062504,64.06083312705067,-0.3226212932659955,229.53150992947883,,
LOT-002-C0020,LOT-002,Discrete_Transistor_X,125.0,5.37,elevated,228.6096773627647,236.93541369878437,226.17678921661485,227.1361773987792,False,normal,none,8.325736336019673,-10.758624482169523,0.9593881821643606,250.19889876062504,64.06083312705067,-0.3600128227509305,227.1361773987792,,
LOT-002-C0021,LOT-002,Discrete_Transistor_X,125.0,5.37,elevated,304.08170271854226,301.0833331826518,296.09637746621155,301.9116723151052,True,lot_relative_anomaly,medium,-2.998369535890447,-4.986955716440264,5.815294848893643,250.19889876062504,64.06083312705067,0.8072447864035605,301.9116723151052,,
LOT-002-C0022,LOT-002,Discrete_Transistor_X,125.0,5.37,elevated,235.98144627835416,230.78354373635293,234.50919125292785,237.07901533057142,False,normal,none,-5.197902542001231,3.7256475165749237,2.569824077643574,250.19889876062504,64.06083312705067,-0.20480350925241944,237.07901533057142,,
LOT-002-C0023,LOT-002,Discrete_Transistor_X,125.0,5.37,elevated,224.29438135541537,233.1596957621752,226.7187825606871,228.49137694754236,False,normal,none,8.865314406759836,-6.440913201488115,1.7725943868552747,250.19889876062504,64.06083312705067,-0.3388579378921056,228.49137694754236,,
LOT-002-C0024,LOT-002,Discrete_Transistor_X,125.0,5.37,elevated,228.83120789382508,230.09295838428716,227.57614304922936,238.4749793040788,False,normal,none,1.2617504904620773,-2.5168153350577995,10.898836254849442,250.19889876062504,64.06083312705067,-0.18301228510866238,238.4749793040788,,
LOT-002-C0025,LOT-002,Discrete_Transistor_X,125.0,5.37,elevated,212.853209980169,208.53909445017422,214.6206069963669,212.71796905865048,False,normal,none,-4.31411552999478,6.08151254619267,-1.9026379377164062,250.19889876062504,64.06083312705067,-0.5850833945234418,212.71796905865048,,
LOT-002-C0026,LOT-002,Discrete_Transistor_X,125.0,5.37,elevated,250.40908250292372,248.3182098383395,245.84738770530322,256.79484860119237,False,normal,none,-2.090872664584225,-2.470822133036279,10.94746089588915,250.19889876062504,64.06083312705067,0.102963847308787,256.79484860119237,,
LOT-002-C0027,LOT-002,Discrete_Transistor_X,125.0,5.37,elevated,229.26518226192226,225.24944368971154,226.38041777615476,228.0500659590136,False,normal,none,-4.015738572210722,1.1309740864432172,1.6696481828588503,250.19889876062504,64.06083312705067,-0.34574687403275045,228.0500659590136,,
LOT-002-C0028,LOT-002,Discrete_Transistor_X,125.0,5.37,elevated,230.3658306851613,232.20032975264178,234.09897435810547,222.66741798735615,False,normal,none,1.8344990674804649,1.8986446054636872,-11.43155637074932,250.19889876062504,64.06083312705067,-0.42977088229037264,222.66741798735615,,
LOT-002-C0029,LOT-002,Discrete_Transistor_X,125.0,5.37,elevated,216.9130122552271,213.10173752213507,442.60611160242337,454.68000251636107,True,sudden_failure,critical,-3.8112747330920342,229.5043740802883,12.073890913937703,250.19889876062504,64.06083312705067,3.1919832099309797,454.68000251636107,,
LOT-002-C0030,LOT-002,Discrete_Transistor_X,125.0,5.37,elevated,228.66679918557924,232.45642730343013,233.32926668107433,228.89428513203632,False,normal,none,3.7896281178508957,0.8728393776441976,-4.434981549038014,250.19889876062504,64.06083312705067,-0.33256847575390847,228.89428513203632,,
LOT-002-C0031,LOT-002,Discrete_Transistor_X,125.0,5.37,elevated,238.71857654615746,244.09691431561646,232.48141997575607,236.46970929185977,False,normal,none,5.378337769458994,-11.61549433986039,3.988289316103703,250.19889876062504,64.06083312705067,-0.214314875386282,236.46970929185977,,
LOT-002-C0032,LOT-002,Discrete_Transistor_X,125.0,5.37,elevated,237.92134256670383,263.510731476204,327.59239955032524,420.5462812387273,True,gradual_degradation,low,25.589388909500173,64.08166807412124,92.95388168840208,250.19889876062504,64.06083312705067,2.6591502820491804,420.5462812387273,,
LOT-002-C0033,LOT-002,Discrete_Transistor_X,125.0,5.37,elevated,230.17623586428115,,237.92760709151267,,False,missing_invalid,unknown,,,,250.19889876062504,64.06083312705067,,,,
LOT-002-C0034,LOT-002,Discrete_Transistor_X,125.0,5.37,elevated,233.9008769296017,241.38992679853868,235.67998047167083,224.12553241396617,False,normal,none,7.4890498689369736,-5.7099463268678505,-11.554448057704661,250.19889876062504,64.06083312705067,-0.407009479488786,224.12553241396617,,
LOT-002-C0035,LOT-002,Discrete_Transistor_X,125.0,5.37,elevated,239.95140776431924,240.90230547351598,238.42491725968824,228.9870972785384,False,normal,none,0.9508977091967381,-2.477388213827737,-9.43781998114983,250.19889876062504,64.06083312705067,-0.3311196630867671,228.9870972785384,,
LOT-002-C0036,LOT-002,Discrete_Transistor_X,125.0,5.37,elevated,237.13007115769645,231.25019657233494,233.8594430280754,233.45238687408903,False,normal,none,-5.879874585361506,2.609246455740447,-0.4070561539863604,250.19889876062504,64.06083312705067,-0.26141576793612664,233.45238687408903,,
LOT-002-C0037,LOT-002,Discrete_Transistor_X,125.0,5.37,elevated,236.99199216399097,224.91950303722996,242.29529763152726,234.49679356717857,False,normal,none,-12.072489126761013,17.375794594297304,-7.798504064348691,250.19889876062504,64.06083312705067,-0.24511240998543954,234.49679356717857,,
LOT-002-C0038,LOT-002,Discrete_Transistor_X,125.0,5.37,elevated,233.9607496825404,233.077927106761,237.95295815992029,230.80825008379514,False,normal,none,-0.8828225757794144,4.87503105315929,-7.144708076125141,250.19889876062504,64.06083312705067,-0.30269117228576753,230.80825008379514,,
LOT-002-C0039,LOT-002,Discrete_Transistor_X,125.0,5.37,elevated,227.5393361068318,229.64095573695528,710.2932403803347,219.65188605678716,False,measurement_anomaly,low,2.10161963012348,480.65228464337946,-490.6413543235476,250.19889876062504,64.06083312705067,-0.4768438250444628,219.65188605678716,,
LOT-002-C0040,LOT-002,Discrete_Transistor_X,125.0,5.37,elevated,242.06732302366106,566.0836175284935,247.90413948864608,240.49871973918647,False,measurement_anomaly,low,324.01629450483244,-318.1794780398474,-7.405419749459611,250.19889876062504,64.06083312705067,-0.15142136853263188,240.49871973918647,,
LOT-002-C0041,LOT-002,Discrete_Transistor_X,125.0,5.37,elevated,207.60839372063631,211.6067910413254,201.95350633266398,206.1327099705997,False,normal,none,3.9983973206890937,-9.653284708661431,4.1792036379357285,250.19889876062504,64.06083312705067,-0.6878803574507012,206.1327099705997,,
LOT-002-C0042,LOT-002,Discrete_Transistor_X,125.0,5.37,elevated,241.80854545677983,234.6699118664273,233.86569063899458,236.11709791740725,False,normal,none,-7.138633590352526,-0.8042212274327198,2.251407278412671,250.19889876062504,64.06083312705067,-0.21981919615827686,236.11709791740725,,
LOT-002-C0043,LOT-002,Discrete_Transistor_X,125.0,5.37,elevated,235.65261602119367,267.8409649349187,360.9856144272736,476.76548119424393,True,gradual_degradation,low,32.18834891372504,93.14464949235492,115.77986676697031,250.19889876062504,64.06083312705067,3.536741115812115,476.76548119424393,,
LOT-002-C0044,LOT-002,Discrete_Transistor_X,125.0,5.37,elevated,311.8765966642795,294.69079461847264,297.0441636732731,306.33501526418087,True,lot_relative_anomaly,medium,-17.185802045806838,2.353369054800453,9.290851590907778,250.19889876062504,64.06083312705067,0.8762938875962181,306.33501526418087,,
LOT-002-C0045,LOT-002,Discrete_Transistor_X,125.0,5.37,elevated,254.7001897533883,244.47588592883326,251.43929079133738,248.57132255596954,False,normal,none,-10.224303824555022,6.96340486250412,-2.86796823536784,250.19889876062504,64.06083312705067,-0.02540672865473909,248.57132255596954,,
LOT-002-C0046,LOT-002,Discrete_Transistor_X,125.0,5.37,elevated,228.51813462644077,236.4026749624326,236.82345102520117,245.55727125037808,False,normal,none,7.884540335991829,0.42077606276856727,8.733820225176913,250.19889876062504,64.06083312705067,-0.07245655861267536,245.55727125037808,,
LOT-002-C0047,LOT-002,Discrete_Transistor_X,125.0,5.37,elevated,227.3660971258838,239.14919604461633,295.4553375654161,353.26034114464,True,gradual_degradation,low,11.78309891873252,56.30614152079974,57.80500357922392,250.19889876062504,64.06083312705067,1.6088058389689546,353.26034114464,,
LOT-002-C0048,LOT-002,Discrete_Transistor_X,125.0,5.37,elevated,214.27792315029987,215.6295131976306,222.50028859985352,219.16978113599126,False,normal,none,1.351590047330717,6.870775402222932,-3.3305074638622614,250.19889876062504,64.06083312705067,-0.4843695610872607,219.16978113599126,,
LOT-002-C0049,LOT-002,Discrete_Transistor_X,125.0,5.37,elevated,238.16618118055936,233.30189661287503,241.65401138748456,229.21935618927597,False,normal,none,-4.8642845676843365,8.352114774609532,-12.434655198208588,250.19889876062504,64.06083312705067,-0.32749406380245993,229.21935618927597,,
LOT-002-C0050,LOT-002,Discrete_Transistor_X,125.0,5.37,elevated,529.4204640368542,228.78494070774843,237.39171387156543,243.18512725545395,False,measurement_anomaly,low,-300.6355233291058,8.606773163816996,5.79341338388852,250.19889876062504,64.06083312705067,-0.10948611129144713,243.18512725545395,,
LOT-002-C0051,LOT-002,Discrete_Transistor_X,125.0,5.37,elevated,236.80104752161668,240.0944662056362,728.528216547354,234.1733158538843,False,measurement_anomaly,low,3.293418684019514,488.43375034171777,-494.35490069346963,250.19889876062504,64.06083312705067,-0.2501619495793552,234.1733158538843,,
LOT-002-C0052,LOT-002,Discrete_Transistor_X,125.0,5.37,elevated,230.91624393936186,226.96219587732105,216.78603585396465,491.88738609183713,True,sudden_failure,critical,-3.954048062040812,-10.176160023356402,275.10135023787245,250.19889876062504,64.06083312705067,3.77279650503258,491.88738609183713,,
LOT-002-C0053,LOT-002,Discrete_Transistor_X,125.0,5.37,elevated,219.69945482532248,213.14637406609415,220.38475960541098,217.53255266228308,False,normal,none,-6.5530807592283224,7.238385539316823,-2.8522069431278965,250.19889876062504,64.06083312705067,-0.5099269632281459,217.53255266228308,,
LOT-002-C0054,LOT-002,Discrete_Transistor_X,125.0,5.37,elevated,223.4889076958875,222.07916402688537,219.27714351736293,224.59468763257877,False,normal,none,-1.4097436690021254,-2.8020205095224355,5.3175441152158385,250.19889876062504,64.06083312705067,-0.3996858903983642,224.59468763257877,,
LOT-002-C0055,LOT-002,Discrete_Transistor_X,125.0,5.37,elevated,205.75881989789482,215.29471350729415,211.93963889043536,204.3294401063159,False,normal,none,9.535893609399324,-3.3550746168587864,-7.610198784119461,250.19889876062504,64.06083312705067,-0.7160296926413224,204.3294401063159,,
LOT-002-C0056,LOT-002,Discrete_Transistor_X,125.0,5.37,elevated,232.06979919807173,234.34299054076894,224.64805438706185,234.61552295604176,False,normal,none,2.273191342697203,-9.69493615370709,9.96746856897991,250.19889876062504,64.06083312705067,-0.24325902495955776,234.61552295604176,,
LOT-002-C0057,LOT-002,Discrete_Transistor_X,125.0,5.37,elevated,235.6839844687368,224.2913836790196,232.58201226659713,228.63683995317484,False,normal,none,-11.392600789717221,8.290628587577544,-3.9451723134222902,250.19889876062504,64.06083312705067,-0.3365872367705016,228.63683995317484,,
LOT-002-C0058,LOT-002,Discrete_Transistor_X,125.0,5.37,elevated,245.64500130561535,247.29033305587078,235.38338245318585,240.7526803700053,False,normal,none,1.6453317502554228,-11.90695060268493,5.369297916819448,250.19889876062504,64.06083312705067,-0.14745700187640765,240.7526803700053,,
LOT-002-C0059,LOT-002,Discrete_Transistor_X,125.0,5.37,elevated,221.75236456709962,221.26366211733017,224.99666040770367,230.42972005315485,False,normal,none,-0.4887024497694483,3.7329982903735015,5.433059645451181,250.19889876062504,64.06083312705067,-0.30860008748656675,230.42972005315485,,
LOT-003-C0000,LOT-003,Discrete_Transistor_X,100.0,4.95,elevated,266.274116769753,261.1955574391362,249.21499579616932,261.0113911224297,False,normal,none,-5.07855933061677,-11.980561642966904,11.796395326260381,278.88507901105066,81.63828553912825,-0.21893757041301803,261.0113911224297,,
LOT-003-C0001,LOT-003,Discrete_Transistor_X,100.0,4.95,elevated,221.3409009500857,223.0606477616186,224.0315821484033,229.35042864845508,False,normal,none,1.7197468115329002,0.9709343867846769,5.318846500051791,278.88507901105066,81.63828553912825,-0.6067576019691671,229.35042864845508,,
LOT-003-C0002,LOT-003,Discrete_Transistor_X,100.0,4.95,elevated,249.9397105784018,251.0142777629181,246.86567227236415,244.146298047717,False,normal,none,1.0745671845163258,-4.148605490553962,-2.71937422464714,278.88507901105066,81.63828553912825,-0.4255207067850999,244.146298047717,,
LOT-003-C0003,LOT-003,Discrete_Transistor_X,100.0,4.95,elevated,244.46898441642318,244.64555113024187,244.03887989157525,248.202197525042,False,normal,none,0.17656671381868705,-0.6066712386666211,4.163317633466761,278.88507901105066,81.63828553912825,-0.37583936609377616,248.202197525042,,
LOT-003-C0004,LOT-003,Discrete_Transistor_X,100.0,4.95,elevated,244.05413315096408,257.8517797774774,311.7235900440052,376.3308043243079,True,gradual_degradation,low,13.797646626513341,53.8718102665278,64.60721428030268,278.88507901105066,81.63828553912825,1.1936277773319073,376.3308043243079,,
LOT-003-C0005,LOT-003,Discrete_Transistor_X,100.0,4.95,elevated,251.40621052874693,245.9989412792824,234.58534346177055,241.57623622174054,False,normal,none,-5.40726924946452,-11.413597817511857,6.990892759969995,278.88507901105066,81.63828553912825,-0.4570017920259783,241.57623622174054,,
LOT-003-C0006,LOT-003,Discrete_Transistor_X,100.0,4.95,elevated,252.18769127230806,245.83462304192193,255.21398258258913,260.4345193736058,False,normal,none,-6.353068230386128,9.379359540667195,5.220536791016656,278.88507901105066,81.63828553912825,-0.22600376178406822,260.4345193736058,,
LOT-003-C0007,LOT-003,Discrete_Transistor_X,100.0,4.95,elevated,244.60664415230562,270.28231030521266,340.3928611942275,391.4043505588866,True,gradual_degradation,low,25.67566615290704,70.11055088901486,51.0114893646591,278.88507901105066,81.63828553912825,1.3782659790657512,391.4043505588866,,
LOT-003-C0008,LOT-003,Discrete_Transistor_X,100.0,4.95,elevated,254.6550833545149,269.2192053619505,325.84015449052174,380.0029917960052,True,gradual_degradation,low,14.564122007435628,56.620949128571226,54.162837305483436,278.88507901105066,81.63828553912825,1.2386089702544025,380.0029917960052,,
LOT-003-C0009,LOT-003,Discrete_Transistor_X,100.0,4.95,elevated,237.31314140578195,235.4800031744467,235.43920751781323,235.8715280289814,False,normal,none,-1.8331382313352549,-0.040795656633463295,0.4323205111681716,278.88507901105066,81.63828553912825,-0.5268796459652915,235.8715280289814,,
LOT-003-C0010,LOT-003,Discrete_Transistor_X,100.0,4.95,elevated,234.97998556354378,239.69489749286683,234.40052829482718,236.61954048188343,False,normal,none,4.714911929323051,-5.294369198039647,2.2190121870562507,278.88507901105066,81.63828553912825,-0.5177171256114861,236.61954048188343,,
LOT-003-C0011,LOT-003,Discrete_Transistor_X,100.0,4.95,elevated,,243.25502694885654,243.1831928383293,241.6261958915651,False,normal,none,,-0.07183411052724864,-1.556996946764201,278.88507901105066,81.63828553912825,-0.456389828294812,241.6261958915651,,
LOT-003-C0012,LOT-003,Discrete_Transistor_X,100.0,4.95,elevated,247.01462585866278,251.09955192674545,250.6947903105873,261.0659620676979,False,normal,none,4.084926068082666,-0.4047616161581402,10.371171757110602,278.88507901105066,81.63828553912825,-0.2182691224549573,261.0659620676979,,
LOT-003-C0013,LOT-003,Discrete_Transistor_X,100.0,4.95,elevated,257.4449240198183,255.0348516802003,260.3224938123771,254.54072626576232,False,normal,none,-2.4100723396180115,5.2876421321768134,-5.7817675466147875,278.88507901105066,81.63828553912825,-0.2981977461251363,254.54072626576232,,
LOT-003-C0014,LOT-003,Discrete_Transistor_X,100.0,4.95,elevated,241.5927490655575,235.82840049695557,242.8769903285134,,False,normal,none,-5.764348568601946,7.04858983155782,,278.88507901105066,81.63828553912825,,,,
LOT-003-C0015,LOT-003,Discrete_Transistor_X,100.0,4.95,elevated,241.2614575998034,259.40463304791797,238.07951937739594,237.6998164257159,False,normal,none,18.14317544811456,-21.32511367052203,-0.37970295168003076,278.88507901105066,81.63828553912825,-0.5044846583113893,237.6998164257159,,
LOT-003-C0016,LOT-003,Discrete_Transistor_X,100.0,4.95,elevated,216.1506844223286,219.60644226412379,221.87259717806285,220.6316618184196,False,normal,none,3.45575784179519,2.2661549139390615,-1.2409353596432595,278.88507901105066,81.63828553912825,-0.7135551268370391,220.6316618184196,,
LOT-003-C0017,LOT-003,Discrete_Transistor_X,100.0,4.95,elevated,356.98768118131807,366.0916587812833,362.04396223503676,357.66353843768667,True,lot_relative_anomaly,medium,9.10397759996522,-4.047696546246527,-4.38042379735009,278.88507901105066,81.63828553912825,0.9649695471480527,357.66353843768667,,
LOT-003-C0018,LOT-003,Discrete_Transistor_X,100.0,4.95,elevated,233.86795812233467,234.08081861436114,235.20936283658003,241.12536615050993,False,normal,none,0.21286049202646495,1.128544222218892,5.916003313929906,278.88507901105066,81.63828553912825,-0.46252456933876884,241.12536615050993,,
LOT-003-C0019,LOT-003,Discrete_Transistor_X,100.0,4.95,elevated,265.1471241999125,276.1960103670915,335.56159968797164,504.6900139814565,True,accelerating_degradation,medium,11.048886167178978,59.36558932088013,169.12841429348487,278.88507901105066,81.63828553912825,2.765919610869097,504.6900139814565,,
LOT-003-C0020,LOT-003,Discrete_Transistor_X,100.0,4.95,elevated,230.10607327628,227.63037653551822,235.73414322813068,643.369969487007,False,measurement_anomaly,low,-2.4756967407617765,8.103766692612453,407.6358262588763,278.88507901105066,81.63828553912825,4.4646318583119085,643.369969487007,,
LOT-003-C0021,LOT-003,Discrete_Transistor_X,100.0,4.95,elevated,266.889889551995,267.48452824942217,316.4721404514388,462.2030670531746,True,accelerating_degradation,medium,0.5946386974271718,48.987612202016635,145.7309266017358,278.88507901105066,81.63828553912825,2.245490419495175,462.2030670531746,,
LOT-003-C0022,LOT-003,Discrete_Transistor_X,100.0,4.95,elevated,239.5007757221423,240.6130879435572,246.74994836971592,254.33042665233296,False,normal,none,1.1123122214148964,6.136860426158734,7.580478282617037,278.88507901105066,81.63828553912825,-0.30077373865168877,254.33042665233296,,
LOT-003-C0023,LOT-003,Discrete_Transistor_X,100.0,4.95,elevated,240.2580917457377,261.77571667061454,,378.6845400106638,True,gradual_degradation,low,21.517624924876856,,,278.88507901105066,81.63828553912825,1.2224590501938022,378.6845400106638,,
LOT-003-C0024,LOT-003,Discrete_Transistor_X,100.0,4.95,elevated,239.75370939332288,242.53932503025212,240.26652271212564,254.6646939497686,False,normal,none,2.7856156369292364,-2.2728023181264803,14.39817123764297,278.88507901105066,81.63828553912825,-0.29667924676925655,254.6646939497686,,
LOT-003-C0025,LOT-003,Discrete_Transistor_X,100.0,4.95,elevated,237.63781566618474,234.34977443705668,240.05336244451976,232.36587655777726,False,normal,none,-3.288041229128055,5.7035880074630825,-7.6874858867425075,278.88507901105066,81.63828553912825,-0.5698209136322113,232.36587655777726,,
LOT-003-C0026,LOT-003,Discrete_Transistor_X,100.0,4.95,elevated,274.667300837862,276.7421736104929,342.85371109072514,425.14956596332576,True,accelerating_degradation,medium,2.074872772630897,66.11153748023224,82.29585487260061,278.88507901105066,81.63828553912825,1.7916163474816271,425.14956596332576,,
LOT-003-C0027,LOT-003,Discrete_Transistor_X,100.0,4.95,elevated,242.6007444294642,248.5484880013149,240.72035390421095,240.10622598921034,False,normal,none,5.94774357185068,-7.828134097103941,-0.6141279150006085,278.88507901105066,81.63828553912825,-0.4750081749726858,240.10622598921034,,
LOT-003-C0028,LOT-003,Discrete_Transistor_X,100.0,4.95,elevated,223.3544398964296,225.19096555909627,228.71932555359265,218.77909489913668,False,normal,none,1.8365256626666735,3.528359994496384,-9.940230654455974,278.88507901105066,81.63828553912825,-0.7362475058727919,218.77909489913668,,
LOT-003-C0029,LOT-003,Discrete_Transistor_X,100.0,4.95,elevated,232.2041690445991,229.51409742246182,233.41418976676079,239.73936175461347,False,normal,none,-2.690071622137282,3.900092344298969,6.325171987852684,278.88507901105066,81.63828553912825,-0.47950195178553967,239.73936175461347,,
LOT-003-C0030,LOT-003,Discrete_Transistor_X,100.0,4.95,elevated,243.01132338731318,255.34366984727748,290.07286224649033,319.44059325742745,True,gradual_degradation,low,12.332346459964299,34.72919239921285,29.36773101093712,278.88507901105066,81.63828553912825,0.4967707734006616,319.44059325742745,,
LOT-003-C0031,LOT-003,Discrete_Transistor_X,100.0,4.95,elevated,238.43161823344215,233.5362695974134,243.61532853821345,232.70915554874503,False,normal,none,-4.895348636028757,10.079058940800053,-10.906172989468416,278.88507901105066,81.63828553912825,-0.5656160361203821,232.70915554874503,,
LOT-003-C0032,LOT-003,Discrete_Transistor_X,100.0,4.95,elevated,268.66672687341884,271.99728291835186,260.88677512026936,264.13984964338414,False,normal,none,3.3305560449330187,-11.110507798082494,3.253074523114776,278.88507901105066,81.63828553912825,-0.18061659759622603,264.13984964338414,,
LOT-003-C0033,LOT-003,Discrete_Transistor_X,100.0,4.95,elevated,231.08617349604813,231.32712935217643,392.48171733435913,377.776534777372,True,sudden_failure,critical,0.24095585612829495,161.1545879821827,-14.705182556987154,278.88507901105066,81.63828553912825,1.2113367535005843,377.776534777372,,
LOT-003-C0034,LOT-003,Discrete_Transistor_X,100.0,4.95,elevated,244.71015535669346,234.6949230169657,248.74785210479834,241.12956101232328,False,normal,none,-10.01523233972776,14.052929087832638,-7.6182910924750615,278.88507901105066,81.63828553912825,-0.4624731858269074,241.12956101232328,,
LOT-003-C0035,LOT-003,Discrete_Transistor_X,100.0,4.95,elevated,239.50115657927884,245.16094432899186,250.04396752636498,251.0241344647373,False,normal,none,5.6597877497130185,4.88302319737312,0.9801669383723208,278.88507901105066,81.63828553912825,-0.3412730235859736,251.0241344647373,,
LOT-003-C0036,LOT-003,Discrete_Transistor_X,100.0,4.95,elevated,245.353655845943,243.74967228392214,242.530213840481,244.18234830937024,False,normal,none,-1.6039835620208578,-1.219458443441141,1.652134468889244,278.88507901105066,81.63828553912825,-0.4250791215482817,244.18234830937024,,
LOT-003-C0037,LOT-003,Discrete_Transistor_X,100.0,4.95,elevated,177.70443042544377,175.46586646991165,179.56781568788708,173.04837884881468,True,lot_relative_anomaly,medium,-2.238563955532129,4.101949217975431,-6.519436839072398,278.88507901105066,81.63828553912825,-1.2964101274702753,173.04837884881468,,
LOT-003-C0038,LOT-003,Discrete_Transistor_X,100.0,4.95,elevated,241.6820067794365,242.4383139778654,236.66943105237291,244.3606992089044,False,normal,none,0.7563071984288854,-5.768882925492477,7.691268156531493,278.88507901105066,81.63828553912825,-0.4228944737649976,244.3606992089044,,
LOT-003-C0039,LOT-003,Discrete_Transistor_X,100.0,4.95,elevated,243.17010416049916,243.24322390648882,236.8633748006699,241.99084565724877,False,normal,none,0.07311974598965776,-6.37984910581892,5.127470856578867,278.88507901105066,81.63828553912825,-0.4519231768545523,241.99084565724877,,
LOT-003-C0040,LOT-003,Discrete_Transistor_X,100.0,4.95,elevated,246.267149830422,260.424307335394,256.94223068772243,259.84757580885156,False,normal,none,14.15715750497202,-3.4820766476715903,2.9053451211291303,278.88507901105066,81.63828553912825,-0.23319332438791426,259.84757580885156,,
LOT-003-C0041,LOT-003,Discrete_Transistor_X,100.0,4.95,elevated,244.79610925046052,248.93757889133212,285.9771288004694,348.70824531679506,True,accelerating_degradation,medium,4.141469640871605,37.03954990913729,62.73111651632564,278.88507901105066,81.63828553912825,0.8552747751210306,348.70824531679506,,
LOT-003-C0042,LOT-003,Discrete_Transistor_X,100.0,4.95,elevated,241.7209478130954,240.0252705226638,248.30733946703873,241.917020041293,False,normal,none,-1.695677290431604,8.282068944374942,-6.39031942574573,278.88507901105066,81.63828553912825,-0.4528274782551542,241.917020041293,,
LOT-003-C0043,LOT-003,Discrete_Transistor_X,100.0,4.95,elevated,251.51602068483024,242.5393361650198,252.68395029644162,249.91056547529544,False,normal,none,-8.976684519810448,10.144614131421832,-2.7733848211461805,278.88507901105066,81.63828553912825,-0.35491330255665504,249.91056547529544,,
LOT-003-C0044,LOT-003,Discrete_Transistor_X,100.0,4.95,elevated,639.8466322787699,260.40089024250545,248.37160551460653,253.70354297657653,False,measurement_anomaly,low,-379.44574203626445,-12.029284727898926,5.33193746197,278.88507901105066,81.63828553912825,-0.308452533859312,253.70354297657653,,
LOT-003-C0045,LOT-003,Discrete_Transistor_X,100.0,4.95,elevated,255.90163073153263,246.602440628478,252.86726229331947,251.99430784654513,False,normal,none,-9.299190103054627,6.264821664841463,-0.8729544467743438,278.88507901105066,81.63828553912825,-0.32938921961580286,251.99430784654513,,
LOT-003-C0046,LOT-003,Discrete_Transistor_X,100.0,4.95,elevated,257.8132791089337,251.91774289041675,255.4995657692985,249.42595319109762,False,normal,none,-5.89553621851698,3.581822878881752,-6.07361257820088,278.88507901105066,81.63828553912825,-0.36084939346054296,249.42595319109762,,
LOT-003-C0047,LOT-003,Discrete_Transistor_X,100.0,4.95,elevated,221.05054645294544,234.86014676998363,233.22989574421504,231.12977336445977,False,normal,none,13.80960031703819,-1.6302510257685867,-2.100122379755277,278.88507901105066,81.63828553912825,-0.5849621330386998,231.12977336445977,,
LOT-003-C0048,LOT-003,Discrete_Transistor_X,100.0,4.95,elevated,230.44514434870953,224.64482538076055,255.88894582184415,282.92135015010973,True,gradual_degradation,low,-5.800318967948982,31.244120441083595,27.032404328265585,278.88507901105066,81.63828553912825,0.04944091013675846,282.92135015010973,,
LOT-003-C0049,LOT-003,Discrete_Transistor_X,100.0,4.95,elevated,232.81950994127374,235.7149354212606,238.8235590893876,234.87013057039746,False,normal,none,2.8954254799868693,3.108623668126995,-3.953428518990137,278.88507901105066,81.63828553912825,-0.5391459184864602,234.87013057039746,,
LOT-003-C0050,LOT-003,Discrete_Transistor_X,100.0,4.95,elevated,247.76932197682072,248.0600679525818,258.76688182650275,247.74942879086498,False,normal,none,0.29074597576106953,10.706813873920964,-11.017453035637772,278.88507901105066,81.63828553912825,-0.38138540042297603,247.74942879086498,,
LOT-003-C0051,LOT-003,Discrete_Transistor_X,100.0,4.95,elevated,243.82625657887274,238.78866119269676,236.45125238765007,245.90252457802802,False,normal,none,-5.03759538617598,-2.3374088050466924,9.45127219037795,278.88507901105066,81.63828553912825,-0.4040084160906895,245.90252457802802,,
LOT-003-C0052,LOT-003,Discrete_Transistor_X,100.0,4.95,elevated,249.1255832102279,251.4227647087388,253.28175626211285,253.0584079203493,False,normal,none,2.2971814985109233,1.8589915533740395,-0.2233483417635398,278.88507901105066,81.63828553912825,-0.316354893052267,253.0584079203493,,
LOT-003-C0053,LOT-003,Discrete_Transistor_X,100.0,4.95,elevated,245.7716031272736,249.43356095506007,243.86511581082513,232.81325672047385,False,normal,none,3.661957827786466,-5.568445144234943,-11.051859090351286,278.88507901105066,81.63828553912825,-0.5643408847494127,232.81325672047385,,
LOT-003-C0054,LOT-003,Discrete_Transistor_X,100.0,4.95,elevated,233.74523861025583,222.9227672298881,,233.20896177071646,False,normal,none,-10.822471380367716,,,278.88507901105066,81.63828553912825,-0.5594938323201581,233.20896177071646,,
LOT-003-C0055,LOT-003,Discrete_Transistor_X,100.0,4.95,elevated,244.1537421446839,247.39377264752557,245.56711527378965,,False,normal,none,3.2400305028416767,-1.8266573737359124,,278.88507901105066,81.63828553912825,,,,
LOT-003-C0056,LOT-003,Discrete_Transistor_X,100.0,4.95,elevated,236.9184603405592,233.6506768968343,236.9238191607209,,True,sudden_failure,critical,-3.2677834437248805,3.273142263886598,,278.88507901105066,81.63828553912825,,,,
LOT-003-C0057,LOT-003,Discrete_Transistor_X,100.0,4.95,elevated,242.96386684407855,239.3615470719161,242.84177551698522,241.2283869695537,False,normal,none,-3.6023197721624456,3.480228445069116,-1.6133885474315264,278.88507901105066,81.63828553912825,-0.4612626513751145,241.2283869695537,,
LOT-003-C0058,LOT-003,Discrete_Transistor_X,100.0,4.95,elevated,231.05391135704707,219.69657591698902,221.4581234666446,229.8574575666254,False,normal,none,-11.357335440058051,1.7615475496555746,8.39933409998082,278.88507901105066,81.63828553912825,-0.6005469262448794,229.8574575666254,,
LOT-003-C0059,LOT-003,Discrete_Transistor_X,100.0,4.95,elevated,236.76309643480712,240.95459089760226,,245.0141243586499,False,normal,none,4.191494462795134,,,278.88507901105066,81.63828553912825,-0.414890567932944,245.0141243586499,,
LOT-004-C0000,LOT-004,Discrete_Transistor_X,100.0,4.87,elevated,281.51149707072807,280.5799285473512,275.68322330961774,277.3547646262205,False,normal,none,-0.9315685233768818,-4.896705237733443,1.6715413166027702,289.41221377605666,68.10778662649253,-0.17703481124647275,277.3547646262205,,
LOT-004-C0001,LOT-004,Discrete_Transistor_X,100.0,4.87,elevated,285.09841853419294,281.0913326351003,271.43513933102355,278.750887152546,False,normal,none,-4.007085899092658,-9.656193304076737,7.31574782152245,289.41221377605666,68.10778662649253,-0.1565360900946328,278.750887152546,,
LOT-004-C0002,LOT-004,Discrete_Transistor_X,100.0,4.87,elevated,248.04891849398211,270.53183018631194,337.46037193745894,389.505747887117,True,gradual_degradation,low,22.48291169232982,66.92854175114701,52.04537594965808,289.41221377605666,68.10778662649253,1.4696342234696267,389.505747887117,,
LOT-004-C0003,LOT-004,Discrete_Transistor_X,100.0,4.87,elevated,267.43354631675277,281.028298770785,274.3209806971428,263.75559153848616,False,normal,none,13.594752454032232,-6.707318073642227,-10.565389158656615,289.41221377605666,68.10778662649253,-0.37670615223884846,263.75559153848616,,
LOT-004-C0004,LOT-004,Discrete_Transistor_X,100.0,4.87,elevated,278.65586694057487,285.7806521385559,275.2520651211024,281.59007592820296,False,normal,none,7.124785197981055,-10.528587017453503,6.338010807100545,289.41221377605666,68.10778662649253,-0.11484939146166652,281.59007592820296,,
LOT-004-C0005,LOT-004,Discrete_Transistor_X,100.0,4.87,elevated,323.8393742254657,306.8926120062863,323.022722678333,314.6244321247781,True,lot_relative_anomaly,medium,-16.94676221917939,16.130110672046726,-8.398290553554943,289.41221377605666,68.10778662649253,0.3701811437066197,314.6244321247781,,
LOT-004-C0006,LOT-004,Discrete_Transistor_X,100.0,4.87,elevated,282.98519121229083,276.68609599771105,266.14260410509166,276.4536025221848,False,normal,none,-6.299095214579779,-10.543491892619386,10.310998417093117,289.41221377605666,68.10778662649253,-0.19026622205384144,276.4536025221848,,
LOT-004-C0007,LOT-004,Discrete_Transistor_X,100.0,4.87,elevated,634.1258458234561,274.01663711690094,263.8850541411539,263.2945636568269,False,measurement_anomaly,low,-360.10920870655514,-10.131582975747051,-0.590490484327006,289.41221377605666,68.10778662649253,-0.3834752443573104,263.2945636568269,,
LOT-004-C0008,LOT-004,Discrete_Transistor_X,100.0,4.87,elevated,379.0705217746585,359.3618072155559,358.6633108667679,349.64761188022044,True,lot_relative_anomaly,medium,-19.70871455910259,-0.6984963487880123,-9.015698986547477,289.41221377605666,68.10778662649253,0.8844127975336883,349.64761188022044,,
LOT-004-C0009,LOT-004,Discrete_Transistor_X,100.0,4.87,elevated,285.63662870060256,278.35222448884474,90.96211487323966,279.90931790565844,True,intermittent_anomaly,medium,-7.284404211757817,-187.39010961560507,188.94720303241877,289.41221377605666,68.10778662649253,-0.13952730430828286,279.90931790565844,,
LOT-004-C0010,LOT-004,Discrete_Transistor_X,100.0,4.87,elevated,274.86774183237117,273.7296207738549,284.28938658630574,278.3494787872367,False,normal,none,-1.1381210585162762,10.559765812450848,-5.939907799069033,289.41221377605666,68.10778662649253,-0.16242981216653984,278.3494787872367,,
LOT-004-C0011,LOT-004,Discrete_Transistor_X,100.0,4.87,elevated,272.4183375460935,267.24811320257044,272.35235197656436,281.0067372304368,False,normal,none,-5.170224343523046,5.104238773993927,8.65438525387242,289.41221377605666,68.10778662649253,-0.12341432546789473,281.0067372304368,,
LOT-004-C0012,LOT-004,Discrete_Transistor_X,100.0,4.87,elevated,262.41166973298857,271.50036643284966,263.3703253602076,271.7844222711835,False,normal,none,9.088696699861089,-8.130041072642086,8.4140969109759,289.41221377605666,68.10778662649253,-0.25882196996864876,271.7844222711835,,
LOT-004-C0013,LOT-004,Discrete_Transistor_X,100.0,4.87,elevated,269.5839338040203,273.2350895380751,267.99775150258955,272.0247987738585,False,normal,none,3.6511557340547824,-5.23733803548555,4.027047271268941,289.41221377605666,68.10778662649253,-0.255292615770233,272.0247987738585,,
LOT-004-C0014,LOT-004,Discrete_Transistor_X,100.0,4.87,elevated,238.6457057422321,241.8367564775582,258.8238953876443,244.1942737589987,False,normal,none,3.191050735326087,16.987138910086117,-14.629621628645623,289.41221377605666,68.10778662649253,-0.663917332463556,244.1942737589987,,
LOT-004-C0015,LOT-004,Discrete_Transistor_X,100.0,4.87,elevated,265.5178460609035,274.0754601806289,285.12516168797396,278.43462156416655,False,normal,none,8.557614119725429,11.049701507345048,-6.690540123807409,289.41221377605666,68.10778662649253,-0.1611796940648201,278.43462156416655,,
LOT-004-C0016,LOT-004,Discrete_Transistor_X,100.0,4.87,elevated,279.04044433163045,279.1171654490271,352.2420309554767,525.2748457495802,True,accelerating_degradation,medium,0.07672111739663023,73.12486550644962,173.0328147941035,289.41221377605666,68.10778662649253,3.463078799888321,525.2748457495802,,
LOT-004-C0017,LOT-004,Discrete_Transistor_X,100.0,4.87,elevated,265.8434653838729,267.36326654928945,262.94933099676973,263.9299164526475,False,normal,none,1.5198011654165384,-4.4139355525197175,0.9805854558777582,289.41221377605666,68.10778662649253,-0.37414660768754276,263.9299164526475,,
LOT-004-C0018,LOT-004,Discrete_Transistor_X,100.0,4.87,elevated,276.02133339387626,270.57208901234907,279.2209058574786,273.6891059970645,False,normal,none,-5.449244381527194,8.648816845129545,-5.531799860414139,289.41221377605666,68.10778662649253,-0.23085624357782641,273.6891059970645,,
LOT-004-C0019,LOT-004,Discrete_Transistor_X,100.0,4.87,elevated,273.1739789211758,284.0707300039852,271.9076007061518,272.64127185950946,False,normal,none,10.89675108280943,-12.163129297833393,0.7336711533576477,289.41221377605666,68.10778662649253,-0.24624118250267218,272.64127185950946,,
LOT-004-C0020,LOT-004,Discrete_Transistor_X,100.0,4.87,elevated,304.87619976350373,293.99885571018945,292.7235010359205,294.7681746959062,False,normal,none,-10.877344053314289,-1.2753546742689537,2.044673659985733,289.41221377605666,68.10778662649253,0.07863947993526788,294.7681746959062,,
LOT-004-C0021,LOT-004,Discrete_Transistor_X,100.0,4.87,elevated,267.4202722465646,265.33297938215793,265.4141332165499,261.6240008820647,False,normal,none,-2.0872928644066633,0.08115383439195512,-3.790132334485179,289.41221377605666,68.10778662649253,-0.40800346436721396,261.6240008820647,,
LOT-004-C0022,LOT-004,Discrete_Transistor_X,100.0,4.87,elevated,279.6772407296253,267.4979854394215,268.00030778438736,275.91219769632016,False,normal,none,-12.179255290203798,0.5023223449658758,7.911889911932803,289.41221377605666,68.10778662649253,-0.19821545741563226,275.91219769632016,,
LOT-004-C0023,LOT-004,Discrete_Transistor_X,100.0,4.87,elevated,265.44312118173093,260.0618047625512,295.91805335207323,329.49923988907705,True,gradual_degradation,low,-5.381316419179711,35.85624858952201,33.581186537003816,289.41221377605666,68.10778662649253,0.588582129865124,329.49923988907705,,
LOT-004-C0024,LOT-004,Discrete_Transistor_X,100.0,4.87,elevated,257.0322528402763,265.8013703486222,261.01841669540175,258.3155340489729,False,normal,none,8.769117508345857,-4.7829536532204315,-2.7028826464288613,289.41221377605666,68.10778662649253,-0.45658038922362804,258.3155340489729,,
LOT-004-C0025,LOT-004,Discrete_Transistor_X,100.0,4.87,elevated,240.13368767667353,237.51282105511356,236.38159386146364,238.01423237519415,False,normal,none,-2.620866621559969,-1.13122719364992,1.6326385137305124,289.41221377605666,68.10778662649253,-0.7546564636248178,238.01423237519415,,
LOT-004-C0026,LOT-004,Discrete_Transistor_X,100.0,4.87,elevated,268.8332903194157,267.8017407040341,267.9308390294782,269.3110110556579,False,normal,none,-1.031549615381607,0.12909832544409028,1.3801720261797072,289.41221377605666,68.10778662649253,-0.2951380997100235,269.3110110556579,,
LOT-004-C0027,LOT-004,Discrete_Transistor_X,100.0,4.87,elevated,258.96528724872377,260.35347499189703,256.0737135042733,256.2375994037476,False,normal,none,1.3881877431732619,-4.279761487623716,0.16388589947428045,289.41221377605666,68.10778662649253,-0.48708989111980366,256.2375994037476,,
LOT-004-C0028,LOT-004,Discrete_Transistor_X,100.0,4.87,elevated,291.43556652185237,279.8528558901417,287.7475578294881,282.48399190212876,False,normal,none,-11.582710631710654,7.894701939346362,-5.263565927359309,289.41221377605666,68.10778662649253,-0.1017243727493702,282.48399190212876,,
LOT-004-C0029,LOT-004,Discrete_Transistor_X,100.0,4.87,elevated,257.65188921015516,247.70610642700558,262.3592076350297,244.40327505605447,False,normal,none,-9.945782783149582,14.653101208024111,-17.955932578975222,289.41221377605666,68.10778662649253,-0.6608486481411311,244.40327505605447,,
LOT-004-C0030,LOT-004,Discrete_Transistor_X,100.0,4.87,elevated,265.0778484974642,273.37638386195516,264.7142639524192,271.53270952797016,False,normal,none,8.298535364490988,-8.662119909535988,6.818445575550982,289.41221377605666,68.10778662649253,-0.2625177697542699,271.53270952797016,,
LOT-004-C0031,LOT-004,Discrete_Transistor_X,100.0,4.87,elevated,268.19283870422953,268.40466456169673,265.94679250405227,262.5303109639777,False,normal,none,0.21182585746720406,-2.4578720576444653,-3.416481540074585,289.41221377605666,68.10778662649253,-0.39469646781360046,262.5303109639777,,
LOT-004-C0032,LOT-004,Discrete_Transistor_X,100.0,4.87,elevated,251.6590766840184,253.11770382478016,241.74001247624335,248.4181979738091,False,normal,none,1.458627140761763,-11.377691348536814,6.6781854975657495,289.41221377605666,68.10778662649253,-0.6018991048271966,248.4181979738091,,
LOT-004-C0033,LOT-004,Discrete_Transistor_X,100.0,4.87,elevated,247.26879230343036,243.60231443586406,255.61112676790518,254.8781046980802,False,normal,none,-3.6664778675663,12.008812332041117,-0.7330220698249832,289.41221377605666,68.10778662649253,-0.5070508203028787,254.8781046980802,,
LOT-004-C0034,LOT-004,Discrete_Transistor_X,100.0,4.87,elevated,265.8909232966031,254.82141286239602,254.76562849989045,259.01517812909304,False,normal,none,-11.069510434207075,-0.05578436250556251,4.2495496292025905,289.41221377605666,68.10778662649253,-0.4463077887652246,259.01517812909304,,
LOT-004-C0035,LOT-004,Discrete_Transistor_X,100.0,4.87,elevated,272.7549283601085,273.4556218371012,339.1794360059323,472.29883267289944,True,accelerating_degradation,medium,0.7006934769926829,65.7238141688311,133.11939666696713,289.41221377605666,68.10778662649253,2.685252714198521,472.29883267289944,,
LOT-004-C0036,LOT-004,Discrete_Transistor_X,100.0,4.87,elevated,279.1897216210643,276.4317102421981,292.1539074870241,278.44310305022645,False,normal,none,-2.758011378866172,15.72219724482602,-13.710804436797673,289.41221377605666,68.10778662649253,-0.16105516372137466,278.44310305022645,,
LOT-004-C0037,LOT-004,Discrete_Transistor_X,100.0,4.87,elevated,253.7253451661301,267.30055219580123,321.4778273571966,455.35870589589655,True,accelerating_degradation,medium,13.575207029671134,54.17727516139536,133.88087853869996,289.41221377605666,68.10778662649253,2.4365274565432746,455.35870589589655,,
LOT-004-C0038,LOT-004,Discrete_Transistor_X,100.0,4.87,elevated,255.8041016420924,262.45150426126344,249.2443306996191,254.2859740995795,False,normal,none,6.647402619171032,-13.207173561644339,5.041643399960407,289.41221377605666,68.10778662649253,-0.5157448423498433,254.2859740995795,,
LOT-004-C0039,LOT-004,Discrete_Transistor_X,100.0,4.87,elevated,265.914434452305,262.9286807825965,270.22622293634333,273.61307275762283,False,normal,none,-2.985753669708515,7.2975421537468605,3.3868498212794975,289.41221377605666,68.10778662649253,-0.2319726099025554,273.61307275762283,,
LOT-004-C0040,LOT-004,Discrete_Transistor_X,100.0,4.87,elevated,255.82079878614934,252.1777082945112,260.7604148850303,263.89764662528114,False,normal,none,-3.6430904916381337,8.58270659051908,3.1372317402508543,289.41221377605666,68.10778662649253,-0.3746204129448376,263.89764662528114,,
LOT-004-C0041,LOT-004,Discrete_Transistor_X,100.0,4.87,elevated,264.3216144563524,265.9165135814263,272.3014515387089,264.41725551745355,False,normal,none,1.59489912507388,6.384937957282602,-7.88419602125532,289.41221377605666,68.10778662649253,-0.36699119875495384,264.41725551745355,,
LOT-004-C0042,LOT-004,Discrete_Transistor_X,100.0,4.87,elevated,,261.3231672233537,,267.50408444763434,False,missing_invalid,unknown,,,,289.41221377605666,68.10778662649253,-0.3216684965636588,267.50408444763434,,
LOT-004-C0043,LOT-004,Discrete_Transistor_X,100.0,4.87,elevated,257.5938563801692,260.6761923443921,259.3962404867549,259.4827571203998,False,normal,none,3.0823359642229207,-1.2799518576372293,0.08651663364491924,289.41221377605666,68.10778662649253,-0.4394425092653783,259.4827571203998,,
LOT-004-C0044,LOT-004,Discrete_Transistor_X,100.0,4.87,elevated,260.3262131837468,274.4505768795608,297.9963574381948,330.1380703906767,True,gradual_degradation,low,14.124363695813997,23.54578055863402,32.141712952481896,289.41221377605666,68.10778662649253,0.5979618283290172,330.1380703906767,,
LOT-004-C0045,LOT-004,Discrete_Transistor_X,100.0,4.87,elevated,264.95874806723435,263.7385508572934,312.2864579851487,436.48011263029804,True,accelerating_degradation,medium,-1.2201972099409772,48.5479071278553,124.19365464514937,289.41221377605666,68.10778662649253,2.15934045340177,436.48011263029804,,
LOT-004-C0046,LOT-004,Discrete_Transistor_X,100.0,4.87,elevated,256.47306230781186,256.38541706175425,262.73506853251524,249.12162142999344,False,normal,none,-0.08764524605760471,6.349651470760989,-13.613447102521803,289.41221377605666,68.10778662649253,-0.5915710132678281,249.12162142999344,,
LOT-004-C0047,LOT-004,Discrete_Transistor_X,100.0,4.87,elevated,266.8263261241748,262.0294036802137,257.9029469413267,252.91426376410078,False,normal,none,-4.79692244396108,-4.126456738886986,-4.988683177225937,289.41221377605666,68.10778662649253,-0.5358851288489667,252.91426376410078,,
LOT-004-C0048,LOT-004,Discrete_Transistor_X,100.0,4.87,elevated,261.23229239770944,259.7023617164561,254.96531678382897,259.41458842037395,False,normal,none,-1.5299306812533473,-4.7370449326271284,4.449271636544978,289.41221377605666,68.10778662649253,-0.4404434036330033,259.41458842037395,,
LOT-004-C0049,LOT-004,Discrete_Transistor_X,100.0,4.87,elevated,275.4000486854216,276.46097816356917,271.0854218984996,277.64558390389175,False,normal,none,1.060929478147557,-5.3755562650695765,6.560162005392158,289.41221377605666,68.10778662649253,-0.17276482550657338,277.64558390389175,,
LOT-004-C0050,LOT-004,Discrete_Transistor_X,100.0,4.87,elevated,259.82654626374733,261.3312827758835,257.5980840577619,262.47521256410937,False,normal,none,1.5047365121361622,-3.733198718121571,4.8771285063474465,289.41221377605666,68.10778662649253,-0.3955054560746708,262.47521256410937,,
LOT-004-C0051,LOT-004,Discrete_Transistor_X,100.0,4.87,elevated,265.3456624247652,259.190359024324,252.1407743659829,258.43178702272365,False,normal,none,-6.155303400441198,-7.049584658341075,6.291012656740747,289.41221377605666,68.10778662649253,-0.45487349226648127,258.43178702272365,,
LOT-004-C0052,LOT-004,Discrete_Transistor_X,100.0,4.87,elevated,260.97893465686536,125.90512676384485,263.65758560795894,258.8399272273551,True,intermittent_anomaly,medium,-135.0738078930205,137.75245884411407,-4.817658380603859,289.41221377605666,68.10778662649253,-0.4488809292300448,258.8399272273551,,
LOT-004-C0053,LOT-004,Discrete_Transistor_X,100.0,4.87,elevated,270.3045918316967,275.42312394615675,277.2424484254919,269.7302040003749,False,normal,none,5.118532114460038,1.8193244793351369,-7.5122444251169895,289.41221377605666,68.10778662649253,-0.28898325361267674,269.7302040003749,,
LOT-004-C0054,LOT-004,Discrete_Transistor_X,100.0,4.87,elevated,274.79679468973825,,259.6919574493464,266.40598901461567,False,normal,none,,,6.714031565269295,289.41221377605666,68.10778662649253,-0.3377914024369725,266.40598901461567,,
LOT-004-C0055,LOT-004,Discrete_Transistor_X,100.0,4.87,elevated,277.24901689379743,271.62438114998446,270.36123183273816,268.467901557512,False,normal,none,-5.6246357438129735,-1.2631493172463024,-1.8933302752261625,289.41221377605666,68.10778662649253,-0.3075171468044413,268.467901557512,,
LOT-004-C0056,LOT-004,Discrete_Transistor_X,100.0,4.87,elevated,250.2350540129563,258.30320992265985,254.06140283612214,244.4407558402684,False,normal,none,8.068155909703535,-4.241807086537705,-9.620646995853747,289.41221377605666,68.10778662649253,-0.6602983324419957,244.4407558402684,,
LOT-004-C0057,LOT-004,Discrete_Transistor_X,100.0,4.87,elevated,269.2787954306248,265.61969298761363,265.6888915163619,551.8132352806816,True,sudden_failure,critical,-3.659102443011193,0.06919852874824528,286.12434376431975,289.41221377605666,68.10778662649253,3.8527315965155204,551.8132352806816,,
LOT-004-C0058,LOT-004,Discrete_Transistor_X,100.0,4.87,elevated,286.64650384059684,289.33101993809345,297.1913713124527,281.6325591216401,False,normal,none,2.684516097496612,7.860351374359254,-15.558812190812603,289.41221377605666,68.10778662649253,-0.11422562734391423,281.6325591216401,,
LOT-004-C0059,LOT-004,Discrete_Transistor_X,100.0,4.87,elevated,166.2671610522981,163.53143223828454,162.80072414990596,164.31975624281387,True,lot_relative_anomaly,medium,-2.735728814013555,-0.7307080883785773,1.5190320929079064,289.41221377605666,68.10778662649253,-1.8366836411709848,164.31975624281387,,
LOT-005-C0000,LOT-005,Discrete_Transistor_X,150.0,4.89,nominal,243.29923349331355,242.20801576839474,242.11969176160704,245.37863239615862,False,normal,none,-1.0912177249188062,-0.08832400678770114,3.2589406345515783,266.78175846654545,117.62415096170457,-0.18196200266181004,245.37863239615862,,
LOT-005-C0001,LOT-005,Discrete_Transistor_X,150.0,4.89,nominal,245.49817429899662,242.82729785152839,242.60712403104256,231.07329729326446,False,normal,none,-2.670876447468231,-0.2201738204858259,-11.5338267377781,266.78175846654545,117.62415096170457,-0.3035810323077848,231.07329729326446,,
LOT-005-C0002,LOT-005,Discrete_Transistor_X,150.0,4.89,nominal,244.3520710679831,235.67393185661453,250.8479200220072,244.9669042129281,False,normal,none,-8.678139211368574,15.173988165392672,-5.881015809079088,266.78175846654545,117.62415096170457,-0.18546237380042557,244.9669042129281,,
LOT-005-C0003,LOT-005,Discrete_Transistor_X,150.0,4.89,nominal,218.9596273437803,214.79031929549217,468.72568007145793,454.1885314108343,True,sudden_failure,critical,-4.169308048288144,253.93536077596576,-14.537148660623643,266.78175846654545,117.62415096170457,1.5932678060758432,454.1885314108343,,
LOT-005-C0004,LOT-005,Discrete_Transistor_X,150.0,4.89,nominal,234.8690610568603,227.54885359254592,242.80944784996726,240.0657215034658,False,normal,none,-7.320207464314365,15.260594257421332,-2.743726346501461,266.78175846654545,117.62415096170457,-0.22713054032396562,240.0657215034658,,
LOT-005-C0005,LOT-005,Discrete_Transistor_X,150.0,4.89,nominal,311.13132593115085,304.2678040936433,323.59437616227405,313.33242755991694,True,lot_relative_anomaly,medium,-6.863521837507562,19.326572068630753,-10.261948602357108,266.78175846654545,117.62415096170457,0.3957577479860169,313.33242755991694,,
LOT-005-C0006,LOT-005,Discrete_Transistor_X,150.0,4.89,nominal,244.42018999195258,232.05155226114547,233.89235766498635,232.88171924679222,False,normal,none,-12.368637730807109,1.840805403840875,-1.0106384181941337,266.78175846654545,117.62415096170457,-0.2882064520133304,232.88171924679222,,
LOT-005-C0007,LOT-005,Discrete_Transistor_X,150.0,4.89,nominal,228.2948122418938,234.152210939512,225.45110692877176,230.06374827583778,False,normal,none,5.857398697618208,-8.701104010740238,4.612641347066017,266.78175846654545,117.62415096170457,-0.3121638701788557,230.06374827583778,,
LOT-005-C0008,LOT-005,Discrete_Transistor_X,150.0,4.89,nominal,248.86285939340934,249.01461488860366,253.25262162037436,253.19771446430792,False,normal,none,0.15175549519432252,4.238006731770696,-0.05490715606643448,266.78175846654545,117.62415096170457,-0.11548686125403067,253.19771446430792,,
LOT-005-C0009,LOT-005,Discrete_Transistor_X,150.0,4.89,nominal,247.5578991871184,238.61757372621616,249.2565288698986,247.3936758375551,False,normal,none,-8.940325460902244,10.638955143682438,-1.8628530323435086,266.78175846654545,117.62415096170457,-0.16483079767608802,247.3936758375551,,
LOT-005-C0010,LOT-005,Discrete_Transistor_X,150.0,4.89,nominal,,227.53925541343798,220.74322138154855,227.4947802353419,False,normal,none,,-6.796034031889434,6.751558853793341,266.78175846654545,117.62415096170457,-0.3340043512322091,227.4947802353419,,
LOT-005-C0011,LOT-005,Discrete_Transistor_X,150.0,4.89,nominal,234.31444930119753,236.28318652185357,235.2367145127358,240.7587907906863,False,normal,none,1.9687372206560383,-1.046472009117764,5.522076277950504,266.78175846654545,117.62415096170457,-0.2212383040650518,240.7587907906863,,
LOT-005-C0012,LOT-005,Discrete_Transistor_X,150.0,4.89,nominal,314.28622535305425,332.355659046575,325.9629745815199,316.1576672644165,True,lot_relative_anomaly,medium,18.06943369352075,-6.392684465055083,-9.805307317103427,266.78175846654545,117.62415096170457,0.4197769624194488,316.1576672644165,,
LOT-005-C0013,LOT-005,Discrete_Transistor_X,150.0,4.89,nominal,244.81315447474321,241.35894468510656,253.10243256657787,239.8310100723026,False,normal,none,-3.45420978963665,11.74348788147131,-13.27142249427527,266.78175846654545,117.62415096170457,-0.22912597603375967,239.8310100723026,,
LOT-005-C0014,LOT-005,Discrete_Transistor_X,150.0,4.89,nominal,222.91030189634427,234.2854971783957,229.87901990742557,224.966045482152,False,normal,none,11.375195282051436,-4.406477270970129,-4.912974425273575,266.78175846654545,117.62415096170457,-0.35550278274066,224.966045482152,,
LOT-005-C0015,LOT-005,Discrete_Transistor_X,150.0,4.89,nominal,255.73522102265858,255.44049270396187,262.1066135181169,252.23450350234864,False,normal,none,-0.2947283186967127,6.666120814155022,-9.872110015768243,266.78175846654545,117.62415096170457,-0.12367574894490015,252.23450350234864,,
LOT-005-C0016,LOT-005,Discrete_Transistor_X,150.0,4.89,nominal,236.93979956090453,240.73343761125793,230.45324031723683,234.84584177530274,False,normal,none,3.793638050353394,-10.280197294021093,4.392601458065911,266.78175846654545,117.62415096170457,-0.27150815908239995,234.84584177530274,,
LOT-005-C0017,LOT-005,Discrete_Transistor_X,150.0,4.89,nominal,240.2327285076083,245.07940031657066,238.21713170737354,247.24429782781203,False,normal,none,4.8466718089623555,-6.862268609197116,9.027166120438494,266.78175846654545,117.62415096170457,-0.1661007580415549,247.24429782781203,,
LOT-005-C0018,LOT-005,Discrete_Transistor_X,150.0,4.89,nominal,242.0707052624537,248.97099254727888,241.71052063796412,241.75654344901125,False,normal,none,6.900287284825168,-7.260471909314759,0.04602281104712347,266.78175846654545,117.62415096170457,-0.21275575477421962,241.75654344901125,,
LOT-005-C0019,LOT-005,Discrete_Transistor_X,150.0,4.89,nominal,247.22812252616046,243.6257599832372,247.67082473001503,245.2509824880472,False,normal,none,-3.6023625429232595,4.045064746777825,-2.419842241967814,266.78175846654545,117.62415096170457,-0.18304723819437485,245.2509824880472,,
LOT-005-C0020,LOT-005,Discrete_Transistor_X,150.0,4.89,nominal,234.44377940562924,237.1914637908392,235.17456755099343,229.50089857916322,False,normal,none,2.747684385209965,-2.016896239845778,-5.67366897183021,266.78175846654545,117.62415096170457,-0.3169490243506194,229.50089857916322,,
LOT-005-C0021,LOT-005,Discrete_Transistor_X,150.0,4.89,nominal,251.0507458458008,256.98897216179364,240.76760108238773,247.33598075595796,False,normal,none,5.938226315992836,-16.221371079405912,6.5683796735702344,266.78175846654545,117.62415096170457,-0.16532130137898757,247.33598075595796,,
LOT-005-C0022,LOT-005,Discrete_Transistor_X,150.0,4.89,nominal,258.0347845466885,252.05532148887656,248.83176279970553,249.2207376801301,False,normal,none,-5.979463057811955,-3.2235586891710284,0.38897488042456985,266.78175846654545,117.62415096170457,-0.14929774746797345,249.2207376801301,,
LOT-005-C0023,LOT-005,Discrete_Transistor_X,150.0,4.89,nominal,250.40041313995422,248.8472923979657,249.50174490176616,262.21489780119174,False,normal,none,-1.553120741988522,0.6544525038004565,12.71315289942558,266.78175846654545,117.62415096170457,-0.038825875706771894,262.21489780119174,,
LOT-005-C0024,LOT-005,Discrete_Transistor_X,150.0,4.89,nominal,231.93817482219595,227.71110886005928,234.41340893809235,228.81017408555238,False,normal,none,-4.227065962136663,6.702300078033062,-5.60323485253997,266.78175846654545,117.62415096170457,-0.3228213259822437,228.81017408555238,,
LOT-005-C0025,LOT-005,Discrete_Transistor_X,150.0,4.89,nominal,227.5660863558667,226.13642915398756,233.63454149948055,223.2513799508798,False,normal,none,-1.429657201879138,7.498112345492984,-10.383161548600754,266.78175846654545,117.62415096170457,-0.3700802782401213,223.2513799508798,,
LOT-005-C0026,LOT-005,Discrete_Transistor_X,150.0,4.89,nominal,,241.64204389950015,,239.4410505761211,False,normal,none,,,,266.78175846654545,117.62415096170457,-0.23244127729623978,239.4410505761211,,
LOT-005-C0027,LOT-005,Discrete_Transistor_X,150.0,4.89,nominal,230.00468297877995,234.2931863049555,380.4877556960592,405.30064929619647,True,sudden_failure,critical,4.288503326175544,146.1945693911037,24.812893600137272,266.78175846654545,117.62415096170457,1.1776398783507414,405.30064929619647,,
LOT-005-C0028,LOT-005,Discrete_Transistor_X,150.0,4.89,nominal,232.617946342319,237.134781879122,233.19009805590056,235.22715079794926,False,normal,none,4.516835536803001,-3.9446838232214247,2.037052742048701,266.78175846654545,117.62415096170457,-0.26826640116509376,235.22715079794926,,
LOT-005-C0029,LOT-005,Discrete_Transistor_X,150.0,4.89,nominal,227.2003090947514,232.8604385877908,230.50679079623296,237.5151336588363,False,normal,none,5.66012949303942,-2.3536477915578473,7.008342862603342,266.78175846654545,117.62415096170457,-0.24881475928559618,237.5151336588363,,
LOT-005-C0030,LOT-005,Discrete_Transistor_X,150.0,4.89,nominal,248.49280078159467,242.14939681071047,236.44158276745776,246.6580665819354,False,normal,none,-6.3434039708841965,-5.707814043252711,10.216483814477641,266.78175846654545,117.62415096170457,-0.17108469408771176,246.6580665819354,,
LOT-005-C0031,LOT-005,Discrete_Transistor_X,150.0,4.89,nominal,229.21580039276324,230.9072907350809,240.87558209207367,238.08250799390197,False,normal,none,1.6914903423176497,9.96829135699278,-2.793074098171701,266.78175846654545,117.62415096170457,-0.24399113819735224,238.08250799390197,,
LOT-005-C0032,LOT-005,Discrete_Transistor_X,150.0,4.89,nominal,230.49565736461338,226.83727380413237,233.41801257785264,231.17738609027097,False,normal,none,-3.6583835604810133,6.58073877372027,-2.2406264875816646,266.78175846654545,117.62415096170457,-0.30269610522303675,231.17738609027097,,
LOT-005-C0033,LOT-005,Discrete_Transistor_X,150.0,4.89,nominal,233.18111860478174,282.6963855319483,406.6579252625248,522.1009602874425,True,gradual_degradation,low,49.51526692716655,123.96153973057653,115.44303502491766,266.78175846654545,117.62415096170457,2.1706358748045074,522.1009602874425,,
LOT-005-C0034,LOT-005,Discrete_Transistor_X,150.0,4.89,nominal,240.164975690987,92.07916575169543,231.8045147364494,246.36605274142195,True,intermittent_anomaly,medium,-148.08580993929158,139.72534898475396,14.561538004972562,266.78175846654545,117.62415096170457,-0.17356729513627125,246.36605274142195,,
LOT-005-C0035,LOT-005,Discrete_Transistor_X,150.0,4.89,nominal,241.19524100098565,239.28228773051015,233.043075471455,243.94409692476034,False,normal,none,-1.912953270475498,-6.239212259055137,10.901021453305333,266.78175846654545,117.62415096170457,-0.19415792892074069,243.94409692476034,,
LOT-005-C0036,LOT-005,Discrete_Transistor_X,150.0,4.89,nominal,254.2888546591055,252.4246009465496,258.6404393830964,259.72986389870863,False,normal,none,-1.8642537125559215,6.215838436546818,1.0894245156122224,266.78175846654545,117.62415096170457,-0.05995277764115588,259.72986389870863,,
LOT-005-C0037,LOT-005,Discrete_Transistor_X,150.0,4.89,nominal,242.90041017510174,230.90972112177812,224.2936668868735,244.13394569585952,False,normal,none,-11.99068905332362,-6.616054234904624,19.840278808986028,266.78175846654545,117.62415096170457,-0.19254390008782704,244.13394569585952,,
LOT-005-C0038,LOT-005,Discrete_Transistor_X,150.0,4.89,nominal,248.46747162627443,253.05591848897961,245.94605023991957,242.03866647289405,False,normal,none,4.588446862705183,-7.1098682490600424,-3.9073837670255216,266.78175846654545,117.62415096170457,-0.21035724204043033,242.03866647289405,,
LOT-005-C0039,LOT-005,Discrete_Transistor_X,150.0,4.89,nominal,229.59663568111674,250.00887435872232,240.2066555314835,243.8419564396087,False,normal,none,20.412238677605586,-9.802218827238818,3.6353009081252026,266.78175846654545,117.62415096170457,-0.195026292129457,243.8419564396087,,
LOT-005-C0040,LOT-005,Discrete_Transistor_X,150.0,4.89,nominal,241.60083310626,226.20813086967095,228.59717523441262,225.46492009603767,False,normal,none,-15.39270223658906,2.3890443647416646,-3.132255138374944,266.78175846654545,117.62415096170457,-0.3512615226779362,225.46492009603767,,
LOT-005-C0041,LOT-005,Discrete_Transistor_X,150.0,4.89,nominal,216.8462074919291,215.2607481467606,217.2863964008064,222.28484348938434,False,normal,none,-1.5854593451685162,2.0256482540458194,4.998447088577933,266.78175846654545,117.62415096170457,-0.37829743818213124,222.28484348938434,,
LOT-005-C0042,LOT-005,Discrete_Transistor_X,150.0,4.89,nominal,239.4651581138992,246.27631839326534,234.82823106185484,237.54948705074625,False,normal,none,6.811160279366135,-11.448087331410505,2.7212559888914143,266.78175846654545,117.62415096170457,-0.2485226985852292,237.54948705074625,,
LOT-005-C0043,LOT-005,Discrete_Transistor_X,150.0,4.89,nominal,245.81920163116553,257.45053189476903,247.35678764570855,240.36975231337712,False,normal,none,11.631330263603502,-10.093744249060478,-6.9870353323314305,266.78175846654545,117.62415096170457,-0.22454577514244853,240.36975231337712,,
LOT-005-C0044,LOT-005,Discrete_Transistor_X,150.0,4.89,nominal,234.45045385659245,238.7181848542927,234.8091548078074,235.69865443372282,False,normal,none,4.267730997700255,-3.9090300464852987,0.8894996259154198,266.78175846654545,117.62415096170457,-0.2642578397266604,235.69865443372282,,
LOT-005-C0045,LOT-005,Discrete_Transistor_X,150.0,4.89,nominal,235.78962136728026,236.0818799955842,238.70471844095735,241.27647494626586,False,normal,none,0.29225862830392657,2.622838445373162,2.571756505308514,266.78175846654545,117.62415096170457,-0.21683713176032582,241.27647494626586,,
LOT-005-C0046,LOT-005,Discrete_Transistor_X,150.0,4.89,nominal,245.0776584496083,236.7762084499607,240.4534509218878,243.3814640602835,False,normal,none,-8.301449999647588,3.6772424719270873,2.9280131383956984,266.78175846654545,117.62415096170457,-0.1989412396598765,243.3814640602835,,
LOT-005-C0047,LOT-005,Discrete_Transistor_X,150.0,4.89,nominal,257.3774199120156,249.46111286791904,255.2756188963161,252.27103301375442,False,normal,none,-7.916307044096584,5.814506028397062,-3.0045858825616847,266.78175846654545,117.62415096170457,-0.12336518762643701,252.27103301375442,,
LOT-005-C0048,LOT-005,Discrete_Transistor_X,150.0,4.89,nominal,253.2889579657453,248.2181706012707,244.1848929773078,242.13745432313505,False,normal,none,-5.070787364474597,-4.033277623962903,-2.0474386541727654,266.78175846654545,117.62415096170457,-0.20951738177845777,242.13745432313505,,
LOT-005-C0049,LOT-005,Discrete_Transistor_X,150.0,4.89,nominal,253.01388836001175,250.35574640322795,244.77619688464097,242.8120471964767,False,normal,none,-2.658141956783794,-5.579549518586987,-1.9641496881642695,266.78175846654545,117.62415096170457,-0.20378222562365347,242.8120471964767,,
LOT-005-C0050,LOT-005,Discrete_Transistor_X,150.0,4.89,nominal,227.16680798785114,221.73619352072373,222.87649328373305,227.2598488340027,False,normal,none,-5.430614467127413,1.140299763009324,4.383355550269641,266.78175846654545,117.62415096170457,-0.33600165705264123,227.2598488340027,,
LOT-005-C0051,LOT-005,Discrete_Transistor_X,150.0,4.89,nominal,229.22536883271417,240.31962158382987,222.9774632756186,233.6678522893883,False,normal,none,11.094252751115704,-17.342158308211282,10.690389013769703,266.78175846654545,117.62415096170457,-0.2815230197745547,233.6678522893883,,
LOT-005-C0052,LOT-005,Discrete_Transistor_X,150.0,4.89,nominal,227.50208061836923,236.34632681574053,234.99787060901727,235.80528040599506,False,normal,none,8.844246197371291,-1.348456206723256,0.8074097969777938,266.78175846654545,117.62415096170457,-0.2633513424520747,235.80528040599506,,
LOT-005-C0053,LOT-005,Discrete_Transistor_X,150.0,4.89,nominal,238.41170897532285,235.28285217118747,231.5990776653223,234.35184289728417,False,normal,none,-3.1288568041353813,-3.683774505865159,2.7527652319618596,266.78175846654545,117.62415096170457,-0.27570796731888536,234.35184289728417,,
LOT-005-C0054,LOT-005,Discrete_Transistor_X,150.0,4.89,nominal,228.1492566038684,219.21084055931402,218.04182530246,232.101597042061,False,normal,none,-8.938416044554373,-1.16901525685401,14.05977173960099,266.78175846654545,117.62415096170457,-0.29483878217982146,232.101597042061,,
LOT-005-C0055,LOT-005,Discrete_Transistor_X,150.0,4.89,nominal,217.9374503246415,422.9715147481616,229.44378527749532,233.74440693510314,True,intermittent_anomaly,medium,205.0340644235201,-193.5277294706663,4.30062165760782,266.78175846654545,117.62415096170457,-0.2808721785562425,233.74440693510314,,
LOT-005-C0056,LOT-005,Discrete_Transistor_X,150.0,4.89,nominal,232.8600094004581,234.36360403392837,240.2940981535438,235.7601993699075,False,normal,none,1.5035946334702714,5.930494119615446,-4.533898783636317,266.78175846654545,117.62415096170457,-0.2637346058866583,235.7601993699075,,
LOT-005-C0057,LOT-005,Discrete_Transistor_X,150.0,4.89,nominal,254.53339976977048,,471.3623859261717,1071.4592937065092,True,accelerating_degradation,medium,,,600.0969077803375,266.78175846654545,117.62415096170457,6.841091125086602,1071.4592937065092,,
LOT-005-C0058,LOT-005,Discrete_Transistor_X,150.0,4.89,nominal,232.29322743708124,235.90999297550374,234.80425915690586,238.46467449429812,False,normal,none,3.6167655384224986,-1.1057338185978836,3.6604153373922657,266.78175846654545,117.62415096170457,-0.2407420902996924,238.46467449429812,,
LOT-005-C0059,LOT-005,Discrete_Transistor_X,150.0,4.89,nominal,236.18194750039748,239.32481862751206,237.48824245274733,242.06998969772823,False,normal,none,3.1428711271145744,-1.8365761747647298,4.581747244980903,266.78175846654545,117.62415096170457,-0.21009094277639245,242.06998969772823,,
LOT-006-C0000,LOT-006,Discrete_Transistor_X,85.0,5.16,nominal,230.33182377107474,232.02938833500403,434.1321556848775,234.34826721707924,True,intermittent_anomaly,medium,1.6975645639292907,202.10276734987346,-199.78388846779825,256.66928908786235,26.206648719812005,-0.8517312575685654,234.34826721707924,,
LOT-006-C0001,LOT-006,Discrete_Transistor_X,85.0,5.16,nominal,222.51719864188448,222.46089786432927,218.14533856221814,221.84466849903933,False,normal,none,-0.056300777555208015,-4.315559302111126,3.6993299368211865,256.66928908786235,26.206648719812005,-1.3288467732425437,221.84466849903933,,
LOT-006-C0002,LOT-006,Discrete_Transistor_X,85.0,5.16,nominal,248.5043449709645,234.79499215109786,239.88895492605224,241.39220411865864,False,normal,none,-13.709352819866638,5.093962774954377,1.503249192606404,256.66928908786235,26.206648719812005,-0.5829469129203981,241.39220411865864,,
LOT-006-C0003,LOT-006,Discrete_Transistor_X,85.0,5.16,nominal,231.50540108974957,237.3877319165915,239.30494729616322,238.51278955952708,False,normal,none,5.8823308268419225,1.9172153795717293,-0.7921577366361419,256.66928908786235,26.206648719812005,-0.6928203496164359,238.51278955952708,,
LOT-006-C0004,LOT-006,Discrete_Transistor_X,85.0,5.16,nominal,230.57109817529187,229.2332570561807,227.2312995507134,233.55112745978542,False,normal,none,-1.3378411191111752,-2.0019575054672885,6.319827909072018,256.66928908786235,26.206648719812005,-0.8821487201680922,233.55112745978542,,
LOT-006-C0005,LOT-006,Discrete_Transistor_X,85.0,5.16,nominal,351.9757907269362,350.23961594653247,347.7512558666072,349.379518509667,True,lot_relative_anomaly,medium,-1.7361747804037577,-2.4883600799252577,1.6282626430597702,256.66928908786235,26.206648719812005,3.5376606300566955,349.379518509667,,
LOT-006-C0006,LOT-006,Discrete_Transistor_X,85.0,5.16,nominal,247.86044542001193,442.58664635276136,247.50511160743164,249.21388632310885,True,intermittent_anomaly,medium,194.72620093274944,-195.08153474532972,1.7087747156772082,256.66928908786235,26.206648719812005,-0.2844851642216,249.21388632310885,,
LOT-006-C0007,LOT-006,Discrete_Transistor_X,85.0,5.16,nominal,255.38859466176194,271.82488209525263,261.303283383198,258.3817622481456,False,normal,none,16.43628743349069,-10.52159871205464,-2.9215211350523873,256.66928908786235,26.206648719812005,0.06534498854058503,258.3817622481456,,
LOT-006-C0008,LOT-006,Discrete_Transistor_X,85.0,5.16,nominal,254.52734953045473,262.59574858134016,264.4669003166423,265.46467317559444,False,normal,none,8.068399050885432,1.871151735302135,0.9977728589521462,256.66928908786235,26.206648719812005,0.33561651402923764,265.46467317559444,,
LOT-006-C0009,LOT-006,Discrete_Transistor_X,85.0,5.16,nominal,235.97719333333913,228.50989129335565,233.57651850989015,228.398354864129,False,normal,none,-7.46730203998348,5.066627216534499,-5.1781636457611455,256.66928908786235,26.206648719812005,-1.0787695338687378,228.398354864129,,
LOT-006-C0010,LOT-006,Discrete_Transistor_X,85.0,5.16,nominal,267.3342546885943,268.0732768274633,260.2452073489095,261.91272937767945,False,normal,none,0.7390221388690179,-7.8280694785538,1.6675220287699517,256.66928908786235,26.206648719812005,0.20008053474815743,261.91272937767945,,
LOT-006-C0011,LOT-006,Discrete_Transistor_X,85.0,5.16,nominal,251.66396635528713,255.074833549652,255.0603054326345,248.6238904457255,False,normal,none,3.4108671943648687,-0.014528117017505338,-6.436414986909,256.66928908786235,26.206648719812005,-0.30699837770766186,248.6238904457255,,
LOT-006-C0012,LOT-006,Discrete_Transistor_X,85.0,5.16,nominal,260.04105402896363,259.527116511764,268.69798560553335,265.70193458702266,False,normal,none,-0.5139375171996221,9.17086909376934,-2.996051018510684,256.66928908786235,26.206648719812005,0.34466999560808803,265.70193458702266,,
LOT-006-C0013,LOT-006,Discrete_Transistor_X,85.0,5.16,nominal,224.67818935980813,229.09479849228015,235.37102874338035,236.703848748066,False,normal,none,4.4166091324720185,6.276230251100202,1.332820004685658,256.66928908786235,26.206648719812005,-0.7618463754468018,236.703848748066,,
LOT-006-C0014,LOT-006,Discrete_Transistor_X,85.0,5.16,nominal,254.87732498401328,256.6539448630248,254.57628652491638,257.8920341949339,False,normal,none,1.7766198790114913,-2.0776583381083924,3.3157476700175152,256.66928908786235,26.206648719812005,0.046657820316687845,257.8920341949339,,
LOT-006-C0015,LOT-006,Discrete_Transistor_X,85.0,5.16,nominal,245.25628834272777,241.76527493982755,,250.83429606311591,False,normal,none,-3.491013402900222,,,256.66928908786235,26.206648719812005,-0.22265315520237552,250.83429606311591,,
LOT-006-C0016,LOT-006,Discrete_Transistor_X,85.0,5.16,nominal,228.8940378323598,236.74236160613646,226.4037383530225,228.863972444932,False,normal,none,7.848323773776656,-10.338623253113951,2.4602340919094843,256.66928908786235,26.206648719812005,-1.061002379213401,228.863972444932,,
LOT-006-C0017,LOT-006,Discrete_Transistor_X,85.0,5.16,nominal,265.91104748208136,270.5221755015665,265.6308183435333,263.5251475980495,False,normal,none,4.611128019485136,-4.891357158033202,-2.105670745483792,256.66928908786235,26.206648719812005,0.2616076013185225,263.5251475980495,,
LOT-006-C0018,LOT-006,Discrete_Transistor_X,85.0,5.16,nominal,239.18125112642647,237.05605697354554,241.0807807736366,249.22407592087,False,normal,none,-2.125194152880937,4.024723800091067,8.143295147233403,256.66928908786235,26.206648719812005,-0.2840963469458736,249.22407592087,,
LOT-006-C0019,LOT-006,Discrete_Transistor_X,85.0,5.16,nominal,255.94559270396937,248.7687561741485,254.88663396156377,243.27730579561066,False,normal,none,-7.176836529820861,6.117877787415267,-11.609328165953116,256.66928908786235,26.206648719812005,-0.5110147213186961,243.27730579561066,,
LOT-006-C0020,LOT-006,Discrete_Transistor_X,85.0,5.16,nominal,243.55287643346372,251.13415655794503,253.8642827849846,239.93793111043016,False,normal,none,7.58128012448131,2.7301262270395625,-13.92635167455444,256.66928908786235,26.206648719812005,-0.6384394340655786,239.93793111043016,,
LOT-006-C0021,LOT-006,Discrete_Transistor_X,85.0,5.16,nominal,252.04928014018236,251.6182483544468,255.58493903218584,260.7754856298825,False,normal,none,-0.4310317857355699,3.9666906777390523,5.1905465976966525,256.66928908786235,26.206648719812005,0.15668529715193585,260.7754856298825,,
LOT-006-C0022,LOT-006,Discrete_Transistor_X,85.0,5.16,nominal,257.8812565219023,258.1786778022639,255.22130048746985,248.4044551236298,False,normal,none,0.2974212803616183,-2.9573773147940585,-6.816845363840059,256.66928908786235,26.206648719812005,-0.31537164681359736,248.4044551236298,,
LOT-006-C0023,LOT-006,Discrete_Transistor_X,85.0,5.16,nominal,237.3702355648064,242.0801095196931,270.0112037285944,295.64671223279527,True,gradual_degradation,low,4.709873954886717,27.9310942089013,25.635508504200857,256.66928908786235,26.206648719812005,1.4873104745921333,295.64671223279527,,
LOT-006-C0024,LOT-006,Discrete_Transistor_X,85.0,5.16,nominal,229.26841842035176,225.8486636963637,74.80781234865508,235.0756221739724,True,intermittent_anomaly,medium,-3.4197547239880635,-151.0408513477086,160.26780982531733,256.66928908786235,26.206648719812005,-0.8239766612190033,235.0756221739724,,
LOT-006-C0025,LOT-006,Discrete_Transistor_X,85.0,5.16,nominal,238.08370189517882,245.15283442149868,246.56832314106586,236.74070557176609,False,normal,none,7.069132526319862,1.415488719567179,-9.827617569299775,256.66928908786235,26.206648719812005,-0.7604399833478298,236.74070557176609,,
LOT-006-C0026,LOT-006,Discrete_Transistor_X,85.0,5.16,nominal,251.70549786496298,255.5456220677237,244.2448616242841,254.50122052999404,False,normal,none,3.840124202760734,-11.3007604434396,10.25635890570993,256.66928908786235,26.206648719812005,-0.08272971416712539,254.50122052999404,,
LOT-006-C0027,LOT-006,Discrete_Transistor_X,85.0,5.16,nominal,247.60493842732996,248.7939558182335,252.5445502972157,245.74819419055245,False,normal,none,1.1890173909035582,3.7505944789821797,-6.796356106663239,256.66928908786235,26.206648719812005,-0.4167299304108901,245.74819419055245,,
LOT-006-C0028,LOT-006,Discrete_Transistor_X,85.0,5.16,nominal,248.6773624117987,249.91470229310607,256.1755489832902,252.80838265356337,False,normal,none,1.2373398813073777,6.26084669018411,-3.367166329726814,256.66928908786235,26.206648719812005,-0.14732545452788742,252.80838265356337,,
LOT-006-C0029,LOT-006,Discrete_Transistor_X,85.0,5.16,nominal,253.92340784896916,253.8151916996733,250.69592628909263,257.6258915625651,False,normal,none,-0.10821614929585621,-3.119265410580681,6.9299652734724475,256.66928908786235,26.206648719812005,0.03650228172744333,257.6258915625651,,
LOT-006-C0030,LOT-006,Discrete_Transistor_X,85.0,5.16,nominal,238.1956470109042,239.69784686495032,230.29652501035375,235.7659822964179,False,normal,none,1.5021998540461254,-9.401321854596574,5.4694572860641415,256.66928908786235,26.206648719812005,-0.7976337232177932,235.7659822964179,,
LOT-006-C0031,LOT-006,Discrete_Transistor_X,85.0,5.16,nominal,236.65606143720183,238.144335396071,238.93467683168217,239.65701252299482,False,normal,none,1.488273958869172,0.7903414356111682,0.7223356913126509,256.66928908786235,26.206648719812005,-0.649158797324833,239.65701252299482,,
LOT-006-C0032,LOT-006,Discrete_Transistor_X,85.0,5.16,nominal,280.2000091416203,265.20506237856364,270.49187575090616,272.6466332752212,False,normal,none,-14.994946763056646,5.286813372342522,2.1547575243150163,256.66928908786235,26.206648719812005,0.6096675831458025,272.6466332752212,,
LOT-006-C0033,LOT-006,Discrete_Transistor_X,85.0,5.16,nominal,263.27205185403375,260.2916140390469,260.4521181708249,264.9967641472326,False,normal,none,-2.9804378149868285,0.16050413177799783,4.544645976407708,256.66928908786235,26.206648719812005,0.3177619217322805,264.9967641472326,,
LOT-006-C0034,LOT-006,Discrete_Transistor_X,85.0,5.16,nominal,259.1500937108821,255.63092132337837,256.0265822835021,255.44282866055175,False,normal,none,-3.519172387503744,0.3956609601237062,-0.5837536229503257,256.66928908786235,26.206648719812005,-0.0467995904559672,255.44282866055175,,
LOT-006-C0035,LOT-006,Discrete_Transistor_X,85.0,5.16,nominal,258.31727868862095,264.35447354977094,266.3410809495876,266.951867238032,False,normal,none,6.037194861149999,1.9866073998166485,0.6107862884443875,256.66928908786235,26.206648719812005,0.3923652451752095,266.951867238032,,
LOT-006-C0036,LOT-006,Discrete_Transistor_X,85.0,5.16,nominal,262.197768961039,264.20009264400886,274.90693963630235,262.55384353677937,False,normal,none,2.002323682969859,10.706846992293492,-12.353096099522986,256.66928908786235,26.206648719812005,0.2245443326932658,262.55384353677937,,
LOT-006-C0037,LOT-006,Discrete_Transistor_X,85.0,5.16,nominal,254.90635514450906,234.1525618579382,254.01585104868047,247.79434100734755,False,normal,none,-20.75379328657087,19.86328919074228,-6.22151004133292,256.66928908786235,26.206648719812005,-0.3386525372015771,247.79434100734755,,
LOT-006-C0038,LOT-006,Discrete_Transistor_X,85.0,5.16,nominal,257.9125974264714,240.83314501802462,243.713924171144,248.37948288229148,False,normal,none,-17.07945240844677,2.880779153119363,4.665558711147497,256.66928908786235,26.206648719812005,-0.316324543981232,248.37948288229148,,
LOT-006-C0039,LOT-006,Discrete_Transistor_X,85.0,5.16,nominal,253.24126302818797,254.55448176229478,255.24371914376118,254.8129798341424,False,normal,none,1.3132187341068118,0.6892373814663983,-0.4307393096187866,256.66928908786235,26.206648719812005,-0.07083352295696635,254.8129798341424,,
LOT-006-C0040,LOT-006,Discrete_Transistor_X,85.0,5.16,nominal,243.24982747513593,247.74271735698252,245.5059200820406,244.25889419194863,False,normal,none,4.492889881846594,-2.236797274941921,-1.247025890091976,256.66928908786235,26.206648719812005,-0.47355902040735076,244.25889419194863,,
LOT-006-C0041,LOT-006,Discrete_Transistor_X,85.0,5.16,nominal,245.24892408381578,244.2678720197083,241.94487968746236,258.0268807934288,False,normal,none,-0.9810520641074731,-2.3229923322459456,16.08200110596644,256.66928908786235,26.206648719812005,0.05180333128745764,258.0268807934288,,
LOT-006-C0042,LOT-006,Discrete_Transistor_X,85.0,5.16,nominal,250.2334446629126,257.3034614136666,298.697619216661,319.83191479252986,True,gradual_degradation,low,7.070016750753979,41.394157802994414,21.13429557586886,256.66928908786235,26.206648719812005,2.410175615355087,319.83191479252986,,
LOT-006-C0043,LOT-006,Discrete_Transistor_X,85.0,5.16,nominal,263.94894839657843,260.95296184082656,258.8136007567728,254.01480849272662,False,normal,none,-2.9959865557518697,-2.1393610840537463,-4.798792264046199,256.66928908786235,26.206648719812005,-0.10129034900708127,254.01480849272662,,
LOT-006-C0044,LOT-006,Discrete_Transistor_X,85.0,5.16,nominal,234.2686630365516,232.77715024676507,235.44329221957463,232.5479220120024,False,normal,none,-1.4915127897865261,2.6661419728095552,-2.8953702075722276,256.66928908786235,26.206648719812005,-0.9204292900535733,232.5479220120024,,
LOT-006-C0045,LOT-006,Discrete_Transistor_X,85.0,5.16,nominal,248.85422403188713,241.45137177654368,238.0732144952396,230.79800826182225,False,normal,none,-7.402852255343447,-3.378157281304084,-7.27520623341735,256.66928908786235,26.206648719812005,-0.9872029461928734,230.79800826182225,,
LOT-006-C0046,LOT-006,Discrete_Transistor_X,85.0,5.16,nominal,257.3286304727305,268.4530857170185,299.96627404149416,334.47066707291395,True,gradual_degradation,low,11.124455244288015,31.513188324475664,34.504393031419795,256.66928908786235,26.206648719812005,2.9687648663842476,334.47066707291395,,
LOT-006-C0047,LOT-006,Discrete_Transistor_X,85.0,5.16,nominal,251.9882502418769,247.36443859500307,251.5438881057169,253.45958414981786,False,normal,none,-4.623811646873833,4.179449510713823,1.9156960441009687,256.66928908786235,26.206648719812005,-0.1224767413934154,253.45958414981786,,
LOT-006-C0048,LOT-006,Discrete_Transistor_X,85.0,5.16,nominal,263.86245013629855,276.9878199839479,289.46517464131097,336.25869735456007,True,accelerating_degradation,medium,13.125369847649324,12.477354657363094,46.793522713249104,256.66928908786235,26.206648719812005,3.0369929828734183,336.25869735456007,,
LOT-006-C0049,LOT-006,Discrete_Transistor_X,85.0,5.16,nominal,270.036734720637,,265.13623568576975,268.11865752054365,False,normal,none,,,2.982421834773902,256.66928908786235,26.206648719812005,0.4368879269948649,268.11865752054365,,
LOT-006-C0050,LOT-006,Discrete_Transistor_X,85.0,5.16,nominal,235.23001907121176,243.6731595834129,234.36496875092038,241.010417990828,False,normal,none,8.443140512201154,-9.308190832492528,6.645449239907606,256.66928908786235,26.206648719812005,-0.597515205566761,241.010417990828,,
LOT-006-C0051,LOT-006,Discrete_Transistor_X,85.0,5.16,nominal,248.8597334810045,247.48663925882443,245.08963084252497,249.98452034865443,False,normal,none,-1.3730942221800717,-2.3970084162994567,4.894889506129459,256.66928908786235,26.206648719812005,-0.2550791141087146,249.98452034865443,,
LOT-006-C0052,LOT-006,Discrete_Transistor_X,85.0,5.16,nominal,251.70822972083246,255.87808966979642,255.07220859136638,251.6068510333824,False,normal,none,4.1698599489639605,-0.8058810784300476,-3.465357557983964,256.66928908786235,26.206648719812005,-0.19317380518985552,251.6068510333824,,
LOT-006-C0053,LOT-006,Discrete_Transistor_X,85.0,5.16,nominal,246.875278332995,255.44839548659118,255.11957663209557,249.56830367887616,False,normal,none,8.573117153596172,-0.32881885449560855,-5.55127295321941,256.66928908786235,26.206648719812005,-0.27096121617480623,249.56830367887616,,
LOT-006-C0054,LOT-006,Discrete_Transistor_X,85.0,5.16,nominal,247.64508985801285,251.9086949452923,248.23981477002516,249.3540473760428,False,normal,none,4.263605087279444,-3.668880175267134,1.114232606017623,256.66928908786235,26.206648719812005,-0.2791368629400258,249.3540473760428,,
LOT-006-C0055,LOT-006,Discrete_Transistor_X,85.0,5.16,nominal,262.0301370896366,256.77378315807925,262.0594850428585,262.75564668990233,False,normal,none,-5.256353931557328,5.285701884779257,0.696161647043823,256.66928908786235,26.206648719812005,0.2322447889889388,262.75564668990233,,
LOT-006-C0056,LOT-006,Discrete_Transistor_X,85.0,5.16,nominal,234.13398958054992,242.68525290238796,274.75943804824436,316.9051644174702,True,accelerating_degradation,medium,8.551263321838036,32.074185145856404,42.14572636922583,256.66928908786235,26.206648719812005,2.298495926496318,316.9051644174702,,
LOT-006-C0057,LOT-006,Discrete_Transistor_X,85.0,5.16,nominal,252.2646408966657,252.50121726270046,251.99168410510867,244.15186402301148,False,normal,none,0.23657636603476817,-0.5095331575917896,-7.839820082097191,256.66928908786235,26.206648719812005,-0.4776431049494627,244.15186402301148,,
LOT-006-C0058,LOT-006,Discrete_Transistor_X,85.0,5.16,nominal,260.4226687474668,262.5958759576696,258.3177172026141,253.08028306595443,False,normal,none,2.173207210202804,-4.278158755055472,-5.237434136659687,256.66928908786235,26.206648719812005,-0.13695020909692515,253.08028306595443,,
LOT-006-C0059,LOT-006,Discrete_Transistor_X,85.0,5.16,nominal,259.88611245077834,249.8020699476997,251.1472577859654,246.64138867442136,False,normal,none,-10.08404250307865,1.3451878382657014,-4.50586911154403,256.66928908786235,26.206648719812005,-0.3826471870041125,246.64138867442136,,
LOT-007-C0000,LOT-007,Discrete_Transistor_X,125.0,5.11,nominal,253.62085564680666,254.66894739144146,,253.35967724041558,False,normal,none,1.048091744634803,,,298.21779524635343,91.01303908847855,-0.4928757291834736,253.35967724041558,,
LOT-007-C0001,LOT-007,Discrete_Transistor_X,125.0,5.11,nominal,232.27660043817693,224.52913970911226,238.4703224215103,235.41722987156095,False,normal,none,-7.74746072906467,13.941182712398046,-3.053092549949355,298.21779524635343,91.01303908847855,-0.6900172327367374,235.41722987156095,,
LOT-007-C0002,LOT-007,Discrete_Transistor_X,125.0,5.11,nominal,268.22722744497986,315.9884065332364,430.2605980321606,556.3184923338815,True,gradual_degradation,low,47.76117908825654,114.2721914989242,126.05789430172092,298.21779524635343,91.01303908847855,2.8358650548589512,556.3184923338815,,
LOT-007-C0003,LOT-007,Discrete_Transistor_X,125.0,5.11,nominal,236.30122411242266,252.33571804407947,336.77490168001657,533.9487291811029,True,accelerating_degradation,medium,16.03449393165681,84.4391836359371,197.1738275010863,298.21779524635343,91.01303908847855,2.5900786996639353,533.9487291811029,,
LOT-007-C0004,LOT-007,Discrete_Transistor_X,125.0,5.11,nominal,273.0409559731728,262.4459614566317,270.945837483491,268.62904689231317,False,normal,none,-10.594994516541078,8.499876026859283,-2.316790591177835,298.21779524635343,91.01303908847855,-0.32510449766736704,268.62904689231317,,
LOT-007-C0005,LOT-007,Discrete_Transistor_X,125.0,5.11,nominal,275.43527742845913,280.4542904740595,272.71197399550226,280.85181963902687,False,normal,none,5.0190130456003885,-7.742316478557257,8.139845643524609,298.21779524635343,91.01303908847855,-0.19080755660124904,280.85181963902687,,
LOT-007-C0006,LOT-007,Discrete_Transistor_X,125.0,5.11,nominal,265.8823841337754,263.51073519453536,264.8601614394847,261.2580517504878,False,normal,none,-2.3716489392400604,1.3494262449493704,-3.6021096889969044,298.21779524635343,91.01303908847855,-0.40609283972964694,261.2580517504878,,
LOT-007-C0007,LOT-007,Discrete_Transistor_X,125.0,5.11,nominal,262.1825703524055,259.5061688721613,264.73879806466,267.43764158109184,False,normal,none,-2.6764014802441807,5.232629192498678,2.6988435164318503,298.21779524635343,91.01303908847855,-0.33819498803175435,267.43764158109184,,
LOT-007-C0008,LOT-007,Discrete_Transistor_X,125.0,5.11,nominal,247.67344628510958,245.83217926240488,231.77894114022735,255.11798708827766,False,normal,none,-1.8412670227046988,-14.053238122177532,23.339045948050313,298.21779524635343,91.01303908847855,-0.47355641114429975,255.11798708827766,,
LOT-007-C0009,LOT-007,Discrete_Transistor_X,125.0,5.11,nominal,231.72100697740171,238.8503703744215,379.4923365087642,660.7225535613787,True,accelerating_degradation,medium,7.129363397019773,140.6419661343427,281.23021705261453,298.21779524635343,91.01303908847855,3.9829980620976233,660.7225535613787,,
LOT-007-C0010,LOT-007,Discrete_Transistor_X,125.0,5.11,nominal,250.48084387112843,260.2257464521367,255.68385739653857,255.00189880711673,False,normal,none,9.74490258100829,-4.541889055598148,-0.6819585894218392,298.21779524635343,91.01303908847855,-0.4748319237776937,255.00189880711673,,
LOT-007-C0011,LOT-007,Discrete_Transistor_X,125.0,5.11,nominal,258.79902082949883,261.0108273183807,263.92136142409197,258.9075699929653,False,normal,none,2.211806488881848,2.9105341057112923,-5.013791431126663,298.21779524635343,91.01303908847855,-0.4319186091036098,258.9075699929653,,
LOT-007-C0012,LOT-007,Discrete_Transistor_X,125.0,5.11,nominal,251.99336430420314,253.39427796066897,248.19435385782205,260.3423005179649,False,normal,none,1.400913656465832,-5.199924102846921,12.147946660142821,298.21779524635343,91.01303908847855,-0.4161545983709851,260.3423005179649,,
LOT-007-C0013,LOT-007,Discrete_Transistor_X,125.0,5.11,nominal,257.1785343247313,252.51008311174832,246.12973641254288,256.7031041182302,False,normal,none,-4.668451212982973,-6.3803466992054325,10.573367705687332,298.21779524635343,91.01303908847855,-0.45614003821765153,256.7031041182302,,
LOT-007-C0014,LOT-007,Discrete_Transistor_X,125.0,5.11,nominal,255.58733507931456,381.9942854718405,252.069313045221,256.58403312359684,True,intermittent_anomaly,medium,126.40695039252594,-129.9249724266195,4.514720078375831,298.21779524635343,91.01303908847855,-0.45744832322632617,256.58403312359684,,
LOT-007-C0015,LOT-007,Discrete_Transistor_X,125.0,5.11,nominal,246.49303794343126,257.1242902423072,251.3283918865637,251.99404006839106,False,normal,none,10.63125229887595,-5.795898355743503,0.6656481818273505,298.21779524635343,91.01303908847855,-0.5078805810783423,251.99404006839106,,
LOT-007-C0016,LOT-007,Discrete_Transistor_X,125.0,5.11,nominal,236.28586086547605,239.26837539544505,227.8050494625986,235.29508705927051,False,normal,none,2.982514529968995,-11.463325932846459,7.490037596671925,298.21779524635343,91.01303908847855,-0.6913592691472752,235.29508705927051,,
LOT-007-C0017,LOT-007,Discrete_Transistor_X,125.0,5.11,nominal,266.8673976819003,267.36577064846335,272.92822395572654,262.56976149371303,False,normal,none,0.4983729665630676,5.562453307263183,-10.358462462013506,298.21779524635343,91.01303908847855,-0.3916805120416326,262.56976149371303,,
LOT-007-C0018,LOT-007,Discrete_Transistor_X,125.0,5.11,nominal,260.0327208958649,283.5923554420059,381.1054359113716,486.30596921914304,True,gradual_degradation,low,23.559634546141012,97.51308046936572,105.20053330777142,298.21779524635343,91.01303908847855,2.066606893435777,486.30596921914304,,
LOT-007-C0019,LOT-007,Discrete_Transistor_X,125.0,5.11,nominal,240.26674270279432,248.6373973002099,248.33363452106644,244.0561849288054,False,normal,none,8.37065459741558,-0.3037627791434545,-4.277449592261036,298.21779524635343,91.01303908847855,-0.5950972614472821,244.0561849288054,,
LOT-007-C0020,LOT-007,Discrete_Transistor_X,125.0,5.11,nominal,271.64130220628243,268.90384699630226,266.9216057100774,268.3767501526312,False,normal,none,-2.737455209980169,-1.9822412862248484,1.4551444425537738,298.21779524635343,91.01303908847855,-0.32787659210799674,268.3767501526312,,
LOT-007-C0021,LOT-007,Discrete_Transistor_X,125.0,5.11,nominal,266.71988958873766,,263.3851783881228,265.9185273566959,False,normal,none,,,2.5333489685730797,298.21779524635343,91.01303908847855,-0.35488615931457596,265.9185273566959,,
LOT-007-C0022,LOT-007,Discrete_Transistor_X,125.0,5.11,nominal,277.5383284993003,274.02737275526226,279.0454285202024,282.1626185633903,False,normal,none,-3.5109557440380286,5.018055764940129,3.117190043187918,298.21779524635343,91.01303908847855,-0.17640523647776493,282.1626185633903,,
LOT-007-C0023,LOT-007,Discrete_Transistor_X,125.0,5.11,nominal,253.65316231340307,293.04463598991754,413.20652856285454,518.8558166464134,True,gradual_degradation,low,39.391473676514465,120.161892572937,105.64928808355882,298.21779524635343,91.01303908847855,2.4242462795420567,518.8558166464134,,
LOT-007-C0024,LOT-007,Discrete_Transistor_X,125.0,5.11,nominal,273.4280834541351,287.1316078221095,269.9982128407398,268.3747213103449,False,normal,none,13.70352436797441,-17.13339498136969,-1.6234915303949151,298.21779524635343,91.01303908847855,-0.3278988838840609,268.3747213103449,,
LOT-007-C0025,LOT-007,Discrete_Transistor_X,125.0,5.11,nominal,259.7231680773315,273.62871787923325,261.04049323463954,266.7473788336875,False,normal,none,13.90554980190177,-12.588224644593708,5.706885599047951,298.21779524635343,91.01303908847855,-0.3457792062307896,266.7473788336875,,
LOT-007-C0026,LOT-007,Discrete_Transistor_X,125.0,5.11,nominal,256.96681834202843,247.79735324060013,257.49850465572325,246.1577228336271,False,normal,none,-9.169465101428301,9.701151415123121,-11.340781822096147,298.21779524635343,91.01303908847855,-0.572006746880697,246.1577228336271,,
LOT-007-C0027,LOT-007,Discrete_Transistor_X,125.0,5.11,nominal,236.87346520952366,245.4015101151483,248.32132936750938,243.70010813025323,False,normal,none,8.528044905624654,2.9198192523610658,-4.621221237256151,298.21779524635343,91.01303908847855,-0.5990096327087892,243.70010813025323,,
LOT-007-C0028,LOT-007,Discrete_Transistor_X,125.0,5.11,nominal,252.98608917567552,250.66227456309088,253.57894633573866,264.8997941087872,False,normal,none,-2.3238146125846413,2.9166717726477884,11.320847773048541,298.21779524635343,91.01303908847855,-0.3660794263245737,264.8997941087872,,
LOT-007-C0029,LOT-007,Discrete_Transistor_X,125.0,5.11,nominal,272.5805773943443,284.49793141455433,346.6600197020923,406.03387531208745,True,gradual_degradation,low,11.917354020210041,62.16208828753798,59.37385560999513,298.21779524635343,91.01303908847855,1.1846223480233458,406.03387531208745,,
LOT-007-C0030,LOT-007,Discrete_Transistor_X,125.0,5.11,nominal,261.52461071574294,257.7465113726541,254.11362663062187,257.821782318964,False,normal,none,-3.7780993430888543,-3.6328847420322177,3.708155688342117,298.21779524635343,91.01303908847855,-0.4438486323714382,257.821782318964,,
LOT-007-C0031,LOT-007,Discrete_Transistor_X,125.0,5.11,nominal,259.6908821665457,249.45898977859005,259.8080305510284,264.3060489576062,False,normal,none,-10.23189238795564,10.349040772438372,4.498018406577785,298.21779524635343,91.01303908847855,-0.37260316355088235,264.3060489576062,,
LOT-007-C0032,LOT-007,Discrete_Transistor_X,125.0,5.11,nominal,287.8139303179925,272.8419869543469,277.3594091591437,273.5170319988394,False,normal,none,-14.971943363645607,4.517422204796787,-3.842377160304295,298.21779524635343,91.01303908847855,-0.27139807103354857,273.5170319988394,,
LOT-007-C0033,LOT-007,Discrete_Transistor_X,125.0,5.11,nominal,260.356952687439,267.6896102769144,265.2422365338167,248.9558512727789,False,normal,none,7.332657589475389,-2.447373743097671,-16.28638526103782,298.21779524635343,91.01303908847855,-0.5412624879571862,248.9558512727789,,
LOT-007-C0034,LOT-007,Discrete_Transistor_X,125.0,5.11,nominal,255.96887896833775,258.70191771810846,267.7424220221192,270.59387239181893,False,normal,none,2.7330387497707136,9.04050430401071,2.851450369699762,298.21779524635343,91.01303908847855,-0.30351610199149415,270.59387239181893,,
LOT-007-C0035,LOT-007,Discrete_Transistor_X,125.0,5.11,nominal,276.4613464561716,267.2599935698238,260.63281199199287,263.7731361960454,False,normal,none,-9.20135288634782,-6.627181577830925,3.140324204052547,298.21779524635343,91.01303908847855,-0.3784585087508457,263.7731361960454,,
LOT-007-C0036,LOT-007,Discrete_Transistor_X,125.0,5.11,nominal,279.9959717223398,278.5497347512966,287.6619779355947,282.46948091159095,False,normal,none,-1.446236971043163,9.112243184298052,-5.192497024003728,298.21779524635343,91.01303908847855,-0.1730336058710524,282.46948091159095,,
LOT-007-C0037,LOT-007,Discrete_Transistor_X,125.0,5.11,nominal,256.9602481909554,256.4232863075696,259.81442912460363,262.0025797988527,False,normal,none,-0.5369618833857999,3.3911428170340514,2.188150674249073,298.21779524635343,91.01303908847855,-0.3979123849747948,262.0025797988527,,
LOT-007-C0038,LOT-007,Discrete_Transistor_X,125.0,5.11,nominal,355.04072693844086,,348.44751711905514,343.66560771415806,True,lot_relative_anomaly,medium,,,-4.781909404897078,298.21779524635343,91.01303908847855,0.4993549597176117,343.66560771415806,,
LOT-007-C0039,LOT-007,Discrete_Transistor_X,125.0,5.11,nominal,259.63882732973474,265.7473374630082,263.21038140270815,257.04724592558256,False,normal,none,6.108510133273455,-2.5369560603000423,-6.163135477125593,298.21779524635343,91.01303908847855,-0.4523588019156994,257.04724592558256,,
LOT-007-C0040,LOT-007,Discrete_Transistor_X,125.0,5.11,nominal,261.6295766618875,266.1528602712184,254.4210515798414,261.3414193111045,False,normal,none,4.523283609330917,-11.731808691377012,6.920367731263127,298.21779524635343,91.01303908847855,-0.40517684393990466,261.3414193111045,,
LOT-007-C0041,LOT-007,Discrete_Transistor_X,125.0,5.11,nominal,273.36383078645986,272.8987317251369,282.7058285685562,274.7555677089357,False,normal,none,-0.46509906132297374,9.807096843419345,-7.950260859620528,298.21779524635343,91.01303908847855,-0.257789738397911,274.7555677089357,,
LOT-007-C0042,LOT-007,Discrete_Transistor_X,125.0,5.11,nominal,266.36808315322713,273.73252955429535,264.8998624934022,262.7664379613223,False,normal,none,7.364446401068221,-8.83266706089313,-2.133424532079914,298.21779524635343,91.01303908847855,-0.3895195418160578,262.7664379613223,,
LOT-007-C0043,LOT-007,Discrete_Transistor_X,125.0,5.11,nominal,252.14145703892672,254.09118309619024,256.0232964318026,257.30174897925826,False,normal,none,1.9497260572635184,1.9321133356123426,1.2784525474556858,298.21779524635343,91.01303908847855,-0.4495624657398654,257.30174897925826,,
LOT-007-C0044,LOT-007,Discrete_Transistor_X,125.0,5.11,nominal,272.47179018269134,277.4866181153527,258.76016101069257,270.66072778475603,False,normal,none,5.014827932661376,-18.726457104660142,11.900566774063464,298.21779524635343,91.01303908847855,-0.3027815325978482,270.66072778475603,,
LOT-007-C0045,LOT-007,Discrete_Transistor_X,125.0,5.11,nominal,264.17279950227476,275.2665845445477,275.23210256890246,276.99998858485964,False,normal,none,11.093785042272941,-0.03448197564523525,1.767886015957174,298.21779524635343,91.01303908847855,-0.23312930624003064,276.99998858485964,,
LOT-007-C0046,LOT-007,Discrete_Transistor_X,125.0,5.11,nominal,230.92262641515066,262.1566134914061,377.24862533036736,489.2041612138388,True,gradual_degradation,low,31.23398707625546,115.09201183896124,111.95553588347144,298.21779524635343,91.01303908847855,2.0984505943353624,489.2041612138388,,
LOT-007-C0047,LOT-007,Discrete_Transistor_X,125.0,5.11,nominal,253.93165526863578,270.49933750911663,362.422535130499,434.0107821893566,True,gradual_degradation,low,16.56768224048085,91.92319762138237,71.58824705885758,298.21779524635343,91.01303908847855,1.4920168395980236,434.0107821893566,,
LOT-007-C0048,LOT-007,Discrete_Transistor_X,125.0,5.11,nominal,248.02299525483335,250.99131009161667,253.88269512526878,258.398585225362,False,normal,none,2.968314836783321,2.8913850336521136,4.51589010009323,298.21779524635343,91.01303908847855,-0.4375110469861475,258.398585225362,,
LOT-007-C0049,LOT-007,Discrete_Transistor_X,125.0,5.11,nominal,301.8447319512521,305.7536703147687,308.51308895005155,316.91298643451876,True,lot_relative_anomaly,medium,3.908938363516654,2.7594186352828274,8.399897484467203,298.21779524635343,91.01303908847855,0.20541222857079575,316.91298643451876,,
LOT-007-C0050,LOT-007,Discrete_Transistor_X,125.0,5.11,nominal,351.1372569688467,355.3002695215027,340.61206267510653,349.4948984985725,True,lot_relative_anomaly,medium,4.163012552655971,-14.688206846396156,8.882835823465996,298.21779524635343,91.01303908847855,0.5634039228419779,349.4948984985725,,
LOT-007-C0051,LOT-007,Discrete_Transistor_X,125.0,5.11,nominal,248.02258549736428,247.5058378317055,254.41430144877475,246.40738687064035,False,normal,none,-0.5167476656587837,6.908463617069259,-8.006914578134399,298.21779524635343,91.01303908847855,-0.5692635790938204,246.40738687064035,,
LOT-007-C0052,LOT-007,Discrete_Transistor_X,125.0,5.11,nominal,259.3477594168261,258.6306077431634,264.2407401963896,260.3857603539305,False,normal,none,-0.71715167366267,5.610132453226186,-3.8549798424591017,298.21779524635343,91.01303908847855,-0.41567708617711835,260.3857603539305,,
LOT-007-C0053,LOT-007,Discrete_Transistor_X,125.0,5.11,nominal,254.2319037737474,253.1310373433919,251.2150216889849,253.94639133135428,False,normal,none,-1.1008664303554951,-1.9160156544070048,2.7313696423693727,298.21779524635343,91.01303908847855,-0.4864292452860584,253.94639133135428,,
LOT-007-C0054,LOT-007,Discrete_Transistor_X,125.0,5.11,nominal,244.6386781604169,248.90301416258083,239.68621857270261,239.80171623696762,False,normal,none,4.26433600216393,-9.216795589878217,0.11549766426500696,298.21779524635343,91.01303908847855,-0.6418429666170852,239.80171623696762,,
LOT-007-C0055,LOT-007,Discrete_Transistor_X,125.0,5.11,nominal,235.78029816469632,230.99172596484257,227.11423002909646,230.24168587602594,False,normal,none,-4.788572199853746,-3.8774959357461114,3.127455846929479,298.21779524635343,91.01303908847855,-0.7468831944425496,230.24168587602594,,
LOT-007-C0056,LOT-007,Discrete_Transistor_X,125.0,5.11,nominal,254.87275004366492,244.00773848985756,245.08634695343426,251.38263128403082,False,normal,none,-10.865011553807363,1.0786084635766997,6.2962843305965634,298.21779524635343,91.01303908847855,-0.5145983963549629,251.38263128403082,,
LOT-007-C0057,LOT-007,Discrete_Transistor_X,125.0,5.11,nominal,330.1734052030124,334.5506707472454,333.87229423238415,334.41225050922145,True,lot_relative_anomaly,medium,4.377265544233012,-0.6783765148612702,0.5399562768373016,298.21779524635343,91.01303908847855,0.39768428376159914,334.41225050922145,,
LOT-007-C0058,LOT-007,Discrete_Transistor_X,125.0,5.11,nominal,279.44479795192444,283.28603009098504,281.16928344626575,272.12430899902023,False,normal,none,3.841232139060594,-2.116746644719285,-9.044974447245522,298.21779524635343,91.01303908847855,-0.2867005267450344,272.12430899902023,,
LOT-007-C0059,LOT-007,Discrete_Transistor_X,125.0,5.11,nominal,260.02492108046624,249.90152496197172,245.76228506637335,256.3171502252395,False,normal,none,-10.123396118494526,-4.139239895598365,10.554865158866164,298.21779524635343,91.01303908847855,-0.4603806821611583,256.3171502252395,,
LOT-008-C0000,LOT-008,Discrete_Transistor_X,85.0,5.12,nominal,207.98049225767411,211.7812885332123,219.3839836758799,210.0190682041128,False,normal,none,3.8007962755381755,7.6026951426676135,-9.364915471767091,242.90053320925824,62.78886965339139,-0.5236830219537073,210.0190682041128,,
LOT-008-C0001,LOT-008,Discrete_Transistor_X,85.0,5.12,nominal,238.72856819626824,230.50251235181136,238.17478950371185,232.38086278368056,False,normal,none,-8.22605584445688,7.672277151900488,-5.793926720031294,242.90053320925824,62.78886965339139,-0.16754036955353108,232.38086278368056,,
LOT-008-C0002,LOT-008,Discrete_Transistor_X,85.0,5.12,nominal,223.56528245947712,225.40688809827546,221.40736633607918,236.64717722543114,False,normal,none,1.8416056387983417,-3.999521762196281,15.239810889351958,242.90053320925824,62.78886965339139,-0.09959338364183064,236.64717722543114,,
LOT-008-C0003,LOT-008,Discrete_Transistor_X,85.0,5.12,nominal,205.77997326642523,196.64281085778484,202.68728320461327,,False,normal,none,-9.137162408640393,6.044472346828428,,242.90053320925824,62.78886965339139,,,,
LOT-008-C0004,LOT-008,Discrete_Transistor_X,85.0,5.12,nominal,243.0416181459605,239.10326551358656,227.69545435897237,225.54506431563317,False,normal,none,-3.938352632373949,-11.407811154614194,-2.1503900433392005,242.90053320925824,62.78886965339139,-0.27640995911267624,225.54506431563317,,
LOT-008-C0005,LOT-008,Discrete_Transistor_X,85.0,5.12,nominal,235.4204975679982,246.49440593066754,269.37836398505107,284.21134892186586,True,gradual_degradation,low,11.073908362669329,22.883958054383527,14.832984936814796,242.90053320925824,62.78886965339139,0.6579321453093927,284.21134892186586,,
LOT-008-C0006,LOT-008,Discrete_Transistor_X,85.0,5.12,nominal,211.26618754783647,214.44714725820288,207.47125240934213,218.59308628341495,False,normal,none,3.180959710366409,-6.975894848860747,11.12183387407282,242.90053320925824,62.78886965339139,-0.38712986967317364,218.59308628341495,,
LOT-008-C0007,LOT-008,Discrete_Transistor_X,85.0,5.12,nominal,209.7481758492073,217.277373383843,237.18921386148673,255.57472012263904,True,gradual_degradation,low,7.529197534635699,19.91184047764372,18.3855062611523,242.90053320925824,62.78886965339139,0.2018540385158252,255.57472012263904,,
LOT-008-C0008,LOT-008,Discrete_Transistor_X,85.0,5.12,nominal,678.8102180857845,215.9767688801058,225.59673265629678,220.99458547944488,False,measurement_anomaly,low,-462.83344920567873,9.619963776190986,-4.602147176851901,242.90053320925824,62.78886965339139,-0.3488826578777273,220.99458547944488,,
LOT-008-C0009,LOT-008,Discrete_Transistor_X,85.0,5.12,nominal,216.07462477278526,209.82113966815936,217.52072088513177,209.40558916680277,False,normal,none,-6.253485104625895,7.699581216972405,-8.115131718328996,242.90053320925824,62.78886965339139,-0.5334535281070524,209.40558916680277,,
LOT-008-C0010,LOT-008,Discrete_Transistor_X,85.0,5.12,nominal,218.254114304788,218.85588873226084,218.1653381086418,213.35940611237143,False,normal,none,0.6017744274728329,-0.690550623619032,-4.805931996270374,242.90053320925824,62.78886965339139,-0.4704834990653669,213.35940611237143,,
LOT-008-C0011,LOT-008,Discrete_Transistor_X,85.0,5.12,nominal,224.08348839824666,216.03208490088642,225.71905465844145,222.11121584884668,False,normal,none,-8.05140349736024,9.686969757555033,-3.6078388095947673,242.90053320925824,62.78886965339139,-0.3310987675868867,222.11121584884668,,
LOT-008-C0012,LOT-008,Discrete_Transistor_X,85.0,5.12,nominal,216.65410696968928,220.62881955055124,219.10150757453806,222.38570062760888,False,normal,none,3.9747125808619614,-1.5273119760131806,3.2841930530708225,242.90053320925824,62.78886965339139,-0.3267272160638633,222.38570062760888,,
LOT-008-C0013,LOT-008,Discrete_Transistor_X,85.0,5.12,nominal,241.0919664631007,240.3412035264867,245.49756218097266,238.84560144613096,False,normal,none,-0.7507629366139952,5.156358654485956,-6.651960734841708,242.90053320925824,62.78886965339139,-0.06458042301942074,238.84560144613096,,
LOT-008-C0014,LOT-008,Discrete_Transistor_X,85.0,5.12,nominal,240.20505181607908,234.40846967954,231.37327906978402,236.10187743704296,False,normal,none,-5.796582136539087,-3.035190609755972,4.72859836725894,242.90053320925824,62.78886965339139,-0.1082780405149095,236.10187743704296,,
LOT-008-C0015,LOT-008,Discrete_Transistor_X,85.0,5.12,nominal,221.92058605219307,237.65560358281957,255.82718995777518,339.01357651926276,True,accelerating_degradation,medium,15.735017530626493,18.17158637495561,83.18638656148758,242.90053320925824,62.78886965339139,1.5307337724117351,339.01357651926276,,
LOT-008-C0016,LOT-008,Discrete_Transistor_X,85.0,5.12,nominal,229.093534262775,229.68844982086733,,234.36519683234798,False,normal,none,0.5949155580923389,,,242.90053320925824,62.78886965339139,-0.13593709241824598,234.36519683234798,,
LOT-008-C0017,LOT-008,Discrete_Transistor_X,85.0,5.12,nominal,213.7933153846466,203.60320519237794,203.58250436985756,208.34120892572693,False,normal,none,-10.190110192268662,-0.02070082252038219,4.758704555869372,242.90053320925824,62.78886965339139,-0.5504052624980592,208.34120892572693,,
LOT-008-C0018,LOT-008,Discrete_Transistor_X,85.0,5.12,nominal,217.13559627087693,220.67668016557948,221.78709806090072,,False,normal,none,3.5410838947025525,1.110417895321234,,242.90053320925824,62.78886965339139,,,,
LOT-008-C0019,LOT-008,Discrete_Transistor_X,85.0,5.12,nominal,237.9319494631905,246.96398502477277,239.1218448170445,237.16882411439218,False,normal,none,9.032035561582262,-7.842140207728278,-1.95302070265231,242.90053320925824,62.78886965339139,-0.09128543205995551,237.16882411439218,,
LOT-008-C0020,LOT-008,Discrete_Transistor_X,85.0,5.12,nominal,242.6654811452213,231.35492787643514,234.80839293386208,235.29453931913488,False,normal,none,-11.310553268786151,3.453465057426939,0.4861463852728036,242.90053320925824,62.78886965339139,-0.12113602191136974,235.29453931913488,,
LOT-008-C0021,LOT-008,Discrete_Transistor_X,85.0,5.12,nominal,253.40209887664633,239.46025503835702,250.15799989563595,241.71974939232243,False,normal,none,-13.941843838289316,10.697744857278934,-8.438250503313526,242.90053320925824,62.78886965339139,-0.018805623089792917,241.71974939232243,,
LOT-008-C0022,LOT-008,Discrete_Transistor_X,85.0,5.12,nominal,240.98270048815567,240.76231058005988,242.71842105775332,236.33704488476553,False,normal,none,-0.22038990809579673,1.9561104776934428,-6.381376172987785,242.90053320925824,62.78886965339139,-0.10453267212365239,236.33704488476553,,
LOT-008-C0023,LOT-008,Discrete_Transistor_X,85.0,5.12,nominal,219.92143332178034,224.60681253188466,225.40132531607966,221.85581179579384,False,normal,none,4.6853792101043155,0.7945127841950068,-3.545513520285823,242.90053320925824,62.78886965339139,-0.3351664320386077,221.85581179579384,,
LOT-008-C0024,LOT-008,Discrete_Transistor_X,85.0,5.12,nominal,219.12655420277665,208.7496046935326,213.81553630811115,213.49041634827805,False,normal,none,-10.376949509244042,5.065931614578545,-0.3251199598331027,242.90053320925824,62.78886965339139,-0.468396979008073,213.49041634827805,,
LOT-008-C0025,LOT-008,Discrete_Transistor_X,85.0,5.12,nominal,236.1232206367957,235.92747699780338,229.01380902189584,238.47453791809244,False,normal,none,-0.19574363899232594,-6.9136679759075435,9.4607288961966,242.90053320925824,62.78886965339139,-0.07049012532950966,238.47453791809244,,
LOT-008-C0026,LOT-008,Discrete_Transistor_X,85.0,5.12,nominal,225.81645310727757,217.42513994842898,225.444173337578,224.02850374030223,False,normal,none,-8.39131315884859,8.01903338914903,-1.4156695972757802,242.90053320925824,62.78886965339139,-0.30056329367185364,224.02850374030223,,
LOT-008-C0027,LOT-008,Discrete_Transistor_X,85.0,5.12,nominal,215.9544493351823,216.98400092283657,374.3104506753944,220.87300878350524,True,intermittent_anomaly,medium,1.0295515876542822,157.32644975255783,-153.43744189188916,242.90053320925824,62.78886965339139,-0.35081893570229666,220.87300878350524,,
LOT-008-C0028,LOT-008,Discrete_Transistor_X,85.0,5.12,nominal,223.84960273281166,221.0098397149472,226.1007349361133,229.43593174954765,False,normal,none,-2.8397630178644704,5.090895221166107,3.335196813434351,242.90053320925824,62.78886965339139,-0.21444248851807982,229.43593174954765,,
LOT-008-C0029,LOT-008,Discrete_Transistor_X,85.0,5.12,nominal,308.0559801933271,312.84206421714543,311.87442476457113,309.0514534157052,True,lot_relative_anomaly,medium,4.786084023818319,-0.9676394525743035,-2.822971348865906,242.90053320925824,62.78886965339139,1.053545326928401,309.0514534157052,,
LOT-008-C0030,LOT-008,Discrete_Transistor_X,85.0,5.12,nominal,220.24772118167957,224.49194025684724,222.9939789772741,222.1117905822325,False,normal,none,4.244219075167678,-1.4979612795731327,-0.8821883950416236,242.90053320925824,62.78886965339139,-0.3310896141590742,222.1117905822325,,
LOT-008-C0031,LOT-008,Discrete_Transistor_X,85.0,5.12,nominal,226.71547810823893,224.7050261712559,233.65614561528702,224.17929758219609,False,normal,none,-2.0104519369830314,8.951119444031121,-9.476848033090931,242.90053320925824,62.78886965339139,-0.2981616921981168,224.17929758219609,,
LOT-008-C0032,LOT-008,Discrete_Transistor_X,85.0,5.12,nominal,216.06032610083494,214.02112241114705,213.23337848842954,222.71469746808185,False,normal,none,-2.039203689687895,-0.7877439227175103,9.481318979652315,242.90053320925824,62.78886965339139,-0.3214874842086937,222.71469746808185,,
LOT-008-C0033,LOT-008,Discrete_Transistor_X,85.0,5.12,nominal,207.61827008817235,212.4642887147182,213.07901859788834,208.77186910685737,False,normal,none,4.846018626545856,0.6147298831701278,-4.30714949103097,242.90053320925824,62.78886965339139,-0.5435464006725832,208.77186910685737,,
LOT-008-C0034,LOT-008,Discrete_Transistor_X,85.0,5.12,nominal,231.6736952517062,224.37361891673584,232.93858002917253,226.32672079971488,False,normal,none,-7.300076334970356,8.564961112436691,-6.61185922945765,242.90053320925824,62.78886965339139,-0.26396099342183604,226.32672079971488,,
LOT-008-C0035,LOT-008,Discrete_Transistor_X,85.0,5.12,nominal,241.19771870131967,231.59257425151552,239.32971015944455,226.02530763937668,False,normal,none,-9.605144449804158,7.73713590792903,-13.304402520067867,242.90053320925824,62.78886965339139,-0.26876141684086025,226.02530763937668,,
LOT-008-C0036,LOT-008,Discrete_Transistor_X,85.0,5.12,nominal,,230.16621340498943,533.9609140790379,543.3760174316246,True,sudden_failure,critical,,303.7947006740485,9.415103352586698,242.90053320925824,62.78886965339139,4.785489623894462,543.3760174316246,,
LOT-008-C0037,LOT-008,Discrete_Transistor_X,85.0,5.12,nominal,234.19647957100344,238.8558707806612,239.0712756141869,235.30959313719777,False,normal,none,4.65939120965777,0.21540483352569595,-3.7616824769891366,242.90053320925824,62.78886965339139,-0.12089626894008706,235.30959313719777,,
LOT-008-C0038,LOT-008,Discrete_Transistor_X,85.0,5.12,nominal,224.10019149924398,226.5082051472589,238.0790892596513,227.36924501759515,False,normal,none,2.4080136480149292,11.570884112392406,-10.709844242056164,242.90053320925824,62.78886965339139,-0.2473573465711245,227.36924501759515,,
LOT-008-C0039,LOT-008,Discrete_Transistor_X,85.0,5.12,nominal,242.86241238263054,231.65975785736936,239.82565353531146,242.93889411673422,False,normal,none,-11.202654525261181,8.165895677942103,3.113240581422758,242.90053320925824,62.78886965339139,0.0006109507574787839,242.93889411673422,,
LOT-008-C0040,LOT-008,Discrete_Transistor_X,85.0,5.12,nominal,227.1206659479269,223.50290134322665,223.73329443306235,225.757113690397,False,normal,none,-3.6177646047002554,0.23039308983570095,2.023819257334651,242.90053320925824,62.78886965339139,-0.2730327781579243,225.757113690397,,
LOT-008-C0041,LOT-008,Discrete_Transistor_X,85.0,5.12,nominal,218.22851581211458,214.80446719079688,217.895692267661,212.67885152158237,False,normal,none,-3.424048621317695,3.091225076864106,-5.216840746078617,242.90053320925824,62.78886965339139,-0.4813222766153669,212.67885152158237,,
LOT-008-C0042,LOT-008,Discrete_Transistor_X,85.0,5.12,nominal,218.04563707484232,213.72988601126778,212.03912065495356,222.40941843183734,False,normal,none,-4.315751063574538,-1.6907653563142162,10.370297776883774,242.90053320925824,62.78886965339139,-0.32634947707350753,222.40941843183734,,
LOT-008-C0043,LOT-008,Discrete_Transistor_X,85.0,5.12,nominal,218.967838518387,219.1927088061649,227.02612525580955,222.83338366638085,False,normal,none,0.22487028777788964,7.833416449644659,-4.192741589428692,242.90053320925824,62.78886965339139,-0.31959724157565733,222.83338366638085,,
LOT-008-C0044,LOT-008,Discrete_Transistor_X,85.0,5.12,nominal,211.94004850441365,222.00588389121555,223.5551020448075,217.98743275428723,False,normal,none,10.065835386801893,1.5492181535919656,-5.567669290520286,242.90053320925824,62.78886965339139,-0.3967757437344693,217.98743275428723,,
LOT-008-C0045,LOT-008,Discrete_Transistor_X,85.0,5.12,nominal,219.1780116619133,216.60194419828522,221.37034777863389,225.23140943543456,False,normal,none,-2.5760674636280783,4.768403580348661,3.861061656800672,242.90053320925824,62.78886965339139,-0.28140534893144603,225.23140943543456,,
LOT-008-C0046,LOT-008,Discrete_Transistor_X,85.0,5.12,nominal,210.42149061532132,214.6668835801594,214.78423789028926,210.47542248452623,False,normal,none,4.245392964838089,0.11735431012985487,-4.308815405763028,242.90053320925824,62.78886965339139,-0.5164149458928927,210.47542248452623,,
LOT-008-C0047,LOT-008,Discrete_Transistor_X,85.0,5.12,nominal,230.06694043904778,226.1747167383136,231.2870998562405,222.54009865664528,False,normal,none,-3.892223700734178,5.112383117926896,-8.747001199595218,242.90053320925824,62.78886965339139,-0.3242682129015399,222.54009865664528,,
LOT-008-C0048,LOT-008,Discrete_Transistor_X,85.0,5.12,nominal,213.40009909851796,229.6792747430065,217.29635370911308,209.2971101736716,False,normal,none,16.279175644488532,-12.38292103389341,-7.9992435354414795,242.90053320925824,62.78886965339139,-0.5351812068139634,209.2971101736716,,
LOT-008-C0049,LOT-008,Discrete_Transistor_X,85.0,5.12,nominal,208.50733928950174,210.3596889628137,447.37652464344603,442.6645558563289,True,sudden_failure,critical,1.8523496733119487,237.01683568063234,-4.711968787117144,242.90053320925824,62.78886965339139,3.181519650693073,442.6645558563289,,
LOT-008-C0050,LOT-008,Discrete_Transistor_X,85.0,5.12,nominal,227.69378940161948,228.58839697293948,233.14626790610157,225.40652323309084,False,normal,none,0.8946075713199946,4.557870933162093,-7.739744673010733,242.90053320925824,62.78886965339139,-0.2786164183674313,225.40652323309084,,
LOT-008-C0051,LOT-008,Discrete_Transistor_X,85.0,5.12,nominal,160.00113433923406,155.5191930846748,158.18399166703557,,True,lot_relative_anomaly,medium,-4.481941254559246,2.66479858236076,,242.90053320925824,62.78886965339139,,,,
LOT-008-C0052,LOT-008,Discrete_Transistor_X,85.0,5.12,nominal,204.79852566638007,209.88140834337193,200.60572993020267,200.13037445233817,False,normal,none,5.082882676991858,-9.27567841316926,-0.47535547786449683,242.90053320925824,62.78886965339139,-0.6811742111782059,200.13037445233817,,
LOT-008-C0053,LOT-008,Discrete_Transistor_X,85.0,5.12,nominal,217.7705064871362,220.84366712663567,217.99595164155835,219.33857497663783,False,normal,none,3.073160639499463,-2.847715485077316,1.3426233350794803,242.90053320925824,62.78886965339139,-0.37525692631015173,219.33857497663783,,
LOT-008-C0054,LOT-008,Discrete_Transistor_X,85.0,5.12,nominal,214.6889349988838,214.19970410305237,200.4559598942908,212.2671372431335,False,normal,none,-0.4892308958314402,-13.74374420876157,11.811177348842705,242.90053320925824,62.78886965339139,-0.48787939861360685,212.2671372431335,,
LOT-008-C0055,LOT-008,Discrete_Transistor_X,85.0,5.12,nominal,216.91362076276863,228.27544650683947,219.55222988258015,220.4779634933628,False,normal,none,11.361825744070842,-8.723216624259322,0.9257336107826575,242.90053320925824,62.78886965339139,-0.3571105808987013,220.4779634933628,,
LOT-008-C0056,LOT-008,Discrete_Transistor_X,85.0,5.12,nominal,215.6302662416806,216.00892749164834,215.43190441361352,221.82850315158595,False,normal,none,0.37866124996773465,-0.5770230780348129,6.396598737972425,242.90053320925824,62.78886965339139,-0.33560136014543046,221.82850315158595,,
LOT-008-C0057,LOT-008,Discrete_Transistor_X,85.0,5.12,nominal,211.64472173302607,225.0054641025488,225.5380145473536,224.72161994889558,False,normal,none,13.36074236952274,0.532550444804798,-0.8163945984580323,242.90053320925824,62.78886965339139,-0.28952445490282486,224.72161994889558,,
LOT-008-C0058,LOT-008,Discrete_Transistor_X,85.0,5.12,nominal,237.83470646381448,232.3969828050959,232.08908367474046,243.24638670693594,False,normal,none,-5.437723658718596,-0.30789913035542327,11.157303032195472,242.90053320925824,62.78886965339139,0.005508197544992979,243.24638670693594,,
LOT-008-C0059,LOT-008,Discrete_Transistor_X,85.0,5.12,nominal,217.98531365873393,214.4285064483365,483.41124338130624,471.2899724548331,True,sudden_failure,critical,-3.5568072103974373,268.9827369329697,-12.12127092647313,242.90053320925824,62.78886965339139,3.6374191876097735,471.2899724548331,,
LOT-009-C0000,LOT-009,Discrete_Transistor_X,85.0,5.13,nominal,276.9583346272456,269.77680908437264,278.03644309044233,275.7544899728719,False,normal,none,-7.181525542872976,8.259634006069689,-2.281953117570424,278.83159695706746,57.228158406374384,-0.053769107199731374,275.7544899728719,,
LOT-009-C0001,LOT-009,Discrete_Transistor_X,85.0,5.13,nominal,265.9203418485261,249.68180773490494,257.12055544011287,256.366675997088,False,normal,none,-16.23853411362117,7.4387477052079305,-0.7538794430248572,278.83159695706746,57.228158406374384,-0.39255012891481034,256.366675997088,,
LOT-009-C0002,LOT-009,Discrete_Transistor_X,85.0,5.13,nominal,254.22588056464824,267.1113959807298,274.75365871600764,296.97693411335626,True,gradual_degradation,low,12.885515416081574,7.642262735277825,22.22327539734863,278.83159695706746,57.228158406374384,0.3170700868519941,296.97693411335626,,
LOT-009-C0003,LOT-009,Discrete_Transistor_X,85.0,5.13,nominal,254.5290603491141,139.30045559162608,251.74197178686012,253.9944432924878,True,intermittent_anomaly,medium,-115.22860475748803,112.44151619523404,2.252471505627682,278.83159695706746,57.228158406374384,-0.4340023225666679,253.9944432924878,,
LOT-009-C0004,LOT-009,Discrete_Transistor_X,85.0,5.13,nominal,255.6154503405628,262.5674881491123,252.73286999315835,257.35135139519235,False,normal,none,6.952037808549505,-9.834618155953962,4.618481402034007,278.83159695706746,57.228158406374384,-0.375343994285906,257.35135139519235,,
LOT-009-C0005,LOT-009,Discrete_Transistor_X,85.0,5.13,nominal,290.525707598835,293.0747501937132,297.3428365716188,293.15093033260985,False,normal,none,2.5490425948781876,4.268086377905604,-4.191906239008972,278.83159695706746,57.228158406374384,0.2502148203662521,293.15093033260985,,
LOT-009-C0006,LOT-009,Discrete_Transistor_X,85.0,5.13,nominal,259.7223239009559,269.0795587591662,269.68298544998214,269.9958290454642,False,normal,none,9.35723485821029,0.6034266908159225,0.3128435954820361,278.83159695706746,57.228158406374384,-0.15439546121440645,269.9958290454642,,
LOT-009-C0007,LOT-009,Discrete_Transistor_X,85.0,5.13,nominal,252.74856213275524,261.87204563577967,246.8788575422042,249.9751843139942,False,normal,none,9.123483503024431,-14.993188093575469,3.0963267717899896,278.83159695706746,57.228158406374384,-0.5042345140335511,249.9751843139942,,
LOT-009-C0008,LOT-009,Discrete_Transistor_X,85.0,5.13,nominal,251.9961185674235,244.6262067623142,246.0422132632253,254.3608284206352,False,normal,none,-7.369911805109297,1.4160065009110951,8.31861515740988,278.83159695706746,57.228158406374384,-0.42760013982394,254.3608284206352,,
LOT-009-C0009,LOT-009,Discrete_Transistor_X,85.0,5.13,nominal,261.36964703465605,258.2015984362131,279.9904014094011,298.58244071563945,True,gradual_degradation,low,-3.168048598442965,21.788802973188012,18.592039306238348,278.83159695706746,57.228158406374384,0.3451245734367722,298.58244071563945,,
LOT-009-C0010,LOT-009,Discrete_Transistor_X,85.0,5.13,nominal,271.608903885409,284.14807913343753,305.0220040815041,340.2661851801418,True,gradual_degradation,low,12.539175248028528,20.873924948066588,35.24418109863768,278.83159695706746,57.228158406374384,1.073502798863984,340.2661851801418,,
LOT-009-C0011,LOT-009,Discrete_Transistor_X,85.0,5.13,nominal,270.82989154300947,257.8532118263788,267.76002214566074,268.93917398323583,False,normal,none,-12.976679716630656,9.90681031928193,1.1791518375750911,278.83159695706746,57.228158406374384,-0.17285936240663227,268.93917398323583,,
LOT-009-C0012,LOT-009,Discrete_Transistor_X,85.0,5.13,nominal,238.09191818624632,400.48708702798484,407.93057305361674,396.3838928154334,True,sudden_failure,critical,162.39516884173852,7.443486025631898,-11.546680238183342,278.83159695706746,57.228158406374384,2.054098876004934,396.3838928154334,,
LOT-009-C0013,LOT-009,Discrete_Transistor_X,85.0,5.13,nominal,272.0710617655017,290.82881600314226,318.4273175108415,345.3976383163448,True,gradual_degradation,low,18.75775423764054,27.59850150769921,26.97032080550332,278.83159695706746,57.228158406374384,1.1631693769803861,345.3976383163448,,
LOT-009-C0014,LOT-009,Discrete_Transistor_X,85.0,5.13,nominal,274.23333731159835,261.6243467258183,265.7301417557619,259.9627224869032,False,normal,none,-12.60899058578002,4.105795029943579,-5.767419268858703,278.83159695706746,57.228158406374384,-0.3297131166824781,259.9627224869032,,
LOT-009-C0015,LOT-009,Discrete_Transistor_X,85.0,5.13,nominal,249.9430952129987,253.11609744547934,251.47061364895117,620.7015085240483,True,sudden_failure,critical,3.173002232480627,-1.6454837965281683,369.2308948750972,278.83159695706746,57.228158406374384,5.973805921542664,620.7015085240483,,
LOT-009-C0016,LOT-009,Discrete_Transistor_X,85.0,5.13,nominal,245.88150322482994,247.81097154270077,247.33524641423313,240.73310471684704,False,normal,none,1.9294683178708283,-0.47572512846764425,-6.602141697386088,278.83159695706746,57.228158406374384,-0.6657298312778978,240.73310471684704,,
LOT-009-C0017,LOT-009,Discrete_Transistor_X,85.0,5.13,nominal,271.59034324150485,267.48172929240263,276.27919378604827,262.10260920522893,False,normal,none,-4.108613949102221,8.797464493645634,-14.176584580819338,278.83159695706746,57.228158406374384,-0.29232091714443786,262.10260920522893,,
LOT-009-C0018,LOT-009,Discrete_Transistor_X,85.0,5.13,nominal,263.5385982900277,252.88200437475294,,266.19818695790593,False,normal,none,-10.656593915274783,,,278.83159695706746,57.228158406374384,-0.22075513787202963,266.19818695790593,,
LOT-009-C0019,LOT-009,Discrete_Transistor_X,85.0,5.13,nominal,259.75334929632714,250.6873662804021,262.25935543359134,262.91275089398994,False,normal,none,-9.065983015925042,11.571989153189236,0.653395460398599,278.83159695706746,57.228158406374384,-0.27816456979164994,262.91275089398994,,
LOT-009-C0020,LOT-009,Discrete_Transistor_X,85.0,5.13,nominal,247.2230203554401,247.537797172814,247.4494293874772,251.57705619771343,False,normal,none,0.31477681737391094,-0.0883677853367999,4.127626810236222,278.83159695706746,57.228158406374384,-0.476243540213558,251.57705619771343,,
LOT-009-C0021,LOT-009,Discrete_Transistor_X,85.0,5.13,nominal,379.5494382218001,371.12084759144165,377.61927166973186,,True,lot_relative_anomaly,medium,-8.428590630358428,6.498424078290213,,278.83159695706746,57.228158406374384,,,,
LOT-009-C0022,LOT-009,Discrete_Transistor_X,85.0,5.13,nominal,268.02072339756853,277.829928110795,273.88439464592074,270.1415918272204,False,normal,none,9.80920471322645,-3.945533464874245,-3.7428028187003406,278.83159695706746,57.228158406374384,-0.15184841469368557,270.1415918272204,,
LOT-009-C0023,LOT-009,Discrete_Transistor_X,85.0,5.13,nominal,251.644340202052,252.65014635397463,246.21332639879435,244.72676685763096,False,normal,none,1.0058061519226271,-6.436819955180283,-1.4865595411633876,278.83159695706746,57.228158406374384,-0.595944916788336,244.72676685763096,,
LOT-009-C0024,LOT-009,Discrete_Transistor_X,85.0,5.13,nominal,230.40974348361385,233.14870555745134,232.12077395866842,234.64291979738363,False,normal,none,2.7389620738374845,-1.0279315987829136,2.522145838715204,278.83159695706746,57.228158406374384,-0.7721492074915669,234.64291979738363,,
LOT-009-C0025,LOT-009,Discrete_Transistor_X,85.0,5.13,nominal,246.6006063046422,240.46382456137488,257.68466633229053,246.37144230632984,False,normal,none,-6.136781743267335,17.220841770915655,-11.313224025960693,278.83159695706746,57.228158406374384,-0.5672059970939417,246.37144230632984,,
LOT-009-C0026,LOT-009,Discrete_Transistor_X,85.0,5.13,nominal,251.88746830789665,255.27243490134506,256.8253042700869,254.6517816992323,False,normal,none,3.3849665934484108,1.5528693687418524,-2.1735225708546295,278.83159695706746,57.228158406374384,-0.42251604684070865,254.6517816992323,,
LOT-009-C0027,LOT-009,Discrete_Transistor_X,85.0,5.13,nominal,258.6175358862021,253.8672408036849,248.5778200585567,256.41655374987886,False,normal,none,-4.750295082517226,-5.289420745128183,7.8387336913221475,278.83159695706746,57.228158406374384,-0.39167856928088557,256.41655374987886,,
LOT-009-C0028,LOT-009,Discrete_Transistor_X,85.0,5.13,nominal,342.29761731311856,358.38071380905126,347.71242486438507,350.84982595941506,True,lot_relative_anomaly,medium,16.083096495932693,-10.668288944666187,3.137401095029986,278.83159695706746,57.228158406374384,1.2584404427441058,350.84982595941506,,
LOT-009-C0029,LOT-009,Discrete_Transistor_X,85.0,5.13,nominal,279.59937341956817,279.0893185889771,274.6888630100396,280.55786010829075,False,normal,none,-0.5100548305910593,-4.40045557893751,5.868997098251157,278.83159695706746,57.228158406374384,0.030164576308138062,280.55786010829075,,
LOT-009-C0030,LOT-009,Discrete_Transistor_X,85.0,5.13,nominal,253.58179661832222,253.49673386979342,268.665529563584,250.26012334741358,False,normal,none,-0.08506274852879869,15.1687956937906,-18.405406216170434,278.83159695706746,57.228158406374384,-0.4992555134619085,250.26012334741358,,
LOT-009-C0031,LOT-009,Discrete_Transistor_X,85.0,5.13,nominal,259.284294246389,254.31893668580813,257.60883644883444,248.46361319288624,False,normal,none,-4.9653575605808555,3.2898997630263125,-9.145223255948196,278.83159695706746,57.228158406374384,-0.5306475799647375,248.46361319288624,,
LOT-009-C0032,LOT-009,Discrete_Transistor_X,85.0,5.13,nominal,248.5474433499479,260.4748152628298,246.32281168767855,258.7419241813663,False,normal,none,11.927371912881881,-14.152003575151241,12.419112493687749,278.83159695706746,57.228158406374384,-0.3510452430260881,258.7419241813663,,
LOT-009-C0033,LOT-009,Discrete_Transistor_X,85.0,5.13,nominal,201.66750030260874,192.10832218802358,198.4866100484392,193.66179598645655,True,lot_relative_anomaly,medium,-9.559178114585166,6.378287860415611,-4.824814061982636,278.83159695706746,57.228158406374384,-1.4882498990413822,193.66179598645655,,
LOT-009-C0034,LOT-009,Discrete_Transistor_X,85.0,5.13,nominal,261.39851239984284,272.0474673954836,271.82573289842395,266.1261302189268,False,normal,none,10.648954995640736,-0.22173449705962867,-5.699602679497161,278.83159695706746,57.228158406374384,-0.22201425123485133,266.1261302189268,,
LOT-009-C0035,LOT-009,Discrete_Transistor_X,85.0,5.13,nominal,258.85720548681235,256.9812035542923,269.8934370584685,267.1292319735305,False,normal,none,-1.8760019325200687,12.912233504176243,-2.7642050849379984,278.83159695706746,57.228158406374384,-0.20448613601086044,267.1292319735305,,
LOT-009-C0036,LOT-009,Discrete_Transistor_X,85.0,5.13,nominal,269.12288864353036,280.8985911489204,265.2492246670915,268.51362788709645,False,normal,none,11.77570250539003,-15.649366481828906,3.264403220004965,278.83159695706746,57.228158406374384,-0.1802953189005946,268.51362788709645,,
LOT-009-C0037,LOT-009,Discrete_Transistor_X,85.0,5.13,nominal,249.18741852568107,251.01417693763844,283.3676992552269,352.4542743715321,True,accelerating_degradation,medium,1.8267584119573712,32.35352231758847,69.0865751163052,278.83159695706746,57.228158406374384,1.2864764386034158,352.4542743715321,,
LOT-009-C0038,LOT-009,Discrete_Transistor_X,85.0,5.13,nominal,268.34862525078904,271.212513496135,269.54469836060605,271.31437109560375,False,normal,none,2.8638882453459473,-1.6678151355289401,1.7696727349976982,278.83159695706746,57.228158406374384,-0.1313553689441526,271.31437109560375,,
LOT-009-C0039,LOT-009,Discrete_Transistor_X,85.0,5.13,nominal,261.21700502920163,268.61090241667256,273.09708769094664,278.5797576195883,False,normal,none,7.393897387470929,4.486185274274078,5.482669928641656,278.83159695706746,57.228158406374384,-0.004400619284144522,278.5797576195883,,
LOT-009-C0040,LOT-009,Discrete_Transistor_X,85.0,5.13,nominal,269.98373453959323,261.2016836649033,260.4086213649066,272.02493721047074,False,normal,none,-8.7820508746899,-0.793062299996734,11.616315845564145,278.83159695706746,57.228158406374384,-0.1189389967481211,272.02493721047074,,
LOT-009-C0041,LOT-009,Discrete_Transistor_X,85.0,5.13,nominal,255.8486434736015,255.71031868942302,246.16995621320746,254.10800868017694,False,normal,none,-0.13832478417847938,-9.540362476215563,7.938052466969481,278.83159695706746,57.228158406374384,-0.43201789058682477,254.10800868017694,,
LOT-009-C0042,LOT-009,Discrete_Transistor_X,85.0,5.13,nominal,264.7723263941643,267.39803741039225,268.30970010930406,266.99543299383555,False,normal,none,2.6257110162279673,0.9116626989118117,-1.3142671154685104,278.83159695706746,57.228158406374384,-0.20682412806618525,266.99543299383555,,
LOT-009-C0043,LOT-009,Discrete_Transistor_X,85.0,5.13,nominal,246.86879867272302,256.30454454128824,242.7126660651751,251.81713556420414,False,normal,none,9.43574586856522,-13.591878476113123,9.104469499029022,278.83159695706746,57.228158406374384,-0.4720484136678825,251.81713556420414,,
LOT-009-C0044,LOT-009,Discrete_Transistor_X,85.0,5.13,nominal,245.66620216095419,248.0455804839764,239.06116360807872,241.54681918738504,False,normal,none,2.379378323022223,-8.984416875897693,2.485655579306325,278.83159695706746,57.228158406374384,-0.6515110534385017,241.54681918738504,,
LOT-009-C0045,LOT-009,Discrete_Transistor_X,85.0,5.13,nominal,315.9079404369039,312.1432109432559,315.93752573443203,322.03346949613336,True,lot_relative_anomaly,medium,-3.7647294936480193,3.7943147911761343,6.095943761701335,278.83159695706746,57.228158406374384,0.7549058670085362,322.03346949613336,,
LOT-009-C0046,LOT-009,Discrete_Transistor_X,85.0,5.13,nominal,252.0816991199076,262.7423844648445,255.9311044592073,267.15141549028425,False,normal,none,10.660685344936923,-6.811280005637229,11.22031103107696,278.83159695706746,57.228158406374384,-0.2040985031152463,267.15141549028425,,
LOT-009-C0047,LOT-009,Discrete_Transistor_X,85.0,5.13,nominal,272.996320207639,286.96457559231857,306.66023229402504,333.4672611726552,True,gradual_degradation,low,13.968255384679594,19.69565670170647,26.80702887863015,278.83159695706746,57.228158406374384,0.9546989757668335,333.4672611726552,,
LOT-009-C0048,LOT-009,Discrete_Transistor_X,85.0,5.13,nominal,269.59764156309103,,266.62261634449465,257.8136945416,False,normal,none,,,-8.808921802894645,278.83159695706746,57.228158406374384,-0.36726504924761605,257.8136945416,,
LOT-009-C0049,LOT-009,Discrete_Transistor_X,85.0,5.13,nominal,264.15134088357706,264.9619365057418,263.61078442985763,256.0516279221359,False,normal,none,0.8105956221647261,-1.3511520758841584,-7.559156507721752,278.83159695706746,57.228158406374384,-0.39805525233176514,256.0516279221359,,
LOT-009-C0050,LOT-009,Discrete_Transistor_X,85.0,5.13,nominal,252.76624395982776,254.47159897241622,253.6268075616911,263.20014848035413,False,normal,none,1.7053550125884556,-0.8447914107251222,9.573340918663035,278.83159695706746,57.228158406374384,-0.2731426086737786,263.20014848035413,,
LOT-009-C0051,LOT-009,Discrete_Transistor_X,85.0,5.13,nominal,263.1978296356255,261.47875962783195,262.846824455076,268.448512611912,False,normal,none,-1.7190700077935617,1.3680648272440408,5.601688156836019,278.83159695706746,57.228158406374384,-0.18143313771213243,268.448512611912,,
LOT-009-C0052,LOT-009,Discrete_Transistor_X,85.0,5.13,nominal,261.9840441271435,266.09705941315656,272.5056495072357,270.6197879476634,False,normal,none,4.113015286013081,6.408590094079159,-1.8858615595723336,278.83159695706746,57.228158406374384,-0.14349245612784567,270.6197879476634,,
LOT-009-C0053,LOT-009,Discrete_Transistor_X,85.0,5.13,nominal,271.12267854180294,266.76664870622307,276.81294516437436,,False,normal,none,-4.356029835579875,10.04629645815129,,278.83159695706746,57.228158406374384,,,,
LOT-009-C0054,LOT-009,Discrete_Transistor_X,85.0,5.13,nominal,260.0300243923786,258.3932728648847,250.438464674699,259.84466741265476,False,normal,none,-1.6367515274939137,-7.954808190185702,9.406202737955766,278.83159695706746,57.228158406374384,-0.3317760010655495,259.84466741265476,,
LOT-009-C0055,LOT-009,Discrete_Transistor_X,85.0,5.13,nominal,249.48177543593593,250.29923967880796,235.28222203941309,256.82358312430046,False,normal,none,0.8174642428720347,-15.01701763939488,21.54136108488737,278.83159695706746,57.228158406374384,-0.3845661724161935,256.82358312430046,,
LOT-009-C0056,LOT-009,Discrete_Transistor_X,85.0,5.13,nominal,262.80418868672984,272.00047432479835,260.8518228602488,279.40254840760207,False,normal,none,9.196285638068503,-11.148651464549573,18.550725547353295,278.83159695706746,57.228158406374384,0.009976757359206096,279.40254840760207,,
LOT-009-C0057,LOT-009,Discrete_Transistor_X,85.0,5.13,nominal,280.90639085673604,280.1636019280783,294.34858244497065,333.1273637612837,True,accelerating_degradation,medium,-0.742788928657717,14.184980516892324,38.77878131631303,278.83159695706746,57.228158406374384,0.9487596371468849,333.1273637612837,,
LOT-009-C0058,LOT-009,Discrete_Transistor_X,85.0,5.13,nominal,267.0143547945336,254.85592583594382,257.71000373356424,248.92668047771207,False,normal,none,-12.158428958589752,2.8540778976204138,-8.783323255852167,278.83159695706746,57.228158406374384,-0.5225559813929714,248.92668047771207,,
LOT-009-C0059,LOT-009,Discrete_Transistor_X,85.0,5.13,nominal,251.5481949643829,249.40246920267353,249.23296775982516,253.5419999706354,False,normal,none,-2.1457257617093717,-0.16950144284837165,4.309032210810244,278.83159695706746,57.228158406374384,-0.44190827890794343,253.5419999706354,,
LOT-010-C0000,LOT-010,Discrete_Transistor_X,125.0,5.64,high,274.4010859095278,269.3492393719835,265.09439759280957,276.7420037876945,False,normal,none,-5.051846537544293,-4.254841779173944,11.64760619488493,297.0408267577237,90.41738125923602,-0.22450133688157134,276.7420037876945,,
LOT-010-C0001,LOT-010,Discrete_Transistor_X,125.0,5.64,high,284.00751328616684,279.9059543178194,290.4202215635585,286.8274955056587,False,normal,none,-4.101558968347433,10.51426724573912,-3.5927260578998244,297.0408267577237,90.41738125923602,-0.11295760958595269,286.8274955056587,,
LOT-010-C0002,LOT-010,Discrete_Transistor_X,125.0,5.64,high,278.4559310726626,277.97932489678783,269.2298083938427,266.9482274667237,False,normal,none,-0.47660617587479237,-8.749516502945141,-2.2815809271189664,297.0408267577237,90.41738125923602,-0.3328187442713187,266.9482274667237,,
LOT-010-C0003,LOT-010,Discrete_Transistor_X,125.0,5.64,high,286.4907776573422,268.316715041632,274.22832763383076,272.99106057508885,False,normal,none,-18.174062615710227,5.911612592198765,-1.2372670587419066,297.0408267577237,90.41738125923602,-0.26598609523628747,272.99106057508885,,
LOT-010-C0004,LOT-010,Discrete_Transistor_X,125.0,5.64,high,286.42266561896946,296.2416204231199,286.5827541993732,286.3059274780683,False,normal,none,9.81895480415045,-9.658866223746713,-0.2768267213048716,297.0408267577237,90.41738125923602,-0.11872605831037424,286.3059274780683,,
LOT-010-C0005,LOT-010,Discrete_Transistor_X,125.0,5.64,high,287.5657206966057,322.6558150679879,416.76460394459997,509.7696607316272,True,gradual_degradation,low,35.09009437138218,94.1087888766121,93.00505678702723,297.0408267577237,90.41738125923602,2.3527427029100503,509.7696607316272,,
LOT-010-C0006,LOT-010,Discrete_Transistor_X,125.0,5.64,high,266.7662057553722,274.1341782767523,258.6140074900907,257.9182994619721,False,normal,none,7.367972521380125,-15.520170786661595,-0.695708028118645,297.0408267577237,90.41738125923602,-0.4326881264519627,257.9182994619721,,
LOT-010-C0007,LOT-010,Discrete_Transistor_X,125.0,5.64,high,260.71492677149104,273.550987876603,260.84126960092095,264.5172996412324,False,normal,none,12.83606110511198,-12.709718275682064,3.6760300403114456,297.0408267577237,90.41738125923602,-0.3597043694866919,264.5172996412324,,
LOT-010-C0008,LOT-010,Discrete_Transistor_X,125.0,5.64,high,273.02806790875917,276.2936272641429,268.54756948937705,272.8567277738623,False,normal,none,3.2655593553837434,-7.746057774765859,4.30915828448525,297.0408267577237,90.41738125923602,-0.26747179189500186,272.8567277738623,,
LOT-010-C0009,LOT-010,Discrete_Transistor_X,125.0,5.64,high,293.72558895245515,302.7489005951231,305.40486961806,291.38961446025866,False,normal,none,9.02331164266792,2.6559690229369153,-14.015255157801334,297.0408267577237,90.41738125923602,-0.06250139319189585,291.38961446025866,,
LOT-010-C0010,LOT-010,Discrete_Transistor_X,125.0,5.64,high,277.78443188781546,283.1713440833225,282.82703671339596,276.18144947008915,False,normal,none,5.386912195507023,-0.34430736992652555,-6.645587243306807,297.0408267577237,90.41738125923602,-0.2307009669725843,276.18144947008915,,
LOT-010-C0011,LOT-010,Discrete_Transistor_X,125.0,5.64,high,267.04775477170665,267.56092009102974,248.1897051536077,259.0514062100284,False,normal,none,0.5131653193230932,-19.371214937422053,10.861701056420713,297.0408267577237,90.41738125923602,-0.4201561692964288,259.0514062100284,,
LOT-010-C0012,LOT-010,Discrete_Transistor_X,125.0,5.64,high,272.1774580627172,277.75848242087966,274.3399095724196,274.0532570460042,False,normal,none,5.581024358162438,-3.4185728484600872,-0.28665252641536654,297.0408267577237,90.41738125923602,-0.25423839301219936,274.0532570460042,,
LOT-010-C0013,LOT-010,Discrete_Transistor_X,125.0,5.64,high,264.7203167378887,269.5228141230018,337.76449363014734,499.6173585142363,True,accelerating_degradation,medium,4.802497385113099,68.24167950714553,161.85286488408894,297.0408267577237,90.41738125923602,2.2404600634882867,499.6173585142363,,
LOT-010-C0014,LOT-010,Discrete_Transistor_X,125.0,5.64,high,293.13877420993026,293.84999941264016,273.53112395674117,294.7256648608284,False,normal,none,0.7112252027098975,-20.31887545589899,21.194540904087205,297.0408267577237,90.41738125923602,-0.025605274833801452,294.7256648608284,,
LOT-010-C0015,LOT-010,Discrete_Transistor_X,125.0,5.64,high,277.7860049364169,287.2925645820592,279.99441878701464,286.3104046086613,False,normal,none,9.506559645642312,-7.298145795044547,6.315985821646677,297.0408267577237,90.41738125923602,-0.1186765420499978,286.3104046086613,,
LOT-010-C0016,LOT-010,Discrete_Transistor_X,125.0,5.64,high,283.13603455746596,270.66617880969363,263.22833781119874,276.71552630373,False,normal,none,-12.469855747772328,-7.437840998494892,13.487188492531232,297.0408267577237,90.41738125923602,-0.22479417309951724,276.71552630373,,
LOT-010-C0017,LOT-010,Discrete_Transistor_X,125.0,5.64,high,261.37810169453786,269.71285156861455,262.91200584699834,259.6212909680528,False,normal,none,8.334749874076692,-6.800845721616213,-3.2907148789455505,297.0408267577237,90.41738125923602,-0.4138533462098978,259.6212909680528,,
LOT-010-C0018,LOT-010,Discrete_Transistor_X,125.0,5.64,high,276.1284193534765,271.5449168528,271.85659885128007,275.53882162051974,False,normal,none,-4.583502500676502,0.3116819984800827,3.6822227692396723,297.0408267577237,90.41738125923602,-0.23780831558874171,275.53882162051974,,
LOT-010-C0019,LOT-010,Discrete_Transistor_X,125.0,5.64,high,270.50989979042356,267.8303467315543,270.4624092719913,273.07666590620744,False,normal,none,-2.67955305886926,2.632062540437005,2.614256634216133,297.0408267577237,90.41738125923602,-0.2650393156467178,273.07666590620744,,
LOT-010-C0020,LOT-010,Discrete_Transistor_X,125.0,5.64,high,263.59214452424516,262.5398750607516,268.44872062358627,267.3103800369749,False,normal,none,-1.0522694634935306,5.908845562834642,-1.1383405866113776,297.0408267577237,90.41738125923602,-0.32881340187799235,267.3103800369749,,
LOT-010-C0021,LOT-010,Discrete_Transistor_X,125.0,5.64,high,252.76689902687164,254.1044338819523,259.06530457920934,253.22596753403226,False,normal,none,1.337534855080662,4.960870697257036,-5.839337045177075,297.0408267577237,90.41738125923602,-0.48458447494812645,253.22596753403226,,
LOT-010-C0022,LOT-010,Discrete_Transistor_X,125.0,5.64,high,278.7543965377982,272.45546043916846,263.5311763151113,285.32404146123054,False,normal,none,-6.298936098629724,-8.92428412405718,21.792865146119254,297.0408267577237,90.41738125923602,-0.12958554133413736,285.32404146123054,,
LOT-010-C0023,LOT-010,Discrete_Transistor_X,125.0,5.64,high,284.638583355298,286.64387023799617,283.19542205536203,283.1685408044925,False,normal,none,2.005286882698158,-3.448448182634138,-0.026881250869507767,297.0408267577237,90.41738125923602,-0.15342499152301164,283.1685408044925,,
LOT-010-C0024,LOT-010,Discrete_Transistor_X,125.0,5.64,high,284.9858334400053,279.22544275330523,707.7471684872676,262.79906613571006,False,measurement_anomaly,low,-5.760390686700077,428.52172573396234,-444.9481023515575,297.0408267577237,90.41738125923602,-0.37870772350549475,262.79906613571006,,
LOT-010-C0025,LOT-010,Discrete_Transistor_X,125.0,5.64,high,276.0118195018828,287.86008242852205,281.1984550812536,286.7765531994719,False,normal,none,11.848262926639222,-6.66162734726845,5.578098118218293,297.0408267577237,90.41738125923602,-0.11352102234439959,286.7765531994719,,
LOT-010-C0026,LOT-010,Discrete_Transistor_X,125.0,5.64,high,270.67231789950955,263.640410208768,262.2969034697705,262.7966510687008,False,normal,none,-7.031907690741548,-1.3435067389975188,0.4997475989302984,297.0408267577237,90.41738125923602,-0.37873443371293103,262.7966510687008,,
LOT-010-C0027,LOT-010,Discrete_Transistor_X,125.0,5.64,high,272.71379551885235,279.4183063771423,277.39873896493395,260.7765923667801,False,normal,none,6.70451085828995,-2.019567412208346,-16.622146598153847,297.0408267577237,90.41738125923602,-0.4010759202035534,260.7765923667801,,
LOT-010-C0028,LOT-010,Discrete_Transistor_X,125.0,5.64,high,277.2291886483497,273.9305575015538,281.10277851499467,282.34314525656936,False,normal,none,-3.2986311467959126,7.17222101344089,1.2403667415746895,297.0408267577237,90.41738125923602,-0.1625537180623998,282.34314525656936,,
LOT-010-C0029,LOT-010,Discrete_Transistor_X,125.0,5.64,high,272.4466145461071,265.0514666757696,266.0136146850278,272.04931491259794,False,normal,none,-7.395147870337553,0.9621480092582146,6.035700227570146,297.0408267577237,90.41738125923602,-0.2764016331491898,272.04931491259794,,
LOT-010-C0030,LOT-010,Discrete_Transistor_X,125.0,5.64,high,259.57072429684666,250.18312676120155,256.8307875896864,259.2868905563102,False,normal,none,-9.387597535645114,6.647660828484845,2.456102966623803,297.0408267577237,90.41738125923602,-0.4175517547137211,259.2868905563102,,
LOT-010-C0031,LOT-010,Discrete_Transistor_X,125.0,5.64,high,257.4102639798901,250.87704915179674,260.08792744948244,247.2290143892953,False,normal,none,-6.5332148280933495,9.210878297685696,-12.858913060187149,297.0408267577237,90.41738125923602,-0.5509096998243379,247.2290143892953,,
LOT-010-C0032,LOT-010,Discrete_Transistor_X,125.0,5.64,high,289.81952058254797,283.379374349818,274.42378391837093,279.3933149308568,False,normal,none,-6.440146232729944,-8.955590431447092,4.969531012485845,297.0408267577237,90.41738125923602,-0.1951783117481549,279.3933149308568,,
LOT-010-C0033,LOT-010,Discrete_Transistor_X,125.0,5.64,high,259.1094795224986,277.31511189777774,266.6439127755389,273.91645665486715,False,normal,none,18.20563237527915,-10.671199122238818,7.272543879328225,297.0408267577237,90.41738125923602,-0.25575138077220577,273.91645665486715,,
LOT-010-C0034,LOT-010,Discrete_Transistor_X,125.0,5.64,high,286.9494437601267,278.2108212755438,283.1577108653215,280.384031590033,False,normal,none,-8.73862248458289,4.946889589777697,-2.7736792752885435,297.0408267577237,90.41738125923602,-0.1842211634058941,280.384031590033,,
LOT-010-C0035,LOT-010,Discrete_Transistor_X,125.0,5.64,high,298.92738872977156,286.9676391674694,289.150902461155,293.88304776261407,False,normal,none,-11.959749562302193,2.183263293685627,4.73214530145907,297.0408267577237,90.41738125923602,-0.034924468626844785,293.88304776261407,,
LOT-010-C0036,LOT-010,Discrete_Transistor_X,125.0,5.64,high,273.0664280778853,273.5404976429569,284.0220477094205,291.80895462697634,False,normal,none,0.47406956507160203,10.481550066463626,7.786906917555825,297.0408267577237,90.41738125923602,-0.05786356625112882,291.80895462697634,,
LOT-010-C0037,LOT-010,Discrete_Transistor_X,125.0,5.64,high,257.1412295579811,249.8311513865879,252.51204410006267,252.74188439745413,False,normal,none,-7.310078171393201,2.680892713474776,0.22984029739146195,297.0408267577237,90.41738125923602,-0.48993834750931264,252.74188439745413,,
LOT-010-C0038,LOT-010,Discrete_Transistor_X,125.0,5.64,high,278.16816061180157,278.24693305989064,276.60541527152225,285.4622760291666,False,normal,none,0.0787724480890688,-1.6415177883683896,8.85686075764437,297.0408267577237,90.41738125923602,-0.12805669183627644,285.4622760291666,,
LOT-010-C0039,LOT-010,Discrete_Transistor_X,125.0,5.64,high,266.85945667727117,281.76901305410644,289.68001923136853,291.3102862222089,False,normal,none,14.909556376835269,7.911006177262095,1.6302669908403686,297.0408267577237,90.41738125923602,-0.06337874925933505,291.3102862222089,,
LOT-010-C0040,LOT-010,Discrete_Transistor_X,125.0,5.64,high,271.80872895473055,270.9669093247053,260.0071242136611,256.8435779948134,False,normal,none,-0.8418196300252703,-10.959785111044198,-3.163546218847671,297.0408267577237,90.41738125923602,-0.4445743528853221,256.8435779948134,,
LOT-010-C0041,LOT-010,Discrete_Transistor_X,125.0,5.64,high,396.052038582614,385.149917256428,396.3173500889456,383.05915011871787,True,lot_relative_anomaly,medium,-10.902121326185977,11.16743283251759,-13.258199970227736,297.0408267577237,90.41738125923602,0.9513472096075275,383.05915011871787,,
LOT-010-C0042,LOT-010,Discrete_Transistor_X,125.0,5.64,high,272.6249427546644,258.30396622736447,270.56300471036116,271.8003876984781,False,normal,none,-14.320976527299933,12.259038482996687,1.2373829881169627,297.0408267577237,90.41738125923602,-0.2791547234361792,271.8003876984781,,
LOT-010-C0043,LOT-010,Discrete_Transistor_X,125.0,5.64,high,259.7449196082998,262.2131972949432,248.79994969625733,250.0776694865643,False,normal,none,2.4682776866433755,-13.41324759868587,1.2777197903069748,297.0408267577237,90.41738125923602,-0.519404085996598,250.0776694865643,,
LOT-010-C0044,LOT-010,Discrete_Transistor_X,125.0,5.64,high,267.47819022249536,258.10917751835893,264.8766261328114,283.04229520529293,False,normal,none,-9.369012704136424,6.767448614452462,18.165669072481535,297.0408267577237,90.41738125923602,-0.15482124517956947,283.04229520529293,,
LOT-010-C0045,LOT-010,Discrete_Transistor_X,125.0,5.64,high,270.490340907089,269.332482998005,279.2505602082467,269.71660972881506,False,normal,none,-1.1578579090839867,9.918077210241734,-9.533950479431667,297.0408267577237,90.41738125923602,-0.3022009335856266,269.71660972881506,,
LOT-010-C0046,LOT-010,Discrete_Transistor_X,125.0,5.64,high,282.13460805501444,279.8997913441513,287.4650609688651,270.8367423246725,False,normal,none,-2.2348167108631287,7.565269624713778,-16.628318644192575,297.0408267577237,90.41738125923602,-0.28981246822357504,270.8367423246725,,
LOT-010-C0047,LOT-010,Discrete_Transistor_X,125.0,5.64,high,288.3079637875236,302.4781279048669,285.486322487399,278.79247137014835,False,normal,none,14.17016411734329,-16.9918054174679,-6.693851117250631,297.0408267577237,90.41738125923602,-0.20182353363293548,278.79247137014835,,
LOT-010-C0048,LOT-010,Discrete_Transistor_X,125.0,5.64,high,286.64455270639405,271.6442798442892,639.7348454299618,649.4640617444267,True,sudden_failure,critical,-15.00027286210485,368.09056558567255,9.729216314464907,297.0408267577237,90.41738125923602,3.8977376924495184,649.4640617444267,,
LOT-010-C0049,LOT-010,Discrete_Transistor_X,125.0,5.64,high,259.5804313211494,269.4569752402283,252.16881645359496,267.57710336395587,False,normal,none,9.876543919078927,-17.288158786633346,15.408286910360914,297.0408267577237,90.41738125923602,-0.3258634897785006,267.57710336395587,,
LOT-010-C0050,LOT-010,Discrete_Transistor_X,125.0,5.64,high,261.25720483394906,268.5193986401363,390.28203617640753,770.7422583294182,True,accelerating_degradation,medium,7.262193806187213,121.76263753627126,380.46022215301065,297.0408267577237,90.41738125923602,5.239052768112618,770.7422583294182,,
LOT-010-C0051,LOT-010,Discrete_Transistor_X,125.0,5.64,high,242.72844934843846,248.05329478343052,244.0865858515139,250.43276331889695,False,normal,none,5.324845434992056,-3.966708931916628,6.3461774673830575,297.0408267577237,90.41738125923602,-0.5154768119770757,250.43276331889695,,
LOT-010-C0052,LOT-010,Discrete_Transistor_X,125.0,5.64,high,277.9713230398405,267.7403449185354,275.5442579153526,274.28377191830754,False,normal,none,-10.2309781213051,7.803912996817189,-1.2604859970450661,297.0408267577237,90.41738125923602,-0.25168893991929875,274.28377191830754,,
LOT-010-C0053,LOT-010,Discrete_Transistor_X,125.0,5.64,high,275.7167053360391,281.4303685377055,265.6135630586564,272.87757583179655,False,normal,none,5.71366320166635,-15.816805479049094,7.264012773140166,297.0408267577237,90.41738125923602,-0.2672412161180451,272.87757583179655,,
LOT-010-C0054,LOT-010,Discrete_Transistor_X,125.0,5.64,high,268.40560829989835,275.1207731860515,266.1848886686143,270.10937454300716,False,normal,none,6.715164886153161,-8.935884517437216,3.9244858743928717,297.0408267577237,90.41738125923602,-0.297857025271516,270.10937454300716,,
LOT-010-C0055,LOT-010,Discrete_Transistor_X,125.0,5.64,high,280.5624751726546,273.473550251657,270.8680799644564,277.4245899192999,False,normal,none,-7.088924920997613,-2.6054702872006033,6.556509954843477,297.0408267577237,90.41738125923602,-0.21695205684161606,277.4245899192999,,
LOT-010-C0056,LOT-010,Discrete_Transistor_X,125.0,5.64,high,272.3215789518654,283.0028794123205,271.970667891396,283.5627757839903,False,normal,none,10.681300460455134,-11.032211520924534,11.5921078925943,297.0408267577237,90.41738125923602,-0.1490648234446259,283.5627757839903,,
LOT-010-C0057,LOT-010,Discrete_Transistor_X,125.0,5.64,high,260.4022929971807,263.0845010406031,260.074518682383,274.2628362315194,False,normal,none,2.6822080434223494,-3.0099823582200997,14.1883175491364,297.0408267577237,90.41738125923602,-0.2519204848556439,274.2628362315194,,
LOT-010-C0058,LOT-010,Discrete_Transistor_X,125.0,5.64,high,276.14479177691805,275.11430335222514,284.17513746860004,278.796302835388,False,normal,none,-1.0304884246929191,9.060834116374906,-5.378834633212023,297.0408267577237,90.41738125923602,-0.2017811583154212,278.796302835388,,
LOT-010-C0059,LOT-010,Discrete_Transistor_X,125.0,5.64,high,265.46675443290053,266.6676027063631,249.96564088027293,255.60271538902563,False,normal,none,1.2008482734625545,-16.701961826090155,5.637074508752704,297.0408267577237,90.41738125923602,-0.45829807047707694,255.60271538902563,,
LOT-011-C0000,LOT-011,Discrete_Transistor_X,150.0,4.88,nominal,225.62700584684674,221.93950337301848,227.66968118619252,224.23417233757712,False,normal,none,-3.6875024738282605,5.730177813174038,-3.435508848615399,271.728536689455,109.79816265926753,-0.4325606476609752,224.23417233757712,,
LOT-011-C0001,LOT-011,Discrete_Transistor_X,150.0,4.88,nominal,249.9604730421435,242.8796417193087,242.27978107378757,236.1995050838342,False,normal,none,-7.080831322834797,-0.5998606455211188,-6.080275989953378,271.728536689455,109.79816265926753,-0.32358493753558226,236.1995050838342,,
LOT-011-C0002,LOT-011,Discrete_Transistor_X,150.0,4.88,nominal,233.3834391410937,223.62402855784646,230.67780425934563,227.53504849157656,False,normal,none,-9.759410583247245,7.053775701499177,-3.1427557677690743,271.728536689455,109.79816265926753,-0.40249752024560187,227.53504849157656,,
LOT-011-C0003,LOT-011,Discrete_Transistor_X,150.0,4.88,nominal,246.39481293132334,241.96548331870733,240.59676802020513,243.46754962957627,False,normal,none,-4.429329612616016,-1.3687152985021953,2.870781609371136,271.728536689455,109.79816265926753,-0.2573903458437639,243.46754962957627,,
LOT-011-C0004,LOT-011,Discrete_Transistor_X,150.0,4.88,nominal,247.65272559627252,261.71589709925115,257.77969129406773,251.8511113087517,False,normal,none,14.063171502978633,-3.9362058051834197,-5.92857998531602,271.728536689455,109.79816265926753,-0.18103604740990184,251.8511113087517,,
LOT-011-C0005,LOT-011,Discrete_Transistor_X,150.0,4.88,nominal,238.27996934447052,233.4096826910931,236.2555505275828,238.26879936356463,False,normal,none,-4.870286653377406,2.8458678364897025,2.0132488359818126,271.728536689455,109.79816265926753,-0.30473859047828233,238.26879936356463,,
LOT-011-C0006,LOT-011,Discrete_Transistor_X,150.0,4.88,nominal,238.06935299568326,248.10637438570203,242.46264009412226,238.4253508332583,False,normal,none,10.037021390018765,-5.6437342915797615,-4.0372892608639575,271.728536689455,109.79816265926753,-0.30331277909945714,238.4253508332583,,
LOT-011-C0007,LOT-011,Discrete_Transistor_X,150.0,4.88,nominal,231.39222286653933,268.7447538240482,377.06976460688605,521.2732277747023,True,gradual_degradation,low,37.35253095750886,108.32501078283786,144.2034631678162,271.728536689455,109.79816265926753,2.272758350789984,521.2732277747023,,
LOT-011-C0008,LOT-011,Discrete_Transistor_X,150.0,4.88,nominal,257.32445867729115,260.6056985712624,264.81008063610983,262.1623964258009,False,normal,none,3.2812398939712466,4.204382064847437,-2.6476842103089098,271.728536689455,109.79816265926753,-0.08712477542397774,262.1623964258009,,
LOT-011-C0009,LOT-011,Discrete_Transistor_X,150.0,4.88,nominal,239.040881290044,238.58618546368155,236.64008382025148,232.20680081678228,False,normal,none,-0.4546958263624674,-1.9461016434300689,-4.4332830034691995,271.728536689455,109.79816265926753,-0.3599489728741546,232.20680081678228,,
LOT-011-C0010,LOT-011,Discrete_Transistor_X,150.0,4.88,nominal,227.24393163145032,227.75986491322382,231.11563824031813,229.02931370513718,False,normal,none,0.5159332817734992,3.3557733270943118,-2.0863245351809496,271.728536689455,109.79816265926753,-0.3888883197146447,229.02931370513718,,
LOT-011-C0011,LOT-011,Discrete_Transistor_X,150.0,4.88,nominal,223.68014814647546,229.22584271445007,225.70793104955087,220.4335208322598,False,normal,none,5.545694567974607,-3.517911664899202,-5.274410217291063,271.728536689455,109.79816265926753,-0.46717553932461564,220.4335208322598,,
LOT-011-C0012,LOT-011,Discrete_Transistor_X,150.0,4.88,nominal,256.9332346854241,246.61399769831934,262.4493250012016,248.2674396078721,False,normal,none,-10.319236987104773,15.835327302882263,-14.181885393329509,271.728536689455,109.79816265926753,-0.21367476935282445,248.2674396078721,,
LOT-011-C0013,LOT-011,Discrete_Transistor_X,150.0,4.88,nominal,231.8399349295453,233.51584014793275,240.54225342874406,236.3148965730289,False,normal,none,1.6759052183874417,7.026413280811312,-4.227356855715158,271.728536689455,109.79816265926753,-0.32253399564001706,236.3148965730289,,
LOT-011-C0014,LOT-011,Discrete_Transistor_X,150.0,4.88,nominal,254.71317585651713,261.01920279199516,256.71499882763993,268.27930682840076,False,normal,none,6.30602693547803,-4.304203964355224,11.564308000760832,271.728536689455,109.79816265926753,-0.03141427668291759,268.27930682840076,,
LOT-011-C0015,LOT-011,Discrete_Transistor_X,150.0,4.88,nominal,252.03110446519895,261.4156337901916,245.67550596932756,262.43267766743236,False,normal,none,9.384529324992627,-15.740127820864018,16.7571716981048,271.728536689455,109.79816265926753,-0.0846631564397859,262.43267766743236,,
LOT-011-C0016,LOT-011,Discrete_Transistor_X,150.0,4.88,nominal,250.08471488991145,245.0030279347988,250.45817948153314,264.8787259597928,False,normal,none,-5.0816869551126445,5.455151546734328,14.420546478259666,271.728536689455,109.79816265926753,-0.06238547680364141,264.8787259597928,,
LOT-011-C0017,LOT-011,Discrete_Transistor_X,150.0,4.88,nominal,248.50683657385966,241.29839544155487,249.95882954815227,245.58641599941387,False,normal,none,-7.208441132304785,8.660434106597393,-4.372413548738393,271.728536689455,109.79816265926753,-0.23809251500106574,245.58641599941387,,
LOT-011-C0018,LOT-011,Discrete_Transistor_X,150.0,4.88,nominal,240.93369876577822,239.41577539884386,253.56864822202817,243.11086754714213,False,normal,none,-1.5179233669343546,14.15287282318431,-10.457780674886038,271.728536689455,109.79816265926753,-0.26063887089915133,243.11086754714213,,
LOT-011-C0019,LOT-011,Discrete_Transistor_X,150.0,4.88,nominal,197.87795359508536,195.56742437241283,195.21150734725018,191.09003454382096,True,lot_relative_anomaly,medium,-2.3105292226725282,-0.355917025162654,-4.121472803429214,271.728536689455,109.79816265926753,-0.7344248773622599,191.09003454382096,,
LOT-011-C0020,LOT-011,Discrete_Transistor_X,150.0,4.88,nominal,237.50461220845608,245.2206669066456,236.1992473717093,238.8488036999726,False,normal,none,7.7160546981895095,-9.021419534936285,2.6495563282632872,271.728536689455,109.79816265926753,-0.29945613107859387,238.8488036999726,,
LOT-011-C0021,LOT-011,Discrete_Transistor_X,150.0,4.88,nominal,241.95813469076685,246.76274741908668,243.9287407566667,243.74321659058256,False,normal,none,4.8046127283198246,-2.8340066624199665,-0.18552416608415,271.728536689455,109.79816265926753,-0.25487967577124404,243.74321659058256,,
LOT-011-C0022,LOT-011,Discrete_Transistor_X,150.0,4.88,nominal,239.6155674527198,245.30566753472112,241.07197627339937,243.38170420816073,False,normal,none,5.690100082001322,-4.233691261321752,2.309727934761355,271.728536689455,109.79816265926753,-0.25817219336594827,243.38170420816073,,
LOT-011-C0023,LOT-011,Discrete_Transistor_X,150.0,4.88,nominal,252.26975242535102,260.83138024259875,256.0845147401532,260.45417934152755,False,normal,none,8.56162781724774,-4.74686550244553,4.369664601374325,271.728536689455,109.79816265926753,-0.10268256840430673,260.45417934152755,,
LOT-011-C0024,LOT-011,Discrete_Transistor_X,150.0,4.88,nominal,247.6161647101941,248.57265753988955,257.60692551233393,247.12908721979147,False,normal,none,0.9564928296954349,9.034267972444383,-10.477838292542458,271.728536689455,109.79816265926753,-0.22404245092881972,247.12908721979147,,
LOT-011-C0025,LOT-011,Discrete_Transistor_X,150.0,4.88,nominal,246.49269320982964,244.14242144461596,245.21919697945188,253.82085498726536,False,normal,none,-2.3502717652136766,1.0767755348359174,8.601658007813484,271.728536689455,109.79816265926753,-0.1630963694516624,253.82085498726536,,
LOT-011-C0026,LOT-011,Discrete_Transistor_X,150.0,4.88,nominal,258.51284264093806,257.94569083656853,261.6548508587918,253.37961980661245,False,normal,none,-0.56715180436953,3.709160022223273,-8.27523105217935,271.728536689455,109.79816265926753,-0.1671149720399605,253.37961980661245,,
LOT-011-C0027,LOT-011,Discrete_Transistor_X,150.0,4.88,nominal,261.74317661834874,257.74126932882047,261.9019135520157,260.007253039829,False,normal,none,-4.001907289528276,4.16064422319522,-1.8946605121867037,271.728536689455,109.79816265926753,-0.10675300356345868,260.007253039829,,
LOT-011-C0028,LOT-011,Discrete_Transistor_X,150.0,4.88,nominal,194.09780877252632,193.30327275029083,,191.44983181190483,True,lot_relative_anomaly,medium,-0.7945360222354907,,,271.728536689455,109.79816265926753,-0.7311479803781054,191.44983181190483,,
LOT-011-C0029,LOT-011,Discrete_Transistor_X,150.0,4.88,nominal,245.1589146306705,234.4971640392596,242.9455702158553,247.12759532269024,False,normal,none,-10.661750591410907,8.44840617659571,4.182025106834942,271.728536689455,109.79816265926753,-0.22405603856148223,247.12759532269024,,
LOT-011-C0030,LOT-011,Discrete_Transistor_X,150.0,4.88,nominal,240.97401874751571,330.09211721946923,584.1663318826619,810.148594447817,True,gradual_degradation,low,89.11809847195352,254.07421466319266,225.9822625651551,271.728536689455,109.79816265926753,4.903725569882444,810.148594447817,,
LOT-011-C0031,LOT-011,Discrete_Transistor_X,150.0,4.88,nominal,243.37086877369634,245.71471094482084,234.4530763283264,232.38063428281305,False,normal,none,2.343842171124493,-11.261634616494433,-2.0724420455133554,271.728536689455,109.79816265926753,-0.35836576363075207,232.38063428281305,,
LOT-011-C0032,LOT-011,Discrete_Transistor_X,150.0,4.88,nominal,250.00859458468327,249.5555418464237,256.197082808845,246.55722012106037,False,normal,none,-0.45305273825957215,6.641540962421288,-9.639862687784614,271.728536689455,109.79816265926753,-0.2292507994556139,246.55722012106037,,
LOT-011-C0033,LOT-011,Discrete_Transistor_X,150.0,4.88,nominal,255.06690731890592,260.9707467435741,257.1157898618158,266.2510901228442,False,normal,none,5.903839424668206,-3.854956881758312,9.135300261028362,271.728536689455,109.79816265926753,-0.049886504782495865,266.2510901228442,,
LOT-011-C0034,LOT-011,Discrete_Transistor_X,150.0,4.88,nominal,250.5433302856396,248.45777248704883,250.50086149621555,243.961061575198,False,normal,none,-2.08555779859077,2.043089009166721,-6.539799921017561,271.728536689455,109.79816265926753,-0.25289562631778045,243.961061575198,,
LOT-011-C0035,LOT-011,Discrete_Transistor_X,150.0,4.88,nominal,259.54080130915526,248.5235512226068,242.65778462375218,257.1680231898454,False,normal,none,-11.017250086548444,-5.865766598854634,14.51023856609325,271.728536689455,109.79816265926753,-0.13261163162442566,257.1680231898454,,
LOT-011-C0036,LOT-011,Discrete_Transistor_X,150.0,4.88,nominal,235.4350299240986,234.0243852033587,227.72097399460137,247.0755538594922,False,normal,none,-1.4106447207398958,-6.303411208757325,19.354579864890837,271.728536689455,109.79816265926753,-0.22453001245993018,247.0755538594922,,
LOT-011-C0037,LOT-011,Discrete_Transistor_X,150.0,4.88,nominal,328.6045104472278,332.2518569730388,326.3479187403454,337.3888072149426,True,lot_relative_anomaly,medium,3.647346525810974,-5.903938232693406,11.040888474597182,271.728536689455,109.79816265926753,0.5980088276089702,337.3888072149426,,
LOT-011-C0038,LOT-011,Discrete_Transistor_X,150.0,4.88,nominal,240.38168394418867,253.38103132696173,393.41648987725193,811.5784875139773,True,accelerating_degradation,medium,12.999347382773067,140.0354585502902,418.16199763672535,271.728536689455,109.79816265926753,4.916748493322407,811.5784875139773,,
LOT-011-C0039,LOT-011,Discrete_Transistor_X,150.0,4.88,nominal,220.1701497576665,223.32896310887006,220.81462531510886,223.64209481557938,False,normal,none,3.1588133512035483,-2.5143377937612,2.827469500470528,271.728536689455,109.79816265926753,-0.4379530650535604,223.64209481557938,,
LOT-011-C0040,LOT-011,Discrete_Transistor_X,150.0,4.88,nominal,245.14394787999723,245.69785271213607,245.04517213721087,250.38917706570066,False,normal,none,0.5539048321388407,-0.6526805749251992,5.344004928489795,271.728536689455,109.79816265926753,-0.19435078973020653,250.38917706570066,,
LOT-011-C0041,LOT-011,Discrete_Transistor_X,150.0,4.88,nominal,231.3698909929962,222.87850265943894,228.92139275915824,222.84271413050294,False,normal,none,-8.491388333557268,6.042890099719301,-6.078678628655297,271.728536689455,109.79816265926753,-0.4452335209893954,222.84271413050294,,
LOT-011-C0042,LOT-011,Discrete_Transistor_X,150.0,4.88,nominal,298.0087246426211,,310.29156158779364,308.5042539991985,True,lot_relative_anomaly,medium,,,-1.7873075885951266,271.728536689455,109.79816265926753,0.33493927784445915,308.5042539991985,,
LOT-011-C0043,LOT-011,Discrete_Transistor_X,150.0,4.88,nominal,255.2042050433752,233.39702421668198,239.3170230959084,233.00283761210298,False,normal,none,-21.807180826693212,5.919998879226426,-6.314185483805431,271.728536689455,109.79816265926753,-0.35269897181729715,233.00283761210298,,
LOT-011-C0044,LOT-011,Discrete_Transistor_X,150.0,4.88,nominal,243.8810358868491,245.2074467345223,240.88403297131097,240.5209591370222,False,normal,none,1.326410847673202,-4.3234137632113345,-0.3630738342887696,271.728536689455,109.79816265926753,-0.28422677389673695,240.5209591370222,,
LOT-011-C0045,LOT-011,Discrete_Transistor_X,150.0,4.88,nominal,257.2151748630666,255.1424749056612,260.94882540045563,260.88208167237,False,normal,none,-2.0726999574053764,5.8063504947944296,-0.06674372808561202,271.728536689455,109.79816265926753,-0.09878539635261799,260.88208167237,,
LOT-011-C0046,LOT-011,Discrete_Transistor_X,150.0,4.88,nominal,251.09698089692543,247.11180635934403,236.8421772188313,253.28410587726512,False,normal,none,-3.9851745375814005,-10.269629140512734,16.441928658433824,271.728536689455,109.79816265926753,-0.16798487666344442,253.28410587726512,,
LOT-011-C0047,LOT-011,Discrete_Transistor_X,150.0,4.88,nominal,241.70362539533386,248.20179656260603,258.96204796826714,260.90374165789825,False,normal,none,6.498171167272176,10.760251405661108,1.9416936896311086,271.728536689455,109.79816265926753,-0.09858812542381887,260.90374165789825,,
LOT-011-C0048,LOT-011,Discrete_Transistor_X,150.0,4.88,nominal,230.4825885607361,232.72585432346233,227.8076183823383,230.52691411567127,False,normal,none,2.2432657627262245,-4.918235941124038,2.7192957333329844,271.728536689455,109.79816265926753,-0.3752487434752723,230.52691411567127,,
LOT-011-C0049,LOT-011,Discrete_Transistor_X,150.0,4.88,nominal,262.64253520757444,259.2179402893481,252.3887003041031,260.45681906669375,False,normal,none,-3.424594918226319,-6.82923998524501,8.068118762590643,271.728536689455,109.79816265926753,-0.10265852678919886,260.45681906669375,,
LOT-011-C0050,LOT-011,Discrete_Transistor_X,150.0,4.88,nominal,231.2527531519962,240.6989767722668,237.32679703588485,247.8415521202299,False,normal,none,9.446223620270615,-3.372179736381952,10.51475508434504,271.728536689455,109.79816265926753,-0.21755359097722485,247.8415521202299,,
LOT-011-C0051,LOT-011,Discrete_Transistor_X,150.0,4.88,nominal,255.65250421769565,246.89406167597633,259.0023962784184,254.37359278656166,False,normal,none,-8.758442541719319,12.108334602442085,-4.6288034918567575,271.728536689455,109.79816265926753,-0.15806224332505694,254.37359278656166,,
LOT-011-C0052,LOT-011,Discrete_Transistor_X,150.0,4.88,nominal,246.70037317109538,247.14675311342617,254.17007264114596,251.63580238019745,False,normal,none,0.44637994233079326,7.023319527719792,-2.5342702609485173,271.728536689455,109.79816265926753,-0.18299699942712663,251.63580238019745,,
LOT-011-C0053,LOT-011,Discrete_Transistor_X,150.0,4.88,nominal,313.7970753213517,292.39586942080604,287.79176291288206,298.82211497979876,True,lot_relative_anomaly,medium,-21.401205900545676,-4.604106507923973,11.030352066916691,271.728536689455,109.79816265926753,0.24675802977161143,298.82211497979876,,
LOT-011-C0054,LOT-011,Discrete_Transistor_X,150.0,4.88,nominal,249.87772118607649,248.8294929479208,,233.61379848063038,False,normal,none,-1.048228238155673,,,271.728536689455,109.79816265926753,-0.3471345720702506,233.61379848063038,,
LOT-011-C0055,LOT-011,Discrete_Transistor_X,150.0,4.88,nominal,244.74186248556768,248.45112554543917,249.17206085777582,247.86192705649447,False,normal,none,3.709263059871489,0.7209353123366498,-1.3101338012813528,271.728536689455,109.79816265926753,-0.2173680237894769,247.86192705649447,,
LOT-011-C0056,LOT-011,Discrete_Transistor_X,150.0,4.88,nominal,227.65022367040635,228.80463230065658,233.1142032412566,228.25750236061054,False,normal,none,1.1544086302502308,4.309570940600025,-4.856700880646059,271.728536689455,109.79816265926753,-0.39591768455858817,228.25750236061054,,
LOT-011-C0057,LOT-011,Discrete_Transistor_X,150.0,4.88,nominal,224.1637344124967,224.19240622153666,235.65338374760708,237.13695284679923,False,normal,none,0.028671809039963136,11.460977526070423,1.4835690991921524,271.728536689455,109.79816265926753,-0.3150470190471447,237.13695284679923,,
LOT-011-C0058,LOT-011,Discrete_Transistor_X,150.0,4.88,nominal,340.08693130688374,336.29220570324145,348.31522917975377,336.4604069842186,True,lot_relative_anomaly,medium,-3.7947256036422914,12.023023476512321,-11.854822195535178,271.728536689455,109.79816265926753,0.5895533106108849,336.4604069842186,,
LOT-011-C0059,LOT-011,Discrete_Transistor_X,150.0,4.88,nominal,241.2529857380073,244.49244078809318,247.76197953400685,245.85407253569943,False,normal,none,3.2394550500858657,3.269538745913678,-1.9079069983074248,271.728536689455,109.79816265926753,-0.23565480083715787,245.85407253569943,,
LOT-012-C0000,LOT-012,Discrete_Transistor_X,125.0,4.85,nominal,270.78434987209073,276.4285714851851,280.30235431989524,289.85793156615466,False,normal,none,5.644221613094373,3.8737828347101413,9.555577246259418,327.3008016472489,110.01110098489913,-0.3403553800105489,289.85793156615466,,
LOT-012-C0001,LOT-012,Discrete_Transistor_X,125.0,4.85,nominal,271.4889015526073,321.83362355030516,412.8262707930696,500.54181324365607,True,gradual_degradation,low,50.34472199769789,90.99264724276446,87.71554245058644,327.3008016472489,110.01110098489913,1.5747593656042713,500.54181324365607,,
LOT-012-C0002,LOT-012,Discrete_Transistor_X,125.0,4.85,nominal,297.0099297345723,296.6607292914468,291.22630838556154,288.2909150758707,False,normal,none,-0.34920044312553955,-5.434420905885247,-2.9353933096908236,327.3008016472489,110.01110098489913,-0.35459954697419965,288.2909150758707,,
LOT-012-C0003,LOT-012,Discrete_Transistor_X,125.0,4.85,nominal,339.64603856303825,344.17799706632815,340.0109811330477,342.9203010890749,True,lot_relative_anomaly,medium,4.5319585032899,-4.167015933280425,2.9093199560271614,327.3008016472489,110.01110098489913,0.14198112101405155,342.9203010890749,,
LOT-012-C0004,LOT-012,Discrete_Transistor_X,125.0,4.85,nominal,302.0299149098774,296.88670892310034,294.7275155820767,301.61792474680897,False,normal,none,-5.143205986777048,-2.159193341023638,6.890409164732262,327.3008016472489,110.01110098489913,-0.23345713905695128,301.61792474680897,,
LOT-012-C0005,LOT-012,Discrete_Transistor_X,125.0,4.85,nominal,288.7737061681429,289.96848480045776,289.82708849691056,287.61287029210655,False,normal,none,1.1947786323148648,-0.14139630354719657,-2.2142182048040127,327.3008016472489,110.01110098489913,-0.36076296846252054,287.61287029210655,,
LOT-012-C0006,LOT-012,Discrete_Transistor_X,125.0,4.85,nominal,274.10939665442595,276.3101566747686,282.8025526947778,487.823463909556,True,sudden_failure,critical,2.2007600203426705,6.492396020009153,205.0209112147782,327.3008016472489,110.01110098489913,1.459149675125436,487.823463909556,,
LOT-012-C0007,LOT-012,Discrete_Transistor_X,125.0,4.85,nominal,279.06309720802466,622.7629047897644,586.0265837783311,596.2196426404332,True,sudden_failure,critical,343.6998075817398,-36.73632101143335,10.193058862102134,327.3008016472489,110.01110098489913,2.4444700451647874,596.2196426404332,,
LOT-012-C0008,LOT-012,Discrete_Transistor_X,125.0,4.85,nominal,267.19413167666676,289.65815775308107,276.1532650867492,278.80704299463974,False,normal,none,22.464026076414314,-13.504892666331898,2.6537779078905714,327.3008016472489,110.01110098489913,-0.4408078659195104,278.80704299463974,,
LOT-012-C0009,LOT-012,Discrete_Transistor_X,125.0,4.85,nominal,264.2357521693051,254.70059998675123,267.09432592402624,265.13016500197966,False,normal,none,-9.535152182553873,12.393725937275008,-1.9641609220465739,327.3008016472489,110.01110098489913,-0.565130573993648,265.13016500197966,,
LOT-012-C0010,LOT-012,Discrete_Transistor_X,125.0,4.85,nominal,280.27322555078996,286.5427428681237,278.2180218406536,280.9068956838456,False,normal,none,6.269517317333737,-8.324721027470105,2.6888738431920274,327.3008016472489,110.01110098489913,-0.42172022230530715,280.9068956838456,,
LOT-012-C0011,LOT-012,Discrete_Transistor_X,125.0,4.85,nominal,295.84131654009406,296.9049238438357,303.73222527543504,282.6951565759943,False,normal,none,1.0636073037416622,6.827301431599324,-21.037068699440738,327.3008016472489,110.01110098489913,-0.4054649455546986,282.6951565759943,,
LOT-012-C0012,LOT-012,Discrete_Transistor_X,125.0,4.85,nominal,284.19416707626493,326.18429187656983,461.9697952557508,598.2398433562047,True,gradual_degradation,low,41.9901248003049,135.78550337918097,136.2700481004539,327.3008016472489,110.01110098489913,2.462833652997862,598.2398433562047,,
LOT-012-C0013,LOT-012,Discrete_Transistor_X,125.0,4.85,nominal,265.7694413129406,269.99792596723023,268.36915333522944,263.12154148469824,False,normal,none,4.228484654289616,-1.6287726320007891,-5.2476118505312,327.3008016472489,110.01110098489913,-0.583388945187998,263.12154148469824,,
LOT-012-C0014,LOT-012,Discrete_Transistor_X,125.0,4.85,nominal,277.6969202617515,302.32829060766363,295.6849060748919,291.92068932088665,False,normal,none,24.63137034591216,-6.643384532771734,-3.764216754005247,327.3008016472489,110.01110098489913,-0.3216049290445583,291.92068932088665,,
LOT-012-C0015,LOT-012,Discrete_Transistor_X,125.0,4.85,nominal,302.30308835768176,303.07119927820764,295.24703600001993,298.341663670849,False,normal,none,0.7681109205258849,-7.8241632781877115,3.094627670829084,327.3008016472489,110.01110098489913,-0.2632383251975179,298.341663670849,,
LOT-012-C0016,LOT-012,Discrete_Transistor_X,125.0,4.85,nominal,277.9634165346407,285.4892004421008,276.92963121695396,276.98391169059,False,normal,none,7.525783907460095,-8.559569225146845,0.05428047363602673,327.3008016472489,110.01110098489913,-0.4573801144265043,276.98391169059,,
LOT-012-C0017,LOT-012,Discrete_Transistor_X,125.0,4.85,nominal,280.57424190430453,283.04931870435126,280.8415627216371,279.45425768288857,False,normal,none,2.475076800046736,-2.2077559827141613,-1.3873050387485364,327.3008016472489,110.01110098489913,-0.43492468974497445,279.45425768288857,,
LOT-012-C0018,LOT-012,Discrete_Transistor_X,125.0,4.85,nominal,274.5966829833987,272.73444092061044,267.833428839451,273.57964312403925,False,normal,none,-1.8622420627882548,-4.901012081159422,5.746214284588234,327.3008016472489,110.01110098489913,-0.48832488760005915,273.57964312403925,,
LOT-012-C0019,LOT-012,Discrete_Transistor_X,125.0,4.85,nominal,612.2730641028423,275.2668561129132,277.60926206482554,291.65637616445156,False,measurement_anomaly,low,-337.0062079899291,2.342405951912326,14.047114099626015,327.3008016472489,110.01110098489913,-0.3240075334551021,291.65637616445156,,
LOT-012-C0020,LOT-012,Discrete_Transistor_X,125.0,4.85,nominal,281.2697193621706,284.35840542888207,263.1729018002363,269.0779802176954,False,normal,none,3.088686066711489,-21.18550362864579,5.905078417459151,327.3008016472489,110.01110098489913,-0.5292449662652272,269.0779802176954,,
LOT-012-C0021,LOT-012,Discrete_Transistor_X,125.0,4.85,nominal,278.2641404162637,276.07607695022244,280.37805489930815,296.6123824384286,False,normal,none,-2.1880634660412284,4.30197794908571,16.234327539120443,327.3008016472489,110.01110098489913,-0.2789574773279724,296.6123824384286,,
LOT-012-C0022,LOT-012,Discrete_Transistor_X,125.0,4.85,nominal,263.55012273344374,261.9222125545054,258.3072002927618,269.00955191723926,False,normal,none,-1.6279101789383503,-3.6150122617435727,10.702351624477444,327.3008016472489,110.01110098489913,-0.5298669789516156,269.00955191723926,,
LOT-012-C0023,LOT-012,Discrete_Transistor_X,125.0,4.85,nominal,290.03678700188755,288.71920155642607,292.45819174937054,279.2267784711679,False,normal,none,-1.317585445461475,3.7389901929444704,-13.231413278202638,327.3008016472489,110.01110098489913,-0.436992473902065,279.2267784711679,,
LOT-012-C0024,LOT-012,Discrete_Transistor_X,125.0,4.85,nominal,283.64503008946684,291.37607364234634,439.6210968010382,766.0509999081315,True,accelerating_degradation,medium,7.731043552879498,148.24502315869188,326.4299031070933,327.3008016472489,110.01110098489913,3.9882356810619366,766.0509999081315,,
LOT-012-C0025,LOT-012,Discrete_Transistor_X,125.0,4.85,nominal,259.7819456679958,255.4812942428518,268.09997927152756,257.30843028260347,False,normal,none,-4.300651425143997,12.61868502867577,-10.791548988924092,327.3008016472489,110.01110098489913,-0.6362300780377885,257.30843028260347,,
LOT-012-C0026,LOT-012,Discrete_Transistor_X,125.0,4.85,nominal,286.0221282804004,292.8483672529076,292.9374729258918,293.38710531318685,False,normal,none,6.826238972507213,0.08910567298420347,0.44963238729502564,327.3008016472489,110.01110098489913,-0.30827521977729544,293.38710531318685,,
LOT-012-C0027,LOT-012,Discrete_Transistor_X,125.0,4.85,nominal,258.48990567687656,265.4140917378986,267.2847239216863,262.0078770792666,False,normal,none,6.924186061022056,1.8706321837876771,-5.276846842419673,327.3008016472489,110.01110098489913,-0.5935121454419842,262.0078770792666,,
LOT-012-C0028,LOT-012,Discrete_Transistor_X,125.0,4.85,nominal,279.70685253208467,274.5601746505535,284.0175634650516,281.9382018991559,False,normal,none,-5.146677881531161,9.457388814498074,-2.079361565895681,327.3008016472489,110.01110098489913,-0.4123456573197986,281.9382018991559,,
LOT-012-C0029,LOT-012,Discrete_Transistor_X,125.0,4.85,nominal,282.5192400222392,278.431137646546,279.63222853966647,274.97224546985905,False,normal,none,-4.088102375693211,1.2010908931204654,-4.659983069807424,327.3008016472489,110.01110098489913,-0.47566614377009825,274.97224546985905,,
LOT-012-C0030,LOT-012,Discrete_Transistor_X,125.0,4.85,nominal,286.1175551544424,291.2013485746246,291.82748265502056,283.09756953511123,False,normal,none,5.0837934201821895,0.626134080395957,-8.729913119909327,327.3008016472489,110.01110098489913,-0.4018070150775536,283.09756953511123,,
LOT-012-C0031,LOT-012,Discrete_Transistor_X,125.0,4.85,nominal,277.8164582082813,291.00420593006305,286.5043339078074,286.07983853038814,False,normal,none,13.187747721781761,-4.4998720222556585,-0.42449537741924814,327.3008016472489,110.01110098489913,-0.3746982145239961,286.07983853038814,,
LOT-012-C0032,LOT-012,Discrete_Transistor_X,125.0,4.85,nominal,298.79947320484155,291.7297653237765,286.79089915296834,284.52586358319456,False,normal,none,-7.069707881065028,-4.938866170808183,-2.2650355697737723,327.3008016472489,110.01110098489913,-0.38882383396859094,284.52586358319456,,
LOT-012-C0033,LOT-012,Discrete_Transistor_X,125.0,4.85,nominal,288.8106758897661,282.1818709721939,,,False,missing_invalid,unknown,-6.628804917572211,,,327.3008016472489,110.01110098489913,,,,
LOT-012-C0034,LOT-012,Discrete_Transistor_X,125.0,4.85,nominal,299.37920255797536,290.06397965657465,296.7577001039588,299.8680112956625,False,normal,none,-9.315222901400716,6.69372044738418,3.1103111917036586,327.3008016472489,110.01110098489913,-0.24936383788534214,299.8680112956625,,
LOT-012-C0035,LOT-012,Discrete_Transistor_X,125.0,4.85,nominal,265.458819175087,318.25592004102526,449.92415798194406,589.259825728772,True,gradual_degradation,low,52.79710086593826,131.6682379409188,139.33566774682788,327.3008016472489,110.01110098489913,2.381205366879124,589.259825728772,,
LOT-012-C0036,LOT-012,Discrete_Transistor_X,125.0,4.85,nominal,287.5191260331226,269.2578703250085,280.11597679500017,281.70580909008453,False,normal,none,-18.26125570811405,10.85810646999164,1.5898322950843635,327.3008016472489,110.01110098489913,-0.41445810603625377,281.70580909008453,,
LOT-012-C0037,LOT-012,Discrete_Transistor_X,125.0,4.85,nominal,280.774108806647,276.76605695710623,271.8298530226052,272.926319868315,False,normal,none,-4.008051849540777,-4.936203934501009,1.096466845709756,327.3008016472489,110.01110098489913,-0.49426359060253117,272.926319868315,,
LOT-012-C0038,LOT-012,Discrete_Transistor_X,125.0,4.85,nominal,185.91404666955285,188.53403543102917,185.97525921644146,179.81321321329514,True,lot_relative_anomaly,medium,2.6199887614763213,-2.5587762145877093,-6.162046003146315,327.3008016472489,110.01110098489913,-1.340660961607855,179.81321321329514,,
LOT-012-C0039,LOT-012,Discrete_Transistor_X,125.0,4.85,nominal,289.3664235950137,293.95239972932694,294.77656794127006,296.9122346619081,False,normal,none,4.585976134313228,0.8241682119431175,2.135666720638028,327.3008016472489,110.01110098489913,-0.276231823091309,296.9122346619081,,
LOT-012-C0040,LOT-012,Discrete_Transistor_X,125.0,4.85,nominal,300.6617149285821,332.68673446193657,409.5074466731368,502.2555398329742,True,gradual_degradation,low,32.02501953335445,76.82071221120026,92.74809315983737,327.3008016472489,110.01110098489913,1.590337126157303,502.2555398329742,,
LOT-012-C0041,LOT-012,Discrete_Transistor_X,125.0,4.85,nominal,294.57204179752034,287.16560733321154,301.85352725589354,299.30077210718144,False,normal,none,-7.406434464308802,14.687919922682,-2.5527551487120945,327.3008016472489,110.01110098489913,-0.2545200374270493,299.30077210718144,,
LOT-012-C0042,LOT-012,Discrete_Transistor_X,125.0,4.85,nominal,274.3958550349221,281.3810103922578,270.52401965694526,277.24805821584147,False,normal,none,6.985155357335714,-10.856990735312536,6.724038558896211,327.3008016472489,110.01110098489913,-0.4549790246920444,277.24805821584147,,
LOT-012-C0043,LOT-012,Discrete_Transistor_X,125.0,4.85,nominal,279.9492189755625,284.09535388485756,287.9842241625987,282.830017017329,False,normal,none,4.146134909295085,3.888870277741148,-5.154207145269709,327.3008016472489,110.01110098489913,-0.40423906525600756,282.830017017329,,
LOT-012-C0044,LOT-012,Discrete_Transistor_X,125.0,4.85,nominal,264.5028458310132,264.3713760808348,276.1073697688877,272.20957434794394,False,normal,none,-0.13146975017838258,11.735993688052872,-3.897795420943737,327.3008016472489,110.01110098489913,-0.5007788014672003,272.20957434794394,,
LOT-012-C0045,LOT-012,Discrete_Transistor_X,125.0,4.85,nominal,277.2596750229012,275.6812908336909,289.16770223596006,278.96312990900003,False,normal,none,-1.5783841892102828,13.486411402269141,-10.204572326960033,327.3008016472489,110.01110098489913,-0.4393890371562048,278.96312990900003,,
LOT-012-C0046,LOT-012,Discrete_Transistor_X,125.0,4.85,nominal,279.91278551788287,283.8045966223606,276.3325697253683,281.46143173170515,False,normal,none,3.8918111044777106,-7.472026896992304,5.128862006336874,327.3008016472489,110.01110098489913,-0.4166794942070069,281.46143173170515,,
LOT-012-C0047,LOT-012,Discrete_Transistor_X,125.0,4.85,nominal,271.2817418141037,261.7081279178784,270.50729540349147,278.1542843870375,False,normal,none,-9.57361389622531,8.799167485613054,7.646988983546009,327.3008016472489,110.01110098489913,-0.44674143627521357,278.1542843870375,,
LOT-012-C0048,LOT-012,Discrete_Transistor_X,125.0,4.85,nominal,281.2035714192894,288.7971646406225,291.65323975651603,294.1438529062668,False,normal,none,7.593593221333094,2.856075115893532,2.490613149750743,327.3008016472489,110.01110098489913,-0.3013963904018509,294.1438529062668,,
LOT-012-C0049,LOT-012,Discrete_Transistor_X,125.0,4.85,nominal,277.84245758286374,275.1290593969534,339.5321293374483,575.9074030638373,True,accelerating_degradation,medium,-2.713398185910364,64.4030699404949,236.37527372638897,327.3008016472489,110.01110098489913,2.2598319550561885,575.9074030638373,,
LOT-012-C0050,LOT-012,Discrete_Transistor_X,125.0,4.85,nominal,266.35854019828616,267.5659234482727,262.1053633081263,263.9286256859604,False,normal,none,1.207383249986549,-5.460560140146413,1.8232623778341122,327.3008016472489,110.01110098489913,-0.5760525564596191,263.9286256859604,,
LOT-012-C0051,LOT-012,Discrete_Transistor_X,125.0,4.85,nominal,277.98033480465284,301.2113491503543,414.02116280977276,486.80015695235267,True,gradual_degradation,low,23.231014345701453,112.80981365941847,72.7789941425799,327.3008016472489,110.01110098489913,1.4498478233300998,486.80015695235267,,
LOT-012-C0052,LOT-012,Discrete_Transistor_X,125.0,4.85,nominal,285.7289669790525,290.86568954286173,292.98994790500444,292.03049645418173,False,normal,none,5.136722563809258,2.1242583621427116,-0.9594514508227121,327.3008016472489,110.01110098489913,-0.3206067831091754,292.03049645418173,,
LOT-012-C0053,LOT-012,Discrete_Transistor_X,125.0,4.85,nominal,284.65423999589416,281.4967567145194,275.43055836688626,283.93263345772266,False,normal,none,-3.157483281374766,-6.066198347633133,8.5020750908364,327.3008016472489,110.01110098489913,-0.39421629091303456,283.93263345772266,,
LOT-012-C0054,LOT-012,Discrete_Transistor_X,125.0,4.85,nominal,269.5871158285829,279.2995806144171,279.3306238654146,290.02213979853803,False,normal,none,9.712464785834186,0.03104325099752714,10.691515933123412,327.3008016472489,110.01110098489913,-0.338862728533441,290.02213979853803,,
LOT-012-C0055,LOT-012,Discrete_Transistor_X,125.0,4.85,nominal,370.68239395272695,369.4385193955537,366.05897170527396,371.72189657493533,True,lot_relative_anomaly,medium,-1.2438745571732284,-3.3795476902797645,5.662924869661367,327.3008016472489,110.01110098489913,0.4037873862728089,371.72189657493533,,
LOT-012-C0056,LOT-012,Discrete_Transistor_X,125.0,4.85,nominal,303.68069107214626,306.74154052234803,316.4558228088855,305.2121367138221,False,normal,none,3.060849450201772,9.714282286537468,-11.243686095063424,327.3008016472489,110.01110098489913,-0.20078578194085012,305.2121367138221,,
LOT-012-C0057,LOT-012,Discrete_Transistor_X,125.0,4.85,nominal,260.47418757870156,460.57442439045366,270.14337332548234,276.3236604348914,True,intermittent_anomaly,medium,200.1002368117521,-190.4310510649713,6.180287109409051,327.3008016472489,110.01110098489913,-0.46338179289156417,276.3236604348914,,
LOT-012-C0058,LOT-012,Discrete_Transistor_X,125.0,4.85,nominal,300.491318114894,299.2204072500846,304.61691548133734,301.82441617012034,False,normal,none,-1.270910864809423,5.396508231252767,-2.792499311217,327.3008016472489,110.01110098489913,-0.231580133723283,301.82441617012034,,
LOT-012-C0059,LOT-012,Discrete_Transistor_X,125.0,4.85,nominal,291.3844481550568,291.5687917811812,285.80914306959824,296.97478360784993,False,normal,none,0.18434362612435962,-5.7596487115829405,11.165640538251694,327.3008016472489,110.01110098489913,-0.2756632536889318,296.97478360784993,,
LOT-013-C0000,LOT-013,Discrete_Transistor_X,150.0,4.76,nominal,262.50379368077256,253.46095626008577,260.32812197023344,258.21595215998144,False,normal,none,-9.042837420686794,6.867165710147674,-2.1121698102519986,340.8152376234639,226.37924298299072,-0.3648712857904937,258.21595215998144,,
LOT-013-C0001,LOT-013,Discrete_Transistor_X,150.0,4.76,nominal,257.56793444617585,246.84143284461194,257.9420896808674,261.95160261827436,False,normal,none,-10.72650160156391,11.100656836255467,4.009512937406953,340.8152376234639,226.37924298299072,-0.34836954999056613,261.95160261827436,,
LOT-013-C0002,LOT-013,Discrete_Transistor_X,150.0,4.76,nominal,262.61720129305644,276.2113528888194,269.7571956747666,286.4021407972459,False,normal,none,13.59415159576298,-6.454157214052827,16.644945122479328,340.8152376234639,226.37924298299072,-0.2403625708312239,286.4021407972459,,
LOT-013-C0003,LOT-013,Discrete_Transistor_X,150.0,4.76,nominal,262.40000538583195,262.6652510897245,257.68136512262924,259.3067498468957,False,normal,none,0.2652457038925604,-4.9838859670952615,1.6253847242664392,340.8152376234639,226.37924298299072,-0.36005283303598834,259.3067498468957,,
LOT-013-C0004,LOT-013,Discrete_Transistor_X,150.0,4.76,nominal,268.1755094881746,257.7239924965028,258.40721922788356,253.31777833357086,False,normal,none,-10.451516991671838,0.6832267313807847,-5.089440894312702,340.8152376234639,226.37924298299072,-0.3865083129395713,253.31777833357086,,
LOT-013-C0005,LOT-013,Discrete_Transistor_X,150.0,4.76,nominal,331.44849524372626,337.323511324563,340.5559466645123,337.5682737323119,True,lot_relative_anomaly,medium,5.875016080836758,3.2324353399492907,-2.9876729322003825,340.8152376234639,226.37924298299072,-0.014343028311106749,337.5682737323119,,
LOT-013-C0006,LOT-013,Discrete_Transistor_X,150.0,4.76,nominal,271.838112098821,263.54499250063105,263.89636540039567,262.35923198533146,False,normal,none,-8.293119598189946,0.3513728997646126,-1.5371334150642042,340.8152376234639,226.37924298299072,-0.3465689018318137,262.35923198533146,,
LOT-013-C0007,LOT-013,Discrete_Transistor_X,150.0,4.76,nominal,260.02879558563893,248.5402100438575,99.05415321760384,257.9078339204377,True,intermittent_anomaly,medium,-11.488585541781418,-149.48605682625367,158.85368070283388,340.8152376234639,226.37924298299072,-0.36623235686522504,257.9078339204377,,
LOT-013-C0008,LOT-013,Discrete_Transistor_X,150.0,4.76,nominal,242.19275056751113,259.4753728725679,476.6896142094709,1006.8234017329352,True,accelerating_degradation,medium,17.282622305056776,217.214241336903,530.1337875234642,340.8152376234639,226.37924298299072,2.942001905004659,1006.8234017329352,,
LOT-013-C0009,LOT-013,Discrete_Transistor_X,150.0,4.76,nominal,264.20676713532004,516.8517022430594,524.4662358172744,534.4828345240747,True,sudden_failure,critical,252.6449351077394,7.614533574214988,10.016598706800323,340.8152376234639,226.37924298299072,0.8555006826096787,534.4828345240747,,
LOT-013-C0010,LOT-013,Discrete_Transistor_X,150.0,4.76,nominal,247.14045521545276,240.6274798959288,246.80830785039956,244.48685102583354,False,normal,none,-6.512975319523974,6.180827954470772,-2.321456824566013,340.8152376234639,226.37924298299072,-0.4255177521062215,244.48685102583354,,
LOT-013-C0011,LOT-013,Discrete_Transistor_X,150.0,4.76,nominal,268.1297749766457,257.87207633645727,258.9328875860895,260.3371479565678,False,normal,none,-10.257698640188437,1.060811249632252,1.404260370478255,340.8152376234639,226.37924298299072,-0.35550118732812847,260.3371479565678,,
LOT-013-C0012,LOT-013,Discrete_Transistor_X,150.0,4.76,nominal,261.6745930248965,261.4143322750975,261.0415334454564,263.62448579869283,False,normal,none,-0.2602607497990448,-0.3727988296410558,2.582952353236408,340.8152376234639,226.37924298299072,-0.3409798124935459,263.62448579869283,,
LOT-013-C0013,LOT-013,Discrete_Transistor_X,150.0,4.76,nominal,270.4471745610248,275.1940181978048,279.07354432619417,280.25397950255916,False,normal,none,4.7468436367799995,3.8795261283893865,1.1804351763649947,340.8152376234639,226.37924298299072,-0.2675212502828939,280.25397950255916,,
LOT-013-C0014,LOT-013,Discrete_Transistor_X,150.0,4.76,nominal,270.70575074142556,271.440128875336,260.3737020705662,264.70844625370626,False,normal,none,0.7343781339104112,-11.066426804769776,4.33474418314006,340.8152376234639,226.37924298299072,-0.33619156229564734,264.70844625370626,,
LOT-013-C0015,LOT-013,Discrete_Transistor_X,150.0,4.76,nominal,255.01608553731447,249.09474782826362,243.94184039868867,244.37513655215722,False,normal,none,-5.921337709050846,-5.152907429574952,0.43329615346854666,340.8152376234639,226.37924298299072,-0.4260112358382292,244.37513655215722,,
LOT-013-C0016,LOT-013,Discrete_Transistor_X,150.0,4.76,nominal,245.09822341477508,249.56868071930614,256.14749884995734,244.84620287185945,False,normal,none,4.470457304531067,6.5788181306512,-11.301295978097897,340.8152376234639,226.37924298299072,-0.4239303634336085,244.84620287185945,,
LOT-013-C0017,LOT-013,Discrete_Transistor_X,150.0,4.76,nominal,246.3873568048887,256.0480995290386,248.851312256276,253.11778375531526,False,normal,none,9.660742724149912,-7.196787272762606,4.266471499039255,340.8152376234639,226.37924298299072,-0.38739176221530996,253.11778375531526,,
LOT-013-C0018,LOT-013,Discrete_Transistor_X,150.0,4.76,nominal,252.8530850381528,250.6863475359386,248.682906603463,254.65200762637517,False,normal,none,-2.166737502214204,-2.0034409324755984,5.969101022912156,340.8152376234639,226.37924298299072,-0.3806145336547604,254.65200762637517,,
LOT-013-C0019,LOT-013,Discrete_Transistor_X,150.0,4.76,nominal,250.80335774843064,248.46477959155146,255.62999283331158,252.28242643243647,False,normal,none,-2.33857815687918,7.165213241760114,-3.3475664008751096,340.8152376234639,226.37924298299072,-0.3910818413580411,252.28242643243647,,
LOT-013-C0020,LOT-013,Discrete_Transistor_X,150.0,4.76,nominal,258.52228779766745,247.95250208873546,246.9017268566183,248.589182975998,False,normal,none,-10.569785708931988,-1.0507752321171608,1.6874561193797035,340.8152376234639,226.37924298299072,-0.4073962499043934,248.589182975998,,
LOT-013-C0021,LOT-013,Discrete_Transistor_X,150.0,4.76,nominal,247.54960042432722,257.80320810814595,257.8712705096803,259.1809744443578,False,normal,none,10.253607683818728,0.06806240153434828,1.3097039346774864,340.8152376234639,226.37924298299072,-0.36060842903887513,259.1809744443578,,
LOT-013-C0022,LOT-013,Discrete_Transistor_X,150.0,4.76,nominal,244.61854112341314,247.9258705656912,257.0086406551277,243.73342482503273,False,normal,none,3.307329442278075,9.08277008943648,-13.275215830094965,340.8152376234639,226.37924298299072,-0.42884591148546913,243.73342482503273,,
LOT-013-C0023,LOT-013,Discrete_Transistor_X,150.0,4.76,nominal,246.53509005792662,255.53785204041506,254.5749796625469,254.97114111048717,False,normal,none,9.002761982488437,-0.962872377868166,0.39616144794027264,340.8152376234639,226.37924298299072,-0.37920480421178326,254.97114111048717,,
LOT-013-C0024,LOT-013,Discrete_Transistor_X,150.0,4.76,nominal,244.82860801817245,259.40893447553134,249.38149106792736,255.65474393723872,False,normal,none,14.580326457358893,-10.027443407603982,6.273252869311364,340.8152376234639,226.37924298299072,-0.37618508023999264,255.65474393723872,,
LOT-013-C0025,LOT-013,Discrete_Transistor_X,150.0,4.76,nominal,271.0972668588754,279.31807152953354,268.44614083051744,272.3678776901602,False,normal,none,8.22080467065814,-10.871930699016104,3.921736859642749,340.8152376234639,226.37924298299072,-0.3023570493097133,272.3678776901602,,
LOT-013-C0026,LOT-013,Discrete_Transistor_X,150.0,4.76,nominal,271.01139714648946,270.88009037535915,260.68580127311355,261.9139807861716,False,normal,none,-0.13130677113031197,-10.194289102245591,1.2281795130580235,340.8152376234639,226.37924298299072,-0.34853573939736443,261.9139807861716,,
LOT-013-C0027,LOT-013,Discrete_Transistor_X,150.0,4.76,nominal,259.37224520316636,263.4231268227284,258.138568114527,269.3481295991663,False,normal,none,4.0508816195620625,-5.284558708201416,11.209561484639323,340.8152376234639,226.37924298299072,-0.3156963822414907,269.3481295991663,,
LOT-013-C0028,LOT-013,Discrete_Transistor_X,150.0,4.76,nominal,250.56364419367912,499.1661239371951,494.5009716284248,489.0467489422894,True,sudden_failure,critical,248.60247974351597,-4.665152308770303,-5.454222686135381,340.8152376234639,226.37924298299072,0.654792857178885,489.0467489422894,,
LOT-013-C0029,LOT-013,Discrete_Transistor_X,150.0,4.76,nominal,266.645732654762,280.2848317266862,573.0135815111582,1233.8276645020967,True,accelerating_degradation,medium,13.639099071924193,292.72874978447203,660.8140829909385,340.8152376234639,226.37924298299072,3.9447628462373223,1233.8276645020967,,
LOT-013-C0030,LOT-013,Discrete_Transistor_X,150.0,4.76,nominal,259.13697277169695,273.1009143871629,249.41217793186533,251.09399026009805,False,normal,none,13.963941615465956,-23.688736455297573,1.6818123282327235,340.8152376234639,226.37924298299072,-0.3963315990508332,251.09399026009805,,
LOT-013-C0031,LOT-013,Discrete_Transistor_X,150.0,4.76,nominal,247.91941729754618,260.7720434905836,255.9059598438309,255.16182681175533,False,normal,none,12.852626193037423,-4.866083646752685,-0.744133032075581,340.8152376234639,226.37924298299072,-0.3783624756539371,255.16182681175533,,
LOT-013-C0032,LOT-013,Discrete_Transistor_X,150.0,4.76,nominal,264.19119661058966,263.90574621559165,256.4226245324359,259.4336752831065,False,normal,none,-0.2854503949980085,-7.48312168315573,3.011050750670563,340.8152376234639,226.37924298299072,-0.35949215691330894,259.4336752831065,,
LOT-013-C0033,LOT-013,Discrete_Transistor_X,150.0,4.76,nominal,248.5714753776022,244.17385012451803,240.87737947083755,248.1998239451326,False,normal,none,-4.397625253084186,-3.2964706536804727,7.322444474295054,340.8152376234639,226.37924298299072,-0.40911619129890825,248.1998239451326,,
LOT-013-C0034,LOT-013,Discrete_Transistor_X,150.0,4.76,nominal,253.33838386633076,251.86582237263323,249.5393204098729,260.8835341276788,False,normal,none,-1.4725614936975262,-2.3265019627603465,11.3442137178059,340.8152376234639,226.37924298299072,-0.3530875995631404,260.8835341276788,,
LOT-013-C0035,LOT-013,Discrete_Transistor_X,150.0,4.76,nominal,318.97821079841776,333.5169763980892,320.9815392872931,331.53689437794054,True,lot_relative_anomaly,medium,14.538765599671422,-12.535437110796067,10.555355090647424,340.8152376234639,226.37924298299072,-0.04098583917528371,331.53689437794054,,
LOT-013-C0036,LOT-013,Discrete_Transistor_X,150.0,4.76,nominal,251.5504833887054,305.8505776339512,454.4361295237605,603.3918794157266,True,gradual_degradation,low,54.300094245245816,148.58555188980927,148.95574989196615,340.8152376234639,226.37924298299072,1.1598971634161344,603.3918794157266,,
LOT-013-C0037,LOT-013,Discrete_Transistor_X,150.0,4.76,nominal,256.042645651634,267.500553040914,262.33842217185696,251.8323291423301,False,normal,none,11.457907389279967,-5.162130869057023,-10.506093029526852,340.8152376234639,226.37924298299072,-0.3930700858815912,251.8323291423301,,
LOT-013-C0038,LOT-013,Discrete_Transistor_X,150.0,4.76,nominal,272.02479750937664,263.82367688660787,276.67353832456814,262.4328601009447,False,normal,none,-8.20112062276877,12.849861437960271,-14.240678223623433,340.8152376234639,226.37924298299072,-0.3462436594878468,262.4328601009447,,
LOT-013-C0039,LOT-013,Discrete_Transistor_X,150.0,4.76,nominal,256.44528083741966,259.97309597661734,486.57276227225447,1124.1449762052341,True,accelerating_degradation,medium,3.527815139197685,226.59966629563712,637.5722139329796,340.8152376234639,226.37924298299072,3.4602542541439045,1124.1449762052341,,
LOT-013-C0040,LOT-013,Discrete_Transistor_X,150.0,4.76,nominal,262.048872573942,271.6665021634789,269.9243770398028,263.3987468644125,False,normal,none,9.617629589536932,-1.7421251236761464,-6.52563017539029,340.8152376234639,226.37924298299072,-0.3419769840155715,263.3987468644125,,
LOT-013-C0041,LOT-013,Discrete_Transistor_X,150.0,4.76,nominal,258.24364042838323,254.98330462627254,247.2473802928026,245.25306217781304,False,normal,none,-3.2603358021106885,-7.735924333469939,-1.994318114989568,340.8152376234639,226.37924298299072,-0.4221331169166911,245.25306217781304,,
LOT-013-C0042,LOT-013,Discrete_Transistor_X,150.0,4.76,nominal,245.45904184558194,254.56195269912396,244.09525279302196,243.89910932325665,False,normal,none,9.102910853542028,-10.466699906102008,-0.19614346976530328,340.8152376234639,226.37924298299072,-0.42811402239510593,243.89910932325665,,
LOT-013-C0043,LOT-013,Discrete_Transistor_X,150.0,4.76,nominal,259.303964716017,266.5481922581771,256.099403723585,257.7915955539863,False,normal,none,7.244227542160104,-10.448788534592097,1.6921918304013275,340.8152376234639,226.37924298299072,-0.36674582428794333,257.7915955539863,,
LOT-013-C0044,LOT-013,Discrete_Transistor_X,150.0,4.76,nominal,261.2875511250649,315.6682133511299,459.8675449513139,589.8982694218199,True,gradual_degradation,low,54.380662226065,144.199331600184,130.03072447050602,340.8152376234639,226.37924298299072,1.1002909476867153,589.8982694218199,,
LOT-013-C0045,LOT-013,Discrete_Transistor_X,150.0,4.76,nominal,357.1483610129602,366.6922889437269,,373.0345393770934,True,lot_relative_anomaly,medium,9.5439279307667,,,340.8152376234639,226.37924298299072,0.14232445222926354,373.0345393770934,,
LOT-013-C0046,LOT-013,Discrete_Transistor_X,150.0,4.76,nominal,249.34590856963428,255.705286625284,248.68529406850652,258.1749716465503,False,normal,none,6.359378055649728,-7.019992556777481,9.489677578043796,340.8152376234639,226.37924298299072,-0.365052311722426,258.1749716465503,,
LOT-013-C0047,LOT-013,Discrete_Transistor_X,150.0,4.76,nominal,256.79939404503915,270.85581338340694,262.5811819702709,256.7806286087508,False,normal,none,14.056419338367789,-8.274631413136035,-5.8005533615200875,340.8152376234639,226.37924298299072,-0.37121163542819646,256.7806286087508,,
LOT-013-C0048,LOT-013,Discrete_Transistor_X,150.0,4.76,nominal,279.17038706576415,271.49114401530244,279.8873075755356,284.35318075207135,False,normal,none,-7.679243050461707,8.396163560233163,4.4658731765357516,340.8152376234639,226.37924298299072,-0.24941357753208349,284.35318075207135,,
LOT-013-C0049,LOT-013,Discrete_Transistor_X,150.0,4.76,nominal,253.8574165164877,251.42096625533415,246.02617278948674,240.94179231515346,False,normal,none,-2.4364502611535386,-5.394793465847414,-5.084380474333273,340.8152376234639,226.37924298299072,-0.4411775743759975,240.94179231515346,,
LOT-013-C0050,LOT-013,Discrete_Transistor_X,150.0,4.76,nominal,263.90761053410415,265.7818351030193,427.73421311281624,262.4231085291692,True,intermittent_anomaly,medium,1.8742245689151673,161.95237800979692,-165.31110458364702,340.8152376234639,226.37924298299072,-0.34628673575070107,262.4231085291692,,
LOT-013-C0051,LOT-013,Discrete_Transistor_X,150.0,4.76,nominal,287.3456982996746,303.368137986139,285.3170074943942,283.76095043772085,False,normal,none,16.022439686464395,-18.0511304917448,-1.5560570566733531,340.8152376234639,226.37924298299072,-0.2520296756625777,283.76095043772085,,
LOT-013-C0052,LOT-013,Discrete_Transistor_X,150.0,4.76,nominal,246.71511720006734,241.94365374989943,244.15388267729526,244.4768933430503,False,normal,none,-4.771463450167914,2.210228927395832,0.32301066575504933,340.8152376234639,226.37924298299072,-0.42556173883686,244.4768933430503,,
LOT-013-C0053,LOT-013,Discrete_Transistor_X,150.0,4.76,nominal,268.22888653514013,266.28271035738686,273.0491796979494,267.99740552557347,False,normal,none,-1.946176177753273,6.766469340562537,-5.051774172375929,340.8152376234639,226.37924298299072,-0.3216630250122431,267.99740552557347,,
LOT-013-C0054,LOT-013,Discrete_Transistor_X,150.0,4.76,nominal,249.58638440214472,239.2049459790007,241.87659281012867,243.15173002419482,False,normal,none,-10.381438423144004,2.6716468311279584,1.2751372140661488,340.8152376234639,226.37924298299072,-0.4314154703954334,243.15173002419482,,
LOT-013-C0055,LOT-013,Discrete_Transistor_X,150.0,4.76,nominal,249.59671305038052,251.83488949617015,446.9533562656035,1137.681386237447,True,accelerating_degradation,medium,2.238176445789634,195.11846676943333,690.7280299718435,340.8152376234639,226.37924298299072,3.5200495333128075,1137.681386237447,,
LOT-013-C0056,LOT-013,Discrete_Transistor_X,150.0,4.76,nominal,224.4898438831031,229.7472913328166,225.63995991512084,232.96253435345955,False,normal,none,5.2574474497134815,-4.107331417695747,7.322574438338705,340.8152376234639,226.37924298299072,-0.4764248782213128,232.96253435345955,,
LOT-013-C0057,LOT-013,Discrete_Transistor_X,150.0,4.76,nominal,256.8233386852814,258.71288460785496,271.48340937767205,252.8961052034951,False,normal,none,1.889545922573575,12.770524769817087,-18.58730417417695,340.8152376234639,226.37924298299072,-0.3883709975413898,252.8961052034951,,
LOT-013-C0058,LOT-013,Discrete_Transistor_X,150.0,4.76,nominal,338.0579745983584,339.8230464693091,332.9813025283837,345.02762951977405,True,lot_relative_anomaly,medium,1.7650718709506918,-6.841743940925369,12.046326991390345,340.8152376234639,226.37924298299072,0.018607677279964593,345.02762951977405,,
LOT-013-C0059,LOT-013,Discrete_Transistor_X,150.0,4.76,nominal,243.39654874817373,247.1959870609393,243.54710319832478,247.2446922835319,False,normal,none,3.7994383127655738,-3.6488838626145252,3.697589085207113,340.8152376234639,226.37924298299072,-0.4133353575484945,247.2446922835319,,
LOT-014-C0000,LOT-014,Discrete_Transistor_X,125.0,5.18,nominal,244.21102969755424,247.4846121555066,302.58971472722675,479.3233869090962,True,accelerating_degradation,medium,3.273582457952358,55.10510257172015,176.73367218186945,282.57681606862513,83.1123469593183,2.3672363738780504,479.3233869090962,,
LOT-014-C0001,LOT-014,Discrete_Transistor_X,125.0,5.18,nominal,244.66477599601916,243.98425568842623,251.8447638482983,248.10522239493156,False,normal,none,-0.6805203075929285,7.860508159872069,-3.7395414533667406,282.57681606862513,83.1123469593183,-0.4147589971267046,248.10522239493156,,
LOT-014-C0002,LOT-014,Discrete_Transistor_X,125.0,5.18,nominal,264.188650334975,258.9646847593121,252.1371879517366,252.25999791505006,False,normal,none,-5.22396557566293,-6.8274968075755,0.12280996331347183,282.57681606862513,83.1123469593183,-0.36476912592077926,252.25999791505006,,
LOT-014-C0003,LOT-014,Discrete_Transistor_X,125.0,5.18,nominal,258.71795551712813,253.19712515724083,255.18687964031847,257.3635567640714,False,normal,none,-5.520830359887299,1.9897544830776326,2.1766771237529383,282.57681606862513,83.1123469593183,-0.3033635822712969,257.3635567640714,,
LOT-014-C0004,LOT-014,Discrete_Transistor_X,125.0,5.18,nominal,271.2119365877143,259.65720947211,258.0052083404012,253.49930837881317,False,normal,none,-11.554727115604294,-1.6520011317088006,-4.505899961588057,282.57681606862513,83.1123469593183,-0.34985785811156045,253.49930837881317,,
LOT-014-C0005,LOT-014,Discrete_Transistor_X,125.0,5.18,nominal,253.18764645944265,245.4983877250608,249.4504260921086,251.0426337656186,False,normal,none,-7.689258734381838,3.952038367047777,1.5922076735100177,282.57681606862513,83.1123469593183,-0.37941633772466843,251.0426337656186,,
LOT-014-C0006,LOT-014,Discrete_Transistor_X,125.0,5.18,nominal,245.18635704028517,246.17158316353,250.82136337029297,240.52862683101765,False,normal,none,0.9852261232448143,4.649780206762983,-10.292736539275325,282.57681606862513,83.1123469593183,-0.505919887669508,240.52862683101765,,
LOT-014-C0007,LOT-014,Discrete_Transistor_X,125.0,5.18,nominal,231.85793433008152,236.6900824943383,233.19398470599597,235.99754890660108,False,normal,none,4.832148164256779,-3.4960977883423254,2.803564200605109,282.57681606862513,83.1123469593183,-0.5604373942757699,235.99754890660108,,
LOT-014-C0008,LOT-014,Discrete_Transistor_X,125.0,5.18,nominal,232.90808673596536,238.79555000423173,233.21739731926976,236.1765883762641,False,normal,none,5.887463268266373,-5.578152684961964,2.9591910569943423,282.57681606862513,83.1123469593183,-0.5582832080902845,236.1765883762641,,
LOT-014-C0009,LOT-014,Discrete_Transistor_X,125.0,5.18,nominal,379.63047687184303,367.50624204320565,388.47038456653956,396.1196309596398,True,lot_relative_anomaly,medium,-12.124234828637384,20.96414252333392,7.6492463931002135,282.57681606862513,83.1123469593183,1.3661365494418223,396.1196309596398,,
LOT-014-C0010,LOT-014,Discrete_Transistor_X,125.0,5.18,nominal,258.1757760660675,247.71647553036019,250.33155318283195,249.94587438912026,False,normal,none,-10.459300535707314,2.6150776524717685,-0.38567879371169056,282.57681606862513,83.1123469593183,-0.3926124441591935,249.94587438912026,,
LOT-014-C0011,LOT-014,Discrete_Transistor_X,125.0,5.18,nominal,251.49888201112947,251.6579775381649,129.72828108721566,252.94430097994763,True,intermittent_anomaly,medium,0.15909552703541863,-121.92969645094922,123.21601989273196,282.57681606862513,83.1123469593183,-0.35653565532425624,252.94430097994763,,
LOT-014-C0012,LOT-014,Discrete_Transistor_X,125.0,5.18,nominal,241.37982287122202,246.54016377277821,246.51754736107964,244.46269150676875,False,normal,none,5.1603409015561965,-0.02261641169857853,-2.054855854310887,282.57681606862513,83.1123469593183,-0.4585855887394496,244.46269150676875,,
LOT-014-C0013,LOT-014,Discrete_Transistor_X,125.0,5.18,nominal,249.12858524609447,277.2471603515029,382.75174099520734,487.8842549515678,True,gradual_degradation,low,28.11857510540841,105.50458064370446,105.13251395636047,282.57681606862513,83.1123469593183,2.470239939000113,487.8842549515678,,
LOT-014-C0014,LOT-014,Discrete_Transistor_X,125.0,5.18,nominal,252.60964126361083,253.98894892815397,254.00668272381668,263.37615165885666,False,normal,none,1.3793076645431483,0.017733795662707053,9.369468935039976,282.57681606862513,83.1123469593183,-0.23102060177853947,263.37615165885666,,
LOT-014-C0015,LOT-014,Discrete_Transistor_X,125.0,5.18,nominal,256.48591276854967,253.1427935291796,270.5924232251202,255.59544181440066,False,normal,none,-3.343119239370054,17.449629695940615,-14.99698141071957,282.57681606862513,83.1123469593183,-0.3246373762905682,255.59544181440066,,
LOT-014-C0016,LOT-014,Discrete_Transistor_X,125.0,5.18,nominal,245.30363693222418,276.8736473630757,367.3025663676151,462.37540945427594,True,gradual_degradation,low,31.57001043085151,90.42891900453941,95.07284308666084,282.57681606862513,83.1123469593183,2.1633198912510356,462.37540945427594,,
LOT-014-C0017,LOT-014,Discrete_Transistor_X,125.0,5.18,nominal,240.995589317928,254.37466626139724,257.9650485570829,242.7100791766894,False,normal,none,13.379076943469244,3.5903822956856857,-15.254969380393533,282.57681606862513,83.1123469593183,-0.4796728566869812,242.7100791766894,,
LOT-014-C0018,LOT-014,Discrete_Transistor_X,125.0,5.18,nominal,240.29509681983583,234.37085999747413,234.24809901737487,236.77036451578502,False,normal,none,-5.924236822361706,-0.12276098009925818,2.5222654984101496,282.57681606862513,83.1123469593183,-0.5511389490091212,236.77036451578502,,
LOT-014-C0019,LOT-014,Discrete_Transistor_X,125.0,5.18,nominal,240.74071414540808,273.4129232067496,385.6734273258234,479.9408885407363,True,gradual_degradation,low,32.67220906134153,112.2605041190738,94.26746121491288,282.57681606862513,83.1123469593183,2.374666095865595,479.9408885407363,,
LOT-014-C0020,LOT-014,Discrete_Transistor_X,125.0,5.18,nominal,249.82122165628766,252.11790876769481,239.41144835547829,247.18028821702083,False,normal,none,2.2966871114071523,-12.70646041221653,7.768839861542546,282.57681606862513,83.1123469593183,-0.4258877188118649,247.18028821702083,,
LOT-014-C0021,LOT-014,Discrete_Transistor_X,125.0,5.18,nominal,254.83358438010362,259.1098816384898,266.3157454952125,267.7804922463055,False,normal,none,4.276297258386194,7.205863856722715,1.4647467510930028,282.57681606862513,83.1123469593183,-0.17802798697962516,267.7804922463055,,
LOT-014-C0022,LOT-014,Discrete_Transistor_X,125.0,5.18,nominal,251.68862200814647,248.89727013202824,249.33175861610417,241.86727450646237,False,normal,none,-2.7913518761182274,0.43448848407592777,-7.464484109641802,282.57681606862513,83.1123469593183,-0.48981340380255667,241.86727450646237,,
LOT-014-C0023,LOT-014,Discrete_Transistor_X,125.0,5.18,nominal,235.58988004594707,250.8896859543335,257.24992571581856,252.858190868839,False,normal,none,15.299805908386418,6.360239761485076,-4.391734846979574,282.57681606862513,83.1123469593183,-0.3575717241426568,252.858190868839,,
LOT-014-C0024,LOT-014,Discrete_Transistor_X,125.0,5.18,nominal,684.737121794612,272.5426880982265,258.62846115023723,249.75680997655925,False,measurement_anomaly,low,-412.1944336963855,-13.914226947989278,-8.871651173677975,282.57681606862513,83.1123469593183,-0.39488724952178966,249.75680997655925,,
LOT-014-C0025,LOT-014,Discrete_Transistor_X,125.0,5.18,nominal,261.0805946115364,261.6550202274928,258.50347562873065,262.38862650266174,False,normal,none,0.5744256159563861,-3.1515445987621433,3.8851508739310816,282.57681606862513,83.1123469593183,-0.24290241227148934,262.38862650266174,,
LOT-014-C0026,LOT-014,Discrete_Transistor_X,125.0,5.18,nominal,236.3839811061477,241.13736582546414,230.56820464506436,234.30989860341813,False,normal,none,4.753384719316443,-10.569161180399789,3.7416939583537783,282.57681606862513,83.1123469593183,-0.5807430451799492,234.30989860341813,,
LOT-014-C0027,LOT-014,Discrete_Transistor_X,125.0,5.18,nominal,237.3398626064153,243.87311333938212,247.58678894241305,242.92981854004645,False,normal,none,6.53325073296682,3.7136756030309357,-4.656970402366596,282.57681606862513,83.1123469593183,-0.477028973179942,242.92981854004645,,
LOT-014-C0028,LOT-014,Discrete_Transistor_X,125.0,5.18,nominal,245.84472474265405,243.73827052390948,244.29540646712803,492.17188609721734,True,sudden_failure,critical,-2.106454218744574,0.5571359432185545,247.8764796300893,282.57681606862513,83.1123469593183,2.521828316690232,492.17188609721734,,
LOT-014-C0029,LOT-014,Discrete_Transistor_X,125.0,5.18,nominal,265.77531618993083,269.2631183980132,265.51379171320434,267.27141275982143,False,normal,none,3.487802208082371,-3.7493266848088638,1.7576210466170892,282.57681606862513,83.1123469593183,-0.18415318383796056,267.27141275982143,,
LOT-014-C0030,LOT-014,Discrete_Transistor_X,125.0,5.18,nominal,224.59696405022112,235.9752726760167,230.1908321094156,220.50859035007133,False,normal,none,11.378308625795569,-5.784440566601091,-9.682241759344265,282.57681606862513,83.1123469593183,-0.746799097719318,220.50859035007133,,
LOT-014-C0031,LOT-014,Discrete_Transistor_X,125.0,5.18,nominal,331.2394194036741,317.5621745069488,326.3548625876048,320.85128972200243,True,lot_relative_anomaly,medium,-13.677244896725313,8.792688080656035,-5.5035728656023934,282.57681606862513,83.1123469593183,0.4605148940398931,320.85128972200243,,
LOT-014-C0032,LOT-014,Discrete_Transistor_X,125.0,5.18,nominal,251.68233803136715,246.85986541307602,247.00534705327902,252.36966117658756,False,normal,none,-4.82247261829113,0.14548164020300192,5.364314123308532,282.57681606862513,83.1123469593183,-0.3634496677951271,252.36966117658756,,
LOT-014-C0033,LOT-014,Discrete_Transistor_X,125.0,5.18,nominal,234.0997258974647,230.03562283237466,238.29702704067813,415.1178079493228,True,sudden_failure,critical,-4.064103065090052,8.261404208303475,176.82078090864468,282.57681606862513,83.1123469593183,1.5947208414842817,415.1178079493228,,
LOT-014-C0034,LOT-014,Discrete_Transistor_X,125.0,5.18,nominal,262.52694939550423,,261.38151922958616,265.8825862364963,False,normal,none,,,4.501067006910148,282.57681606862513,83.1123469593183,-0.20086341491836696,265.8825862364963,,
LOT-014-C0035,LOT-014,Discrete_Transistor_X,125.0,5.18,nominal,228.5583295210649,228.97869286147122,224.64767868022676,230.10982143476426,False,normal,none,0.4203633404063112,-4.331014181244456,5.462142754537496,282.57681606862513,83.1123469593183,-0.6312779815921014,230.10982143476426,,
LOT-014-C0036,LOT-014,Discrete_Transistor_X,125.0,5.18,nominal,250.66876781980278,245.66932854312373,241.27878140020883,243.71926273547473,False,normal,none,-4.999439276679055,-4.3905471429148974,2.4404813352659005,282.57681606862513,83.1123469593183,-0.4675304543158953,243.71926273547473,,
LOT-014-C0037,LOT-014,Discrete_Transistor_X,125.0,5.18,nominal,239.72901678650558,,247.70233610844022,243.7877896727331,False,missing_invalid,unknown,,,-3.914546435707109,282.57681606862513,83.1123469593183,-0.46670594460385545,243.7877896727331,,
LOT-014-C0038,LOT-014,Discrete_Transistor_X,125.0,5.18,nominal,244.5501065026104,411.7569068077406,245.93089590003905,244.3450217300079,True,intermittent_anomaly,medium,167.20680030513023,-165.82601090770157,-1.5858741700311612,282.57681606862513,83.1123469593183,-0.4600013805088537,244.3450217300079,,
LOT-014-C0039,LOT-014,Discrete_Transistor_X,125.0,5.18,nominal,268.36012013994184,265.0567957870218,271.5089027838897,268.1630124286602,False,normal,none,-3.303324352920015,6.452106996867883,-3.3458903552295283,282.57681606862513,83.1123469593183,-0.17342553985414705,268.1630124286602,,
LOT-014-C0040,LOT-014,Discrete_Transistor_X,125.0,5.18,nominal,259.17097885444156,258.40256698532147,269.46569860204727,272.4872090017004,False,normal,none,-0.7684118691200865,11.063131616725798,3.0215103996531525,282.57681606862513,83.1123469593183,-0.12139721035507947,272.4872090017004,,
LOT-014-C0041,LOT-014,Discrete_Transistor_X,125.0,5.18,nominal,238.4451240234115,226.4345144563799,231.4247321065617,233.02894967387897,False,normal,none,-12.010609567031594,4.9902176501817905,1.6042175673172778,282.57681606862513,83.1123469593183,-0.5961553031223962,233.02894967387897,,
LOT-014-C0042,LOT-014,Discrete_Transistor_X,125.0,5.18,nominal,256.9945379857473,267.84467363511675,260.3089295326179,270.17467068804706,False,normal,none,10.850135649369463,-7.535744102498825,9.865741155429134,282.57681606862513,83.1123469593183,-0.14922145546736465,270.17467068804706,,
LOT-014-C0043,LOT-014,Discrete_Transistor_X,125.0,5.18,nominal,262.8525083025486,263.5249365681765,262.22270475324626,257.519329503043,False,normal,none,0.6724282656279001,-1.3022318149302237,-4.703375250203237,282.57681606862513,83.1123469593183,-0.30148933921751975,257.519329503043,,
LOT-014-C0044,LOT-014,Discrete_Transistor_X,125.0,5.18,nominal,258.2346583229298,260.92743174680123,260.1476625078942,259.6586852301095,False,normal,none,2.692773423871415,-0.7797692389070221,-0.488977277784727,282.57681606862513,83.1123469593183,-0.2757488108202934,259.6586852301095,,
LOT-014-C0045,LOT-014,Discrete_Transistor_X,125.0,5.18,nominal,245.25244500467275,,245.78861053462427,242.6868688962217,False,normal,none,,,-3.101741638402558,282.57681606862513,83.1123469593183,-0.47995212061486714,242.6868688962217,,
LOT-014-C0046,LOT-014,Discrete_Transistor_X,125.0,5.18,nominal,233.4593656559163,236.31704374750657,235.27080930961972,236.57697471795026,False,normal,none,2.8576780915902873,-1.0462344378868522,1.3061654083305427,282.57681606862513,83.1123469593183,-0.5534657970035523,236.57697471795026,,
LOT-014-C0047,LOT-014,Discrete_Transistor_X,125.0,5.18,nominal,229.36219588681408,220.96641333653247,408.86138522198723,402.47753247678145,True,sudden_failure,critical,-8.39578255028161,187.89497188545477,-6.383852745205786,282.57681606862513,83.1123469593183,1.4426342269800794,402.47753247678145,,
LOT-014-C0048,LOT-014,Discrete_Transistor_X,125.0,5.18,nominal,247.17779334216985,242.58637792128238,243.4080420926849,241.7613292216296,False,normal,none,-4.591415420887472,0.8216641714025172,-1.6467128710552856,282.57681606862513,83.1123469593183,-0.491088127579574,241.7613292216296,,
LOT-014-C0049,LOT-014,Discrete_Transistor_X,125.0,5.18,nominal,266.1359333139859,259.72435319576124,261.80085908554736,252.530215545205,False,normal,none,-6.411580118224663,2.0765058897861195,-9.270643540342348,282.57681606862513,83.1123469593183,-0.3615178926198208,252.530215545205,,
LOT-014-C0050,LOT-014,Discrete_Transistor_X,125.0,5.18,nominal,252.34153623755395,251.79457531582014,250.9534585580397,252.55399623021887,False,normal,none,-0.5469609217338132,-0.8411167577804406,1.600537672179172,282.57681606862513,83.1123469593183,-0.361231765637683,252.55399623021887,,
LOT-014-C0051,LOT-014,Discrete_Transistor_X,125.0,5.18,nominal,246.76098572293685,238.8149665505083,238.60899596998206,227.39324362565625,False,normal,none,-7.946019172428549,-0.20597058052624106,-11.215752344325807,282.57681606862513,83.1123469593183,-0.6639635921962359,227.39324362565625,,
LOT-014-C0052,LOT-014,Discrete_Transistor_X,125.0,5.18,nominal,246.49885111060823,250.2103187104111,256.313267664808,245.65725920770376,False,normal,none,3.711467599802859,6.102948954396908,-10.656008457104235,282.57681606862513,83.1123469593183,-0.4442126616758001,245.65725920770376,,
LOT-014-C0053,LOT-014,Discrete_Transistor_X,125.0,5.18,nominal,254.39515619031351,260.22935391881254,256.13753859049297,244.90816440474433,False,normal,none,5.834197728499021,-4.091815328319569,-11.22937418574864,282.57681606862513,83.1123469593183,-0.45322570041631477,244.90816440474433,,
LOT-014-C0054,LOT-014,Discrete_Transistor_X,125.0,5.18,nominal,232.50471659119972,231.7303072101538,230.86614854744724,240.65447038372687,False,normal,none,-0.7744093810459276,-0.8641586627065578,9.788321836279636,282.57681606862513,83.1123469593183,-0.5044057497909227,240.65447038372687,,
LOT-014-C0055,LOT-014,Discrete_Transistor_X,125.0,5.18,nominal,248.10726408780658,259.12276325712594,258.7737291438169,252.4250686003079,False,normal,none,11.015499169319355,-0.3490341133090169,-6.348660543509027,282.57681606862513,83.1123469593183,-0.36278301084525827,252.4250686003079,,
LOT-014-C0056,LOT-014,Discrete_Transistor_X,125.0,5.18,nominal,252.35971921899937,252.78933709972634,369.2072776838626,598.8936203532515,True,accelerating_degradation,medium,0.4296178807269655,116.41794058413629,229.68634266938892,282.57681606862513,83.1123469593183,3.805894260686161,598.8936203532515,,
LOT-014-C0057,LOT-014,Discrete_Transistor_X,125.0,5.18,nominal,254.9763307402801,260.1712511515861,258.905355071669,256.1693119637028,False,normal,none,5.194920411305986,-1.26589607991707,-2.736043107966225,282.57681606862513,83.1123469593183,-0.3177326242254745,256.1693119637028,,
LOT-014-C0058,LOT-014,Discrete_Transistor_X,125.0,5.18,nominal,250.07599471443098,247.2722978163776,248.79074577817752,244.26715853466928,False,normal,none,-2.8036968980533743,1.5184479617999216,-4.523587243508246,282.57681606862513,83.1123469593183,-0.46093822320656647,244.26715853466928,,
LOT-014-C0059,LOT-014,Discrete_Transistor_X,125.0,5.18,nominal,243.0093518417379,239.38351923246205,244.295506849844,232.99340591523756,False,normal,none,-3.6258326092758466,4.911987617381953,-11.302100934606443,282.57681606862513,83.1123469593183,-0.5965829623083269,232.99340591523756,,
LOT-015-C0000,LOT-015,Discrete_Transistor_X,150.0,5.34,elevated,261.4738940379681,252.55368780847493,260.1120954904003,263.69151125706156,False,normal,none,-8.920206229493147,7.55840768192536,3.5794157666612705,297.00109798973915,167.7951144012099,-0.19851344809141477,263.69151125706156,,
LOT-015-C0001,LOT-015,Discrete_Transistor_X,150.0,5.34,elevated,266.9878998347523,250.07489135993012,260.1790111973692,263.7319313115976,False,normal,none,-16.913008474822163,10.1041198374391,3.552920114228357,297.00109798973915,167.7951144012099,-0.19827255875038566,263.7319313115976,,
LOT-015-C0002,LOT-015,Discrete_Transistor_X,150.0,5.34,elevated,237.9244927176796,242.649101169177,237.55316988313027,245.05246753032256,False,normal,none,4.7246084514973745,-5.095931286046721,7.499297647192293,297.00109798973915,167.7951144012099,-0.30959560798179003,245.05246753032256,,
LOT-015-C0003,LOT-015,Discrete_Transistor_X,150.0,5.34,elevated,232.48515269800274,295.64270062996246,422.238439112517,563.279336750519,True,gradual_degradation,low,63.157547931959726,126.59573848255457,141.04089763800192,297.00109798973915,167.7951144012099,1.5869248619723804,563.279336750519,,
LOT-015-C0004,LOT-015,Discrete_Transistor_X,150.0,5.34,elevated,269.5814011590912,270.75118205049546,463.15891653030405,1133.6999196238303,True,accelerating_degradation,medium,1.1697808914042866,192.4077344798086,670.5410030935262,297.00109798973915,167.7951144012099,4.986431366729102,1133.6999196238303,,
LOT-015-C0005,LOT-015,Discrete_Transistor_X,150.0,5.34,elevated,256.0077273140643,251.568448258295,255.53636885653503,254.90969084858816,False,normal,none,-4.439279055769305,3.9679205982400276,-0.6266780079468788,297.00109798973915,167.7951144012099,-0.2508500160529554,254.90969084858816,,
LOT-015-C0006,LOT-015,Discrete_Transistor_X,150.0,5.34,elevated,253.8714942370188,246.56808468843425,243.71567676408276,252.4424783743686,False,normal,none,-7.30340954858454,-2.852407924351496,8.726801610285833,297.00109798973915,167.7951144012099,-0.2655537366173116,252.4424783743686,,
LOT-015-C0007,LOT-015,Discrete_Transistor_X,150.0,5.34,elevated,239.81575363659354,240.329973372562,235.34701135169644,236.6364692965757,False,normal,none,0.514219735968453,-4.982962020865557,1.289457944879274,297.00109798973915,167.7951144012099,-0.3597520041544677,236.6364692965757,,
LOT-015-C0008,LOT-015,Discrete_Transistor_X,150.0,5.34,elevated,253.2138531087341,238.72502077929602,250.47922204322552,245.88425294781575,False,normal,none,-14.488832329438083,11.754201263929502,-4.594969095409766,297.00109798973915,167.7951144012099,-0.3046384587795532,245.88425294781575,,
LOT-015-C0009,LOT-015,Discrete_Transistor_X,150.0,5.34,elevated,236.02024155330423,228.22816484373487,235.50749615314837,241.57093583359313,False,normal,none,-7.792076709569358,7.279331309413493,6.063439680444759,297.00109798973915,167.7951144012099,-0.3303443151724228,241.57093583359313,,
LOT-015-C0010,LOT-015,Discrete_Transistor_X,150.0,5.34,elevated,238.05959026245512,236.75653327111624,239.50326676293005,243.74327734010402,False,normal,none,-1.3030569913388774,2.7467334918138135,4.240010577173962,297.00109798973915,167.7951144012099,-0.3173979221009495,243.74327734010402,,
LOT-015-C0011,LOT-015,Discrete_Transistor_X,150.0,5.34,elevated,269.5950188805289,263.8298239208113,,267.5421687664164,False,normal,none,-5.765194959717633,,,297.00109798973915,167.7951144012099,-0.17556488058933808,267.5421687664164,,
LOT-015-C0012,LOT-015,Discrete_Transistor_X,150.0,5.34,elevated,236.72706908539996,252.7474049505389,238.45702827206387,251.22663626626814,False,normal,none,16.020335865138946,-14.290376678475042,12.769607994204279,297.00109798973915,167.7951144012099,-0.27279972892429427,251.22663626626814,,
LOT-015-C0013,LOT-015,Discrete_Transistor_X,150.0,5.34,elevated,237.5069814864812,229.85983061801306,235.6805058181188,241.8843600654796,False,normal,none,-7.647150868468145,5.82067520010574,6.203854247360795,297.00109798973915,167.7951144012099,-0.3284764167356599,241.8843600654796,,
LOT-015-C0014,LOT-015,Discrete_Transistor_X,150.0,5.34,elevated,378.2975862844677,374.5919721477389,380.4620392909038,381.13481725125376,True,lot_relative_anomaly,medium,-3.705614136728798,5.870067143164931,0.6727779603499471,297.00109798973915,167.7951144012099,0.5014074430101998,381.13481725125376,,
LOT-015-C0015,LOT-015,Discrete_Transistor_X,150.0,5.34,elevated,244.78972266675635,248.83258288220398,251.80484520220813,254.5215079484276,False,normal,none,4.042860215447632,2.9722623200041483,2.7166627462194697,297.00109798973915,167.7951144012099,-0.25316344991868994,254.5215079484276,,
LOT-015-C0016,LOT-015,Discrete_Transistor_X,150.0,5.34,elevated,229.30111538084657,230.73770288062687,229.12776763540248,235.09810671350508,False,normal,none,1.4365874997803019,-1.609935245224392,5.970339078102597,297.00109798973915,167.7951144012099,-0.3689201053149836,235.09810671350508,,
LOT-015-C0017,LOT-015,Discrete_Transistor_X,150.0,5.34,elevated,229.96004821342524,,,230.9868579559998,False,missing_invalid,unknown,,,,297.00109798973915,167.7951144012099,-0.3934217052106456,230.9868579559998,,
LOT-015-C0018,LOT-015,Discrete_Transistor_X,150.0,5.34,elevated,239.54150420491504,240.32945941665167,237.77570630481796,235.8738853138778,False,normal,none,0.7879552117366302,-2.5537531118337142,-1.9018209909401662,297.00109798973915,167.7951144012099,-0.36429673708914967,235.8738853138778,,
LOT-015-C0019,LOT-015,Discrete_Transistor_X,150.0,5.34,elevated,245.23574492371193,,251.9977789552165,259.7906546762533,False,normal,none,,,7.792875721036836,297.00109798973915,167.7951144012099,-0.22176118444374396,259.7906546762533,,
LOT-015-C0020,LOT-015,Discrete_Transistor_X,150.0,5.34,elevated,241.6747820236318,242.45582710374052,116.57765950430348,243.74854668139758,True,intermittent_anomaly,medium,0.7810450801087256,-125.87816759943703,127.1708871770941,297.00109798973915,167.7951144012099,-0.317366518675931,243.74854668139758,,
LOT-015-C0021,LOT-015,Discrete_Transistor_X,150.0,5.34,elevated,250.40864884380144,254.35163304699861,251.2744588578143,249.4543175945957,False,normal,none,3.9429842031971702,-3.077174189184319,-1.820141263218602,297.00109798973915,167.7951144012099,-0.28336212627416413,249.4543175945957,,
LOT-015-C0022,LOT-015,Discrete_Transistor_X,150.0,5.34,elevated,278.37783203476135,276.54190345285883,268.4454209101015,260.8513017968242,False,normal,none,-1.8359285819025217,-8.096482542757315,-7.594119113277316,297.00109798973915,167.7951144012099,-0.21544009980218046,260.8513017968242,,
LOT-015-C0023,LOT-015,Discrete_Transistor_X,150.0,5.34,elevated,252.30275021067774,246.81670811962056,247.23114046770596,246.87972188773384,False,normal,none,-5.486042091057186,0.4144323480853984,-0.351418579972119,297.00109798973915,167.7951144012099,-0.29870581322267575,246.87972188773384,,
LOT-015-C0024,LOT-015,Discrete_Transistor_X,150.0,5.34,elevated,248.72085756628815,250.81153462636254,246.740472897497,247.40361080378165,False,normal,none,2.0906770600743982,-4.071061728865544,0.6631379062846463,297.00109798973915,167.7951144012099,-0.29558361912353676,247.40361080378165,,
LOT-015-C0025,LOT-015,Discrete_Transistor_X,150.0,5.34,elevated,229.0881476298414,228.22167380271887,228.08798084464772,232.24600508737407,False,normal,none,-0.866473827122519,-0.13369295807115122,4.158024242726356,297.00109798973915,167.7951144012099,-0.38591763016133535,232.24600508737407,,
LOT-015-C0026,LOT-015,Discrete_Transistor_X,150.0,5.34,elevated,230.46241359105852,240.23190868847217,249.75729189823187,241.2595388534171,False,normal,none,9.769495097413653,9.525383209759696,-8.497753044814772,297.00109798973915,167.7951144012099,-0.3322001319003846,241.2595388534171,,
LOT-015-C0027,LOT-015,Discrete_Transistor_X,150.0,5.34,elevated,243.31831018016103,252.19147764422527,255.87191327814142,255.04536138137425,False,normal,none,8.873167464064238,3.6804356339161473,-0.826551896767171,297.00109798973915,167.7951144012099,-0.2500414672863823,255.04536138137425,,
LOT-015-C0028,LOT-015,Discrete_Transistor_X,150.0,5.34,elevated,248.87250273140387,239.42559438971338,246.82451223205783,243.1779672947589,False,normal,none,-9.446908341690488,7.398917842344446,-3.646544937298927,297.00109798973915,167.7951144012099,-0.32076697159540274,243.1779672947589,,
LOT-015-C0029,LOT-015,Discrete_Transistor_X,150.0,5.34,elevated,298.62053616412925,288.1343638002224,298.1360559747872,292.0085853642016,True,lot_relative_anomaly,medium,-10.48617236390686,10.001692174564823,-6.12747061058559,297.00109798973915,167.7951144012099,-0.029753623300378583,292.0085853642016,,
LOT-015-C0030,LOT-015,Discrete_Transistor_X,150.0,5.34,elevated,252.22345775526279,248.15562817223073,242.8891118042647,239.0520979856385,False,normal,none,-4.067829583032051,-5.266516367966034,-3.8370138186261897,297.00109798973915,167.7951144012099,-0.34535570484811917,239.0520979856385,,
LOT-015-C0031,LOT-015,Discrete_Transistor_X,150.0,5.34,elevated,244.23497375478354,246.74430412008994,244.08360232314465,242.51848674928578,False,normal,none,2.509330365306397,-2.6607017969452897,-1.5651155738588614,297.00109798973915,167.7951144012099,-0.3246972442247729,242.51848674928578,,
LOT-015-C0032,LOT-015,Discrete_Transistor_X,150.0,5.34,elevated,366.2010721113871,371.5349009350709,361.43120792432336,372.6384628850634,True,lot_relative_anomaly,medium,5.3338288236838025,-10.10369301074752,11.207254960740045,297.00109798973915,167.7951144012099,0.45077215248633523,372.6384628850634,,
LOT-015-C0033,LOT-015,Discrete_Transistor_X,150.0,5.34,elevated,233.69763847792922,237.846879720112,239.13462267745757,235.78856253217108,False,normal,none,4.149241242182796,1.2877429573455572,-3.3460601452864864,297.00109798973915,167.7951144012099,-0.36480523092707334,235.78856253217108,,
LOT-015-C0034,LOT-015,Discrete_Transistor_X,150.0,5.34,elevated,248.00610901982847,240.3793372482684,234.9290653299073,244.91701207308074,False,normal,none,-7.6267717715600725,-5.450271918361096,9.987946743173438,297.00109798973915,167.7951144012099,-0.31040287497359254,244.91701207308074,,
LOT-015-C0035,LOT-015,Discrete_Transistor_X,150.0,5.34,elevated,281.59340346171405,278.136841845259,266.6353378932817,269.09557983544494,False,normal,none,-3.4565616164550192,-11.501503951977327,2.460241942163236,297.00109798973915,167.7951144012099,-0.16630709573325336,269.09557983544494,,
LOT-015-C0036,LOT-015,Discrete_Transistor_X,150.0,5.34,elevated,246.2732813161337,243.60750256134975,243.391850411389,246.83289218692872,False,normal,none,-2.6657787547839575,-0.21565214996076065,3.4410417755397305,297.00109798973915,167.7951144012099,-0.2989849018062274,246.83289218692872,,
LOT-015-C0037,LOT-015,Discrete_Transistor_X,150.0,5.34,elevated,264.5053652891979,254.2737918200229,248.17460124106262,258.46711833063955,False,normal,none,-10.231573469175032,-6.099190578960275,10.292517089576933,297.00109798973915,167.7951144012099,-0.22964899661477717,258.46711833063955,,
LOT-015-C0038,LOT-015,Discrete_Transistor_X,150.0,5.34,elevated,244.3005520938267,253.7449098147976,241.19996088582792,244.77559022466065,False,normal,none,9.444357720970913,-12.544948928969688,3.5756293388327265,297.00109798973915,167.7951144012099,-0.31124569956312104,244.77559022466065,,
LOT-015-C0039,LOT-015,Discrete_Transistor_X,150.0,5.34,elevated,225.03371418222298,254.9737502984588,493.9245633636785,996.7930593942672,True,accelerating_degradation,medium,29.94003611623583,238.95081306521968,502.8684960305887,297.00109798973915,167.7951144012099,4.170514522438814,996.7930593942672,,
LOT-015-C0040,LOT-015,Discrete_Transistor_X,150.0,5.34,elevated,232.52596827477603,241.4175783974391,242.5916610581096,245.23748503894103,False,normal,none,8.891610122663053,1.174082660670507,2.6458239808314374,297.00109798973915,167.7951144012099,-0.3084929685558525,245.23748503894103,,
LOT-015-C0041,LOT-015,Discrete_Transistor_X,150.0,5.34,elevated,257.3337022594839,261.7748002940416,261.4701356249467,244.3712750628736,False,normal,none,4.441098034557683,-0.30466466909490464,-17.0988605620731,297.00109798973915,167.7951144012099,-0.3136552760470961,244.3712750628736,,
LOT-015-C0042,LOT-015,Discrete_Transistor_X,150.0,5.34,elevated,221.03957474187735,218.47324113118944,223.2231265832231,223.6298419927792,False,normal,none,-2.5663336106879058,4.749885452033652,0.4067154095561136,297.00109798973915,167.7951144012099,-0.4372669386638047,223.6298419927792,,
LOT-015-C0043,LOT-015,Discrete_Transistor_X,150.0,5.34,elevated,245.18533593342582,253.57518681263392,383.064271369552,796.4859066721043,True,accelerating_degradation,medium,8.389850879208097,129.48908455691807,413.4216353025523,297.00109798973915,167.7951144012099,2.9767541830095356,796.4859066721043,,
LOT-015-C0044,LOT-015,Discrete_Transistor_X,150.0,5.34,elevated,248.17308435598477,238.24479752626252,248.36070871003284,236.77757950472332,False,normal,none,-9.928286829722254,10.115911183770322,-11.583129205309518,297.00109798973915,167.7951144012099,-0.35891103683160386,236.77757950472332,,
LOT-015-C0045,LOT-015,Discrete_Transistor_X,150.0,5.34,elevated,242.46312848899774,245.44889045400234,244.3397625446653,240.49319951302866,False,normal,none,2.985761965004599,-1.1091279093370474,-3.8465630316366344,297.00109798973915,167.7951144012099,-0.3367672454490906,240.49319951302866,,
LOT-015-C0046,LOT-015,Discrete_Transistor_X,150.0,5.34,elevated,253.49657110044845,258.71816486028007,259.3501524728473,257.40921007095807,False,normal,none,5.22159375983162,0.6319876125672295,-1.940942401889231,297.00109798973915,167.7951144012099,-0.23595375860654738,257.40921007095807,,
LOT-015-C0047,LOT-015,Discrete_Transistor_X,150.0,5.34,elevated,259.992338527171,266.1006391860408,254.8220329889539,268.13146166718855,False,normal,none,6.10830065886978,-11.278606197086873,13.309428678234639,297.00109798973915,167.7951144012099,-0.17205290169248477,268.13146166718855,,
LOT-015-C0048,LOT-015,Discrete_Transistor_X,150.0,5.34,elevated,234.9810879030847,227.78616631472968,225.05874714305776,383.5947569050044,True,sudden_failure,critical,-7.194921588355015,-2.727419171671926,158.53600976194662,297.00109798973915,167.7951144012099,0.5160678201167032,383.5947569050044,,
LOT-015-C0049,LOT-015,Discrete_Transistor_X,150.0,5.34,elevated,260.16951952999403,265.7795995332038,261.6908562353096,269.4066563779037,False,normal,none,5.6100800032097595,-4.0887432978942115,7.715800142594105,297.00109798973915,167.7951144012099,-0.16445318870164014,269.4066563779037,,
LOT-015-C0050,LOT-015,Discrete_Transistor_X,150.0,5.34,elevated,250.51184314111904,242.13295357384447,236.73772788847944,250.46572245231735,False,normal,none,-8.37888956727457,-5.395225685365034,13.72799456383791,297.00109798973915,167.7951144012099,-0.2773345082393308,250.46572245231735,,
LOT-015-C0051,LOT-015,Discrete_Transistor_X,150.0,5.34,elevated,249.53281161406812,265.7548183082659,249.88235603712252,255.5379706249383,False,normal,none,16.222006694197773,-15.872462271143377,5.655614587815791,297.00109798973915,167.7951144012099,-0.24710568905873856,255.5379706249383,,
LOT-015-C0052,LOT-015,Discrete_Transistor_X,150.0,5.34,elevated,264.793820614493,253.7906644623186,256.06745463159325,263.02653227768616,False,normal,none,-11.00315615217437,2.2767901692746477,6.959077646092908,297.00109798973915,167.7951144012099,-0.2024764894573594,263.02653227768616,,
LOT-015-C0053,LOT-015,Discrete_Transistor_X,150.0,5.34,elevated,262.8069083909539,260.0159850570228,254.69413048780615,252.98038222785834,False,normal,none,-2.7909233339310617,-5.3218545692166686,-1.7137482599478062,297.00109798973915,167.7951144012099,-0.2623480184090711,252.98038222785834,,
LOT-015-C0054,LOT-015,Discrete_Transistor_X,150.0,5.34,elevated,239.7890161689803,230.20129175069908,250.26047182840932,248.66525765075164,False,normal,none,-9.587724418281226,20.059180077710238,-1.595214177657681,297.00109798973915,167.7951144012099,-0.28806464664646386,248.66525765075164,,
LOT-015-C0055,LOT-015,Discrete_Transistor_X,150.0,5.34,elevated,251.99922357914667,237.59144766237853,,247.13202650085375,False,normal,none,-14.407775916768145,,,297.00109798973915,167.7951144012099,-0.29720216626596735,247.13202650085375,,
LOT-015-C0056,LOT-015,Discrete_Transistor_X,150.0,5.34,elevated,239.87519554330623,233.24382385787712,227.07396706940318,232.40663444214604,False,normal,none,-6.631371685429116,-6.169856788473936,5.332667372742861,297.00109798973915,167.7951144012099,-0.3849603355741527,232.40663444214604,,
LOT-015-C0057,LOT-015,Discrete_Transistor_X,150.0,5.34,elevated,244.70369042049674,254.20445146634836,252.7980043880782,246.85078452947508,False,normal,none,9.500761045851618,-1.406447078270162,-5.94721985860312,297.00109798973915,167.7951144012099,-0.29887826972334336,246.85078452947508,,
LOT-015-C0058,LOT-015,Discrete_Transistor_X,150.0,5.34,elevated,256.9395015496594,251.80408283962717,258.1180575089773,262.71195719663535,False,normal,none,-5.135418710032212,6.313974669350131,4.593899687658052,297.00109798973915,167.7951144012099,-0.20435124655129144,262.71195719663535,,
LOT-015-C0059,LOT-015,Discrete_Transistor_X,150.0,5.34,elevated,234.384155649782,237.65723006456636,228.36877410004317,229.09615366168708,False,normal,none,3.273074414784361,-9.288455964523195,0.7273795616439145,297.00109798973915,167.7951144012099,-0.40468963932815455,229.09615366168708,,
LOT-016-C0000,LOT-016,Discrete_Transistor_X,125.0,4.97,elevated,214.5631129281342,218.06229637765645,214.93421076813803,212.53758538739785,False,normal,none,3.4991834495222633,-3.128085609518422,-2.3966253807401756,235.71045369407722,62.978884821941605,-0.36794662801977757,212.53758538739785,,
LOT-016-C0001,LOT-016,Discrete_Transistor_X,125.0,4.97,elevated,205.64045360744979,206.69766637245266,215.58360442069716,211.9464993298091,False,normal,none,1.0572127650028733,8.885938048244498,-3.6371050908880704,235.71045369407722,62.978884821941605,-0.3773320920409321,211.9464993298091,,
LOT-016-C0002,LOT-016,Discrete_Transistor_X,125.0,4.97,elevated,222.7406633435286,226.9782457885116,,220.86684073063753,False,missing_invalid,unknown,4.237582444982991,,,235.71045369407722,62.978884821941605,-0.2356918990453166,220.86684073063753,,
LOT-016-C0003,LOT-016,Discrete_Transistor_X,125.0,4.97,elevated,219.47712160106457,214.90302893843725,220.1334520774888,219.3032799368715,False,normal,none,-4.574092662627322,5.230423139051567,-0.8301721406173215,235.71045369407722,62.978884821941605,-0.2605186453141121,219.3032799368715,,
LOT-016-C0004,LOT-016,Discrete_Transistor_X,125.0,4.97,elevated,225.92577906824292,229.32227742108768,227.89936695234803,222.48618583278136,False,normal,none,3.396498352844759,-1.4229104687396443,-5.413181119566673,235.71045369407722,62.978884821941605,-0.20997939069077598,222.48618583278136,,
LOT-016-C0005,LOT-016,Discrete_Transistor_X,125.0,4.97,elevated,225.84753019263073,227.43699705016218,230.47749636083074,228.693809940347,False,normal,none,1.5894668575314483,3.040499310668565,-1.7836864204837468,235.71045369407722,62.978884821941605,-0.11141263891172695,228.693809940347,,
LOT-016-C0006,LOT-016,Discrete_Transistor_X,125.0,4.97,elevated,231.4255804496877,229.67977825252296,227.5223509612341,219.770206610099,False,normal,none,-1.7458021971647213,-2.1574272912888546,-7.752144351135115,235.71045369407722,62.978884821941605,-0.25310462592415894,219.770206610099,,
LOT-016-C0007,LOT-016,Discrete_Transistor_X,125.0,4.97,elevated,222.68213615373634,212.48536101385878,214.274041160472,210.24203651796043,False,normal,none,-10.196775139877559,1.788680146613217,-4.032004642511566,235.71045369407722,62.978884821941605,-0.4043961281328323,210.24203651796043,,
LOT-016-C0008,LOT-016,Discrete_Transistor_X,125.0,4.97,elevated,208.96949313064937,221.08753672171994,222.63599571098388,215.49550779668508,False,normal,none,12.118043591070574,1.5484589892639349,-7.140487914298802,235.71045369407722,62.978884821941605,-0.3209797371697717,215.49550779668508,,
LOT-016-C0009,LOT-016,Discrete_Transistor_X,125.0,4.97,elevated,199.37599254765138,202.95500131540132,199.06472690432128,209.5581668665176,False,normal,none,3.57900876774994,-3.8902744110800427,10.493439962196334,235.71045369407722,62.978884821941605,-0.4152548413884942,209.5581668665176,,
LOT-016-C0010,LOT-016,Discrete_Transistor_X,125.0,4.97,elevated,217.58241268451889,216.0922662787952,214.7999530382549,215.56881784155053,False,normal,none,-1.4901464057236922,-1.2923132405402953,0.768864803295628,235.71045369407722,62.978884821941605,-0.31981569552196043,215.56881784155053,,
LOT-016-C0011,LOT-016,Discrete_Transistor_X,125.0,4.97,elevated,238.4150349136716,241.8485135581861,229.61793219879195,237.5956284971943,False,normal,none,3.4334786445145085,-12.230581359394165,7.97769629840235,235.71045369407722,62.978884821941605,0.029933442112336256,237.5956284971943,,
LOT-016-C0012,LOT-016,Discrete_Transistor_X,125.0,4.97,elevated,225.37713510961618,218.34232166115504,215.37874361712585,209.40162426982226,False,normal,none,-7.034813448461136,-2.963578044029191,-5.977119347303585,235.71045369407722,62.978884821941605,-0.41774047760034416,209.40162426982226,,
LOT-016-C0013,LOT-016,Discrete_Transistor_X,125.0,4.97,elevated,215.5984367095367,220.94644078205684,211.88791007254596,214.6649434263465,False,normal,none,5.348004072520126,-9.058530709510876,2.777033353800533,235.71045369407722,62.978884821941605,-0.33416771870813666,214.6649434263465,,
LOT-016-C0014,LOT-016,Discrete_Transistor_X,125.0,4.97,elevated,218.94644776260643,209.48634989290073,211.1060494899921,208.44182624890436,False,normal,none,-9.460097869705692,1.619699597091369,-2.66422324108774,235.71045369407722,62.978884821941605,-0.432980474682406,208.44182624890436,,
LOT-016-C0015,LOT-016,Discrete_Transistor_X,125.0,4.97,elevated,232.22154049767232,232.986122641427,235.7153039042656,229.33752606339652,False,normal,none,0.7645821437546658,2.7291812628386083,-6.377777840869072,235.71045369407722,62.978884821941605,-0.10119149693899293,229.33752606339652,,
LOT-016-C0016,LOT-016,Discrete_Transistor_X,125.0,4.97,elevated,213.93606803768216,205.55229902138208,209.6501381759785,208.2934404608671,False,normal,none,-8.383769016300079,4.097839154596414,-1.3566977151114088,235.71045369407722,62.978884821941605,-0.4353365943319807,208.2934404608671,,
LOT-016-C0017,LOT-016,Discrete_Transistor_X,125.0,4.97,elevated,215.81333681551416,211.96426379579287,213.48766469659301,224.53983797092417,False,normal,none,-3.8490730197212883,1.5234009008001408,11.052173274331153,235.71045369407722,62.978884821941605,-0.17737080856124096,224.53983797092417,,
LOT-016-C0018,LOT-016,Discrete_Transistor_X,125.0,4.97,elevated,208.6710290835559,211.16546465699096,216.32801683508924,204.98795755083475,False,normal,none,2.494435573435055,5.162552178098281,-11.340059284254494,235.71045369407722,62.978884821941605,-0.48782216817752966,204.98795755083475,,
LOT-016-C0019,LOT-016,Discrete_Transistor_X,125.0,4.97,elevated,224.62647624819843,219.60321216521302,224.53859908724155,228.30345254721277,False,normal,none,-5.023264082985406,4.935386922028528,3.7648534599712207,235.71045369407722,62.978884821941605,-0.1176108654163383,228.30345254721277,,
LOT-016-C0020,LOT-016,Discrete_Transistor_X,125.0,4.97,elevated,215.51582169038235,210.090400405603,214.93092340477207,223.63741192851472,False,normal,none,-5.425421284779361,4.840522999169082,8.70648852374265,235.71045369407722,62.978884821941605,-0.19169983399509627,223.63741192851472,,
LOT-016-C0021,LOT-016,Discrete_Transistor_X,125.0,4.97,elevated,216.34080336102738,217.75998376484694,217.57811670848824,221.99551985907652,False,normal,none,1.4191804038195528,-0.1818670563586977,4.417403150588285,235.71045369407722,62.978884821941605,-0.21777035071002815,221.99551985907652,,
LOT-016-C0022,LOT-016,Discrete_Transistor_X,125.0,4.97,elevated,209.54515122445477,215.77443131239667,215.56473180165932,218.25827042548678,False,normal,none,6.229280087941902,-0.2096995107373516,2.6935386238274646,235.71045369407722,62.978884821941605,-0.2771116592161403,218.25827042548678,,
LOT-016-C0023,LOT-016,Discrete_Transistor_X,125.0,4.97,elevated,213.51707592823976,214.66486413834326,204.33892934202322,207.1466093668275,False,normal,none,1.1477882101034993,-10.325934796320041,2.8076800248042844,235.71045369407722,62.978884821941605,-0.4535463657066563,207.1466093668275,,
LOT-016-C0024,LOT-016,Discrete_Transistor_X,125.0,4.97,elevated,222.8306339298872,227.93920287435674,220.7062504271701,221.311750196593,False,normal,none,5.108568944469539,-7.232952447186648,0.60549976942292,235.71045369407722,62.978884821941605,-0.22862747630722977,221.311750196593,,
LOT-016-C0025,LOT-016,Discrete_Transistor_X,125.0,4.97,elevated,218.4337160147441,218.00822591229635,210.3164825891643,212.61321295389772,False,normal,none,-0.4254901024477533,-7.6917433231320445,2.2967303647334063,235.71045369407722,62.978884821941605,-0.36674578798087115,212.61321295389772,,
LOT-016-C0026,LOT-016,Discrete_Transistor_X,125.0,4.97,elevated,,220.50381709303383,226.3245339895236,222.37971207847892,False,normal,none,,5.820716896489756,-3.94482191104467,235.71045369407722,62.978884821941605,-0.21167001691579523,222.37971207847892,,
LOT-016-C0027,LOT-016,Discrete_Transistor_X,125.0,4.97,elevated,186.28193834805066,197.23154017768744,293.9019666873021,487.1473280122466,True,accelerating_degradation,medium,10.949601829636777,96.67042650961466,193.2453613249445,235.71045369407722,62.978884821941605,3.992399595976487,487.1473280122466,,
LOT-016-C0028,LOT-016,Discrete_Transistor_X,125.0,4.97,elevated,223.6673818620073,232.14373407808446,228.40393337210043,221.35236187500655,False,normal,none,8.476352216077174,-3.739800705984038,-7.0515714970938745,235.71045369407722,62.978884821941605,-0.22798263036357164,221.35236187500655,,
LOT-016-C0029,LOT-016,Discrete_Transistor_X,125.0,4.97,elevated,233.5466941317081,232.88372190501087,230.7178922669408,234.99641630937583,False,normal,none,-0.6629722266972351,-2.165829638070079,4.278524042435038,235.71045369407722,62.978884821941605,-0.011337726711423395,234.99641630937583,,
LOT-016-C0030,LOT-016,Discrete_Transistor_X,125.0,4.97,elevated,234.89666454575607,237.16372895850438,216.4757607448592,215.14185822337708,False,normal,none,2.2670644127483115,-20.687968213645178,-1.3339025214821163,235.71045369407722,62.978884821941605,-0.3265951045156346,215.14185822337708,,
LOT-016-C0031,LOT-016,Discrete_Transistor_X,125.0,4.97,elevated,212.89408599461333,213.395607948147,216.95300666633784,214.1968366468857,False,normal,none,0.5015219535336541,3.5573987181908535,-2.756170019452128,235.71045369407722,62.978884821941605,-0.34160047622336176,214.1968366468857,,
LOT-016-C0032,LOT-016,Discrete_Transistor_X,125.0,4.97,elevated,227.31949070646948,211.08533474026996,227.72102414256923,218.6891792260706,False,normal,none,-16.234155966199523,16.635689402299278,-9.031844916498642,235.71045369407722,62.978884821941605,-0.2702695437705889,218.6891792260706,,
LOT-016-C0033,LOT-016,Discrete_Transistor_X,125.0,4.97,elevated,223.58449955242253,209.980415520289,217.15261318670792,215.81509956808137,False,normal,none,-13.604084032133528,7.172197666418924,-1.3375136186265593,235.71045369407722,62.978884821941605,-0.3159051511033486,215.81509956808137,,
LOT-016-C0034,LOT-016,Discrete_Transistor_X,125.0,4.97,elevated,212.72257248956623,205.47381217310382,211.95689844852973,211.25250941104198,False,normal,none,-7.248760316462409,6.483086275425904,-0.7043890374877435,235.71045369407722,62.978884821941605,-0.38835149831859483,211.25250941104198,,
LOT-016-C0035,LOT-016,Discrete_Transistor_X,125.0,4.97,elevated,296.66562564566095,289.8406124224417,301.4485461299976,287.42411852555193,True,lot_relative_anomaly,medium,-6.82501322321923,11.607933707555901,-14.024427604445691,235.71045369407722,62.978884821941605,0.8211270329362497,287.42411852555193,,
LOT-016-C0036,LOT-016,Discrete_Transistor_X,125.0,4.97,elevated,212.8786328410194,214.72156243423422,217.6509094355849,218.45505934510396,False,normal,none,1.8429295932148193,2.929347001350692,0.8041499095190545,235.71045369407722,62.978884821941605,-0.2739869782985033,218.45505934510396,,
LOT-016-C0037,LOT-016,Discrete_Transistor_X,125.0,4.97,elevated,226.39337738883816,229.8701830188196,228.8467511123136,,False,normal,none,3.476805629981442,-1.023431906506005,,235.71045369407722,62.978884821941605,,,,
LOT-016-C0038,LOT-016,Discrete_Transistor_X,125.0,4.97,elevated,203.742597025688,206.06708938928128,213.2191303660668,212.82448435249364,False,normal,none,2.324492363593265,7.152040976785514,-0.3946460135731513,235.71045369407722,62.978884821941605,-0.36339114937154604,212.82448435249364,,
LOT-016-C0039,LOT-016,Discrete_Transistor_X,125.0,4.97,elevated,306.23723673000944,323.6307436140685,318.2301660467801,309.40385843439054,True,lot_relative_anomaly,medium,17.393506884059036,-5.400577567288394,-8.826307612389542,235.71045369407722,62.978884821941605,1.170128765357859,309.40385843439054,,
LOT-016-C0040,LOT-016,Discrete_Transistor_X,125.0,4.97,elevated,212.43315404874545,219.93476671374412,220.68537975245707,221.58477253521906,False,normal,none,7.5016126649986745,0.7506130387129417,0.8993927827619927,235.71045369407722,62.978884821941605,-0.2242923354199632,221.58477253521906,,
LOT-016-C0041,LOT-016,Discrete_Transistor_X,125.0,4.97,elevated,225.90311402488365,225.92083977489338,225.3851120110661,231.43179074448926,False,normal,none,0.0177257500097312,-0.5357277638272819,6.046678733423164,235.71045369407722,62.978884821941605,-0.06793805513839908,231.43179074448926,,
LOT-016-C0042,LOT-016,Discrete_Transistor_X,125.0,4.97,elevated,215.96748338870418,222.63896046037985,221.16017420249358,220.35566703829411,False,normal,none,6.6714770716756675,-1.47878625788627,-0.8045071641994639,235.71045369407722,62.978884821941605,-0.24380848754618709,220.35566703829411,,
LOT-016-C0043,LOT-016,Discrete_Transistor_X,125.0,4.97,elevated,218.85431148590476,221.38880752634998,221.08577501655114,212.5461024477807,False,normal,none,2.5344960404452195,-0.30303250979883956,-8.539672568770442,235.71045369407722,62.978884821941605,-0.367811391258966,212.5461024477807,,
LOT-016-C0044,LOT-016,Discrete_Transistor_X,125.0,4.97,elevated,212.18313019042188,218.343693237569,226.66915146111901,222.07684570237043,False,normal,none,6.1605630471471216,8.325458223550015,-4.59230575874858,235.71045369407722,62.978884821941605,-0.21647903150798384,222.07684570237043,,
LOT-016-C0045,LOT-016,Discrete_Transistor_X,125.0,4.97,elevated,206.66711868290403,203.7902687512229,210.38591653577888,211.32522539546198,False,normal,none,-2.876849931681136,6.595647784555979,0.9393088596831092,235.71045369407722,62.978884821941605,-0.38719688936313956,211.32522539546198,,
LOT-016-C0046,LOT-016,Discrete_Transistor_X,125.0,4.97,elevated,218.00428684402843,215.46675942500727,221.7985792425594,220.3795473430582,False,normal,none,-2.53752741902116,6.3318198175521445,-1.4190318995012206,235.71045369407722,62.978884821941605,-0.24342930800320864,220.3795473430582,,
LOT-016-C0047,LOT-016,Discrete_Transistor_X,125.0,4.97,elevated,218.93159157056212,221.66247744704262,223.82030321543155,224.28250495045486,False,normal,none,2.7308858764804995,2.157825768388932,0.46220173502331363,235.71045369407722,62.978884821941605,-0.18145682915682396,224.28250495045486,,
LOT-016-C0048,LOT-016,Discrete_Transistor_X,125.0,4.97,elevated,239.3487827950788,233.03629426049412,235.35833756992108,243.52255370474768,False,normal,none,-6.3124885345846735,2.3220433094269595,8.164216134826603,235.71045369407722,62.978884821941605,0.12404316197019666,243.52255370474768,,
LOT-016-C0049,LOT-016,Discrete_Transistor_X,125.0,4.97,elevated,209.21901623932837,212.01085149778206,209.77611526210984,207.3814616379462,False,normal,none,2.7918352584536876,-2.234736235672216,-2.3946536241636522,235.71045369407722,62.978884821941605,-0.44981730204059306,207.3814616379462,,
LOT-016-C0050,LOT-016,Discrete_Transistor_X,125.0,4.97,elevated,211.87794980878797,208.78513968074478,212.38572440041065,,False,normal,none,-3.0928101280431974,3.600584719665875,,235.71045369407722,62.978884821941605,,,,
LOT-016-C0051,LOT-016,Discrete_Transistor_X,125.0,4.97,elevated,226.70530793614714,254.47217207745027,351.9357125458958,493.56761790818314,True,gradual_degradation,low,27.76686414130313,97.46354046844553,141.63190536228734,235.71045369407722,62.978884821941605,4.094343126956568,493.56761790818314,,
LOT-016-C0052,LOT-016,Discrete_Transistor_X,125.0,4.97,elevated,218.6814465593848,547.2956724426042,214.3041133653974,215.04288813102067,False,measurement_anomaly,low,328.61422588321943,-332.99155907720683,0.7387747656232762,235.71045369407722,62.978884821941605,-0.3281665850624278,215.04288813102067,,
LOT-016-C0053,LOT-016,Discrete_Transistor_X,125.0,4.97,elevated,229.82642957487082,232.93873730666138,221.4038488763987,221.0407101396563,False,normal,none,3.1123077317905654,-11.534888430262669,-0.3631387367423997,235.71045369407722,62.978884821941605,-0.23293114185645314,221.0407101396563,,
LOT-016-C0054,LOT-016,Discrete_Transistor_X,125.0,4.97,elevated,226.94522196109864,222.5780795406658,218.70038055318452,216.72884660342396,False,normal,none,-4.3671424204328275,-3.8776989874812955,-1.9715339497605555,235.71045369407722,62.978884821941605,-0.30139636712081214,216.72884660342396,,
LOT-016-C0055,LOT-016,Discrete_Transistor_X,125.0,4.97,elevated,220.22572417496147,212.35737384149814,220.5538005894534,219.0299725681845,False,normal,none,-7.868350333463326,8.196426747955257,-1.523828021268912,235.71045369407722,62.978884821941605,-0.2648583120049358,219.0299725681845,,
LOT-016-C0056,LOT-016,Discrete_Transistor_X,125.0,4.97,elevated,220.30717700672218,499.4933889819324,503.6391956609896,499.90836149057645,True,sudden_failure,critical,279.1862119752102,4.145806679057216,-3.730834170413175,235.71045369407722,62.978884821941605,4.1950235947089,499.90836149057645,,
LOT-016-C0057,LOT-016,Discrete_Transistor_X,125.0,4.97,elevated,212.68840453850999,222.7544204042272,224.5417207059526,222.71706447084767,False,normal,none,10.066015865717219,1.787300301725395,-1.824656235104925,235.71045369407722,62.978884821941605,-0.20631342171214018,222.71706447084767,,
LOT-016-C0058,LOT-016,Discrete_Transistor_X,125.0,4.97,elevated,226.65967687534877,216.61623904615436,215.82572180096864,219.75811284592046,False,normal,none,-10.043437829194403,-0.7905172451857254,3.932391044951828,235.71045369407722,62.978884821941605,-0.2532966547956247,219.75811284592046,,
LOT-016-C0059,LOT-016,Discrete_Transistor_X,125.0,4.97,elevated,225.63673912037777,215.37810282434356,226.9170200632038,222.4494980341823,False,normal,none,-10.258636296034211,11.53891723886025,-4.467522029021495,235.71045369407722,62.978884821941605,-0.21056193194571837,222.4494980341823,,
LOT-017-C0000,LOT-017,Discrete_Transistor_X,85.0,4.75,elevated,237.17295607796422,248.51504004256455,270.1125962172104,343.23334122143245,True,accelerating_degradation,medium,11.342083964600334,21.59755617464586,73.12074500422204,251.5388896165862,28.17871649829959,3.2540322271377917,343.23334122143245,,
LOT-017-C0001,LOT-017,Discrete_Transistor_X,85.0,4.75,elevated,238.4063603688488,246.31933993866107,239.25242684108832,252.39036713129204,False,normal,none,7.912979569812279,-7.066913097572751,13.137940290203716,251.5388896165862,28.17871649829959,0.030217043943687634,252.39036713129204,,
LOT-017-C0002,LOT-017,Discrete_Transistor_X,85.0,4.75,elevated,248.63556558601005,247.83305728186778,259.1061499713364,257.67984025999147,False,normal,none,-0.8025083041422647,11.273092689468598,-1.4263097113449135,251.5388896165862,28.17871649829959,0.21792868542383148,257.67984025999147,,
LOT-017-C0003,LOT-017,Discrete_Transistor_X,85.0,4.75,elevated,268.2988359030837,282.2543892481567,276.56645817701565,267.6524355197763,False,normal,none,13.955553345072985,-5.687931071141065,-8.914022657239343,251.5388896165862,28.17871649829959,0.5718339195528105,267.6524355197763,,
LOT-017-C0004,LOT-017,Discrete_Transistor_X,85.0,4.75,elevated,241.95069319944852,245.78004782922503,240.8348999958297,235.42958430373335,False,normal,none,3.8293546297765033,-4.945147833395339,-5.405315692096337,251.5388896165862,28.17871649829959,-0.5716834304296631,235.42958430373335,,
LOT-017-C0005,LOT-017,Discrete_Transistor_X,85.0,4.75,elevated,230.87784744384874,243.49700834772142,238.99399932343712,241.1499752072145,False,normal,none,12.619160903872682,-4.503009024284296,2.155975883777387,251.5388896165862,28.17871649829959,-0.36867947516341276,241.1499752072145,,
LOT-017-C0006,LOT-017,Discrete_Transistor_X,85.0,4.75,elevated,232.99121148347956,254.80288019899922,239.9072572815185,246.10554272706648,False,normal,none,21.81166871551966,-14.895622917480722,6.198285445547981,251.5388896165862,28.17871649829959,-0.1928174013833311,246.10554272706648,,
LOT-017-C0007,LOT-017,Discrete_Transistor_X,85.0,4.75,elevated,238.23208372464757,360.8267954165513,232.4332444680501,237.6754012585707,True,intermittent_anomaly,medium,122.59471169190374,-128.3935509485012,5.242156790520596,251.5388896165862,28.17871649829959,-0.491984379730428,237.6754012585707,,
LOT-017-C0008,LOT-017,Discrete_Transistor_X,85.0,4.75,elevated,232.63044588199318,239.70343127330977,241.37610246289432,237.47245835711377,False,normal,none,7.0729853913165925,1.6726711895845483,-3.9036441057805575,251.5388896165862,28.17871649829959,-0.49918637210893757,237.47245835711377,,
LOT-017-C0009,LOT-017,Discrete_Transistor_X,85.0,4.75,elevated,243.5181973071993,238.83310906967841,230.93312398985432,237.06518290805494,False,normal,none,-4.685088237520887,-7.899985079824091,6.132058918200613,251.5388896165862,28.17871649829959,-0.513639672318101,237.06518290805494,,
LOT-017-C0010,LOT-017,Discrete_Transistor_X,85.0,4.75,elevated,779.2010934459452,258.0052506081552,249.10260571810375,233.81812619885596,False,measurement_anomaly,low,-521.19584283779,-8.902644890051477,-15.284479519247782,251.5388896165862,28.17871649829959,-0.6288704958864815,233.81812619885596,,
LOT-017-C0011,LOT-017,Discrete_Transistor_X,85.0,4.75,elevated,297.9963849455081,297.61235728482285,295.48392803478646,290.9771709947992,True,lot_relative_anomaly,medium,-0.3840276606852626,-2.1284292500363904,-4.506757039987235,251.5388896165862,28.17871649829959,1.399576924683311,290.9771709947992,,
LOT-017-C0012,LOT-017,Discrete_Transistor_X,85.0,4.75,elevated,237.4168286129992,245.36281695632726,243.65954309273724,243.7503584776686,False,normal,none,7.945988343328054,-1.7032738635900273,0.09081538493137487,251.5388896165862,28.17871649829959,-0.27639765421493134,243.7503584776686,,
LOT-017-C0013,LOT-017,Discrete_Transistor_X,85.0,4.75,elevated,242.3791951089979,253.83735864346627,249.57301326530836,246.07786837828928,False,normal,none,11.458163534468383,-4.264345378157913,-3.49514488701908,251.5388896165862,28.17871649829959,-0.19379950249424813,246.07786837828928,,
LOT-017-C0014,LOT-017,Discrete_Transistor_X,85.0,4.75,elevated,303.9270026476455,302.50919953839036,308.22131216897475,310.36836910221797,True,lot_relative_anomaly,medium,-1.4178031092551464,5.712112630584386,2.1470569332432206,251.5388896165862,28.17871649829959,2.087727433901461,310.36836910221797,,
LOT-017-C0015,LOT-017,Discrete_Transistor_X,85.0,4.75,elevated,238.6261737451315,248.40466297059436,233.08033485829654,248.4705817182519,False,normal,none,9.778489225462863,-15.32432811229782,15.390246859955369,251.5388896165862,28.17871649829959,-0.10888742567531243,248.4705817182519,,
LOT-017-C0016,LOT-017,Discrete_Transistor_X,85.0,4.75,elevated,253.47797211900198,260.6036653399675,290.7279794307102,360.28012879527586,True,accelerating_degradation,medium,7.12569322096553,30.1243140907427,69.55214936456565,251.5388896165862,28.17871649829959,3.858984818746145,360.28012879527586,,
LOT-017-C0017,LOT-017,Discrete_Transistor_X,85.0,4.75,elevated,238.22048564653073,243.78695664747966,240.73632469872732,251.22868642601242,False,normal,none,5.566471000948923,-3.05063194875234,10.4923617272851,251.5388896165862,28.17871649829959,-0.011008421572093472,251.22868642601242,,
LOT-017-C0018,LOT-017,Discrete_Transistor_X,85.0,4.75,elevated,239.35128882476815,241.04352280837625,247.98168501310147,249.38526968925203,False,normal,none,1.692233983608105,6.9381622047252165,1.4035846761505582,251.5388896165862,28.17871649829959,-0.07642718317082094,249.38526968925203,,
LOT-017-C0019,LOT-017,Discrete_Transistor_X,85.0,4.75,elevated,227.56092817531191,242.59243911024816,235.91194447145332,225.74738520710096,False,normal,none,15.03151093493625,-6.6804946387948405,-10.164559264352363,251.5388896165862,28.17871649829959,-0.9152831503536224,225.74738520710096,,
LOT-017-C0020,LOT-017,Discrete_Transistor_X,85.0,4.75,elevated,222.06711917260114,224.46187606752972,232.63136067826582,,False,normal,none,2.3947568949285767,8.169484610736106,,251.5388896165862,28.17871649829959,,,,
LOT-017-C0021,LOT-017,Discrete_Transistor_X,85.0,4.75,elevated,238.62631709030816,230.20118247241905,228.47147140310577,234.06142329228481,False,normal,none,-8.425134617889114,-1.7297110693132822,5.589951889179048,251.5388896165862,28.17871649829959,-0.6202364229526226,234.06142329228481,,
LOT-017-C0022,LOT-017,Discrete_Transistor_X,85.0,4.75,elevated,244.16054006012783,246.48282472071642,250.16665420076384,249.56742101728608,False,normal,none,2.3222846605885934,3.6838294800474216,-0.5992331834777644,251.5388896165862,28.17871649829959,-0.06996303750808132,249.56742101728608,,
LOT-017-C0023,LOT-017,Discrete_Transistor_X,85.0,4.75,elevated,253.7092776170957,249.3349339368557,253.23367295370363,243.25753630321825,False,normal,none,-4.374343680240003,3.8987390168479408,-9.976136650485387,251.5388896165862,28.17871649829959,-0.2938868175158967,243.25753630321825,,
LOT-017-C0024,LOT-017,Discrete_Transistor_X,85.0,4.75,elevated,239.5664467095002,236.61763871134798,248.43570740732855,239.58467655174988,False,normal,none,-2.9488079981522333,11.818068695980571,-8.85103085557867,251.5388896165862,28.17871649829959,-0.42422844438488483,239.58467655174988,,
LOT-017-C0025,LOT-017,Discrete_Transistor_X,85.0,4.75,elevated,234.87925990948415,244.2463199085068,247.14077386166028,242.77008910313907,False,normal,none,9.367059999022644,2.894453953153487,-4.370684758521207,251.5388896165862,28.17871649829959,-0.31118523492637695,242.77008910313907,,
LOT-017-C0026,LOT-017,Discrete_Transistor_X,85.0,4.75,elevated,245.05961190610478,249.20038090112345,265.75589109117305,287.73903288274073,True,gradual_degradation,low,4.140768995018675,16.555510190049603,21.983141791567675,251.5388896165862,28.17871649829959,1.2846626022991139,287.73903288274073,,
LOT-017-C0027,LOT-017,Discrete_Transistor_X,85.0,4.75,elevated,241.46016477148822,237.9172372314989,232.13554301387845,241.08559303558908,False,normal,none,-3.5429275399893356,-5.781694217620441,8.950050021710638,251.5388896165862,28.17871649829959,-0.3709642552962946,241.08559303558908,,
LOT-017-C0028,LOT-017,Discrete_Transistor_X,85.0,4.75,elevated,237.92132186302337,231.7104991889629,236.69695663632913,240.21795185666193,False,normal,none,-6.210822674060466,4.986457447366234,3.520995220332793,251.5388896165862,28.17871649829959,-0.4017549117472198,240.21795185666193,,
LOT-017-C0029,LOT-017,Discrete_Transistor_X,85.0,4.75,elevated,237.92980164138106,226.9860650591443,230.85962228332346,227.91200114525765,False,normal,none,-10.943736582236767,3.873557224179166,-2.947621138065813,251.5388896165862,28.17871649829959,-0.838465743205667,227.91200114525765,,
LOT-017-C0030,LOT-017,Discrete_Transistor_X,85.0,4.75,elevated,263.2094906141473,253.7532123969265,288.4442058877558,343.61346645700337,True,gradual_degradation,low,-9.456278217220785,34.6909934908293,55.16926056924757,251.5388896165862,28.17871649829959,3.267522026632167,343.61346645700337,,
LOT-017-C0031,LOT-017,Discrete_Transistor_X,85.0,4.75,elevated,253.5583371634673,247.14218039812204,239.96656343678566,255.81719687995738,False,normal,none,-6.416156765345249,-7.175616961336374,15.850633443171716,251.5388896165862,28.17871649829959,0.151827613001087,255.81719687995738,,
LOT-017-C0032,LOT-017,Discrete_Transistor_X,85.0,4.75,elevated,246.56442167484437,249.8052728167085,249.59722536431363,259.28457636562615,False,normal,none,3.240851141864141,-0.20804745239487943,9.687351001312521,251.5388896165862,28.17871649829959,0.2748772020722573,259.28457636562615,,
LOT-017-C0033,LOT-017,Discrete_Transistor_X,85.0,4.75,elevated,232.73542278626746,242.00550685975736,247.6671087291484,242.6275506901954,False,normal,none,9.270084073489897,5.661601869391035,-5.039558038953004,251.5388896165862,28.17871649829959,-0.3162436063022443,242.6275506901954,,
LOT-017-C0034,LOT-017,Discrete_Transistor_X,85.0,4.75,elevated,246.0200371695405,95.41095287474612,243.47704675967012,242.02143277752376,True,intermittent_anomaly,medium,-150.6090842947944,148.066093884924,-1.4556139821463603,251.5388896165862,28.17871649829959,-0.33775338346715567,242.02143277752376,,
LOT-017-C0035,LOT-017,Discrete_Transistor_X,85.0,4.75,elevated,,251.65741913037414,,258.1264970425284,False,missing_invalid,unknown,,,,251.5388896165862,28.17871649829959,0.23377954160331316,258.1264970425284,,
LOT-017-C0036,LOT-017,Discrete_Transistor_X,85.0,4.75,elevated,237.629236554384,240.4214692340363,237.1517723742053,239.1792846249657,False,normal,none,2.792232679652301,-3.2696968598309866,2.0275122507603953,251.5388896165862,28.17871649829959,-0.4386149025760746,239.1792846249657,,
LOT-017-C0037,LOT-017,Discrete_Transistor_X,85.0,4.75,elevated,224.43682601676892,221.8656015594424,220.02082283586157,219.86535702431703,False,normal,none,-2.571224457326508,-1.8447787235808448,-0.15546581154453065,251.5388896165862,28.17871649829959,-1.1240232533011385,219.86535702431703,,
LOT-017-C0038,LOT-017,Discrete_Transistor_X,85.0,4.75,elevated,242.6973504717253,259.3003504645231,249.22012203939005,249.7297568485075,False,normal,none,16.602999992797805,-10.080228425133043,0.5096348091174434,251.5388896165862,28.17871649829959,-0.06420209977228315,249.7297568485075,,
LOT-017-C0039,LOT-017,Discrete_Transistor_X,85.0,4.75,elevated,240.14858662484613,224.90290864276528,235.87705459604922,231.2300920737412,False,normal,none,-15.24567798208085,10.974145953283937,-4.64696252230803,251.5388896165862,28.17871649829959,-0.7207140731221922,231.2300920737412,,
LOT-017-C0040,LOT-017,Discrete_Transistor_X,85.0,4.75,elevated,231.4746029208409,237.28600899364383,242.97669062171886,242.05453459205654,False,normal,none,5.811406072802924,5.690681628075026,-0.9221560296623181,251.5388896165862,28.17871649829959,-0.33657867366322325,242.05453459205654,,
LOT-017-C0041,LOT-017,Discrete_Transistor_X,85.0,4.75,elevated,245.52002684694915,252.52663061375753,247.88365942030077,250.596955914106,False,normal,none,7.006603766808382,-4.642971193456759,2.713296493805217,251.5388896165862,28.17871649829959,-0.03342713294046069,250.596955914106,,
LOT-017-C0042,LOT-017,Discrete_Transistor_X,85.0,4.75,elevated,243.271976841677,243.96032365342558,765.2301936144328,240.95212339846606,False,measurement_anomaly,low,0.6883468117485734,521.2698699610072,-524.2780702159667,251.5388896165862,28.17871649829959,-0.3757007959805051,240.95212339846606,,
LOT-017-C0043,LOT-017,Discrete_Transistor_X,85.0,4.75,elevated,295.1306178867398,290.2413740392406,291.2524048077565,285.20109813148457,True,lot_relative_anomaly,medium,-4.889243847499188,1.011030768515866,-6.051306676271906,251.5388896165862,28.17871649829959,1.1945969404578691,285.20109813148457,,
LOT-017-C0044,LOT-017,Discrete_Transistor_X,85.0,4.75,elevated,237.39211321405364,242.08610720956852,242.02266085962987,233.58607560248402,False,normal,none,4.693993995514887,-0.06344634993865839,-8.43658525714585,251.5388896165862,28.17871649829959,-0.6371054556436425,233.58607560248402,,
LOT-017-C0045,LOT-017,Discrete_Transistor_X,85.0,4.75,elevated,229.28499324326754,239.966603159529,233.81763073292382,246.1154833074413,False,normal,none,10.681609916261465,-6.148972426605184,12.297852574517492,251.5388896165862,28.17871649829959,-0.1924646322862918,246.1154833074413,,
LOT-017-C0046,LOT-017,Discrete_Transistor_X,85.0,4.75,elevated,256.2707332333162,256.0756832379872,247.08018135072479,266.23689049993567,False,normal,none,-0.19504999532898637,-8.995501887262435,19.156709149210883,251.5388896165862,28.17871649829959,0.5215993739188368,266.23689049993567,,
LOT-017-C0047,LOT-017,Discrete_Transistor_X,85.0,4.75,elevated,242.61892909026847,239.19153515700543,240.92533509804184,238.82109368273305,False,normal,none,-3.4273939332630334,1.733799941036409,-2.104241415308792,251.5388896165862,28.17871649829959,-0.45132630276544333,238.82109368273305,,
LOT-017-C0048,LOT-017,Discrete_Transistor_X,85.0,4.75,elevated,244.4880799883516,244.8147029161412,249.3760628989479,237.4796476539943,False,normal,none,0.3266229277896002,4.561359982806721,-11.896415244953602,251.5388896165862,28.17871649829959,-0.4989312399463008,237.4796476539943,,
LOT-017-C0049,LOT-017,Discrete_Transistor_X,85.0,4.75,elevated,236.97118819144316,228.7782178359034,232.34510700059454,230.4987488284431,False,normal,none,-8.192970355539757,3.5668891646911334,-1.8463581721514402,251.5388896165862,28.17871649829959,-0.7466678189339372,230.4987488284431,,
LOT-017-C0050,LOT-017,Discrete_Transistor_X,85.0,4.75,elevated,227.9082160563782,237.33846808633592,226.55036501989588,223.26795976413013,False,normal,none,9.430252029957728,-10.788103066440044,-3.2824052557657524,251.5388896165862,28.17871649829959,-1.0032724469250418,223.26795976413013,,
LOT-017-C0051,LOT-017,Discrete_Transistor_X,85.0,4.75,elevated,237.1855860676069,231.60438083516055,228.35133394632894,229.70778557548363,False,normal,none,-5.581205232446337,-3.2530468888316193,1.3564516291546909,251.5388896165862,28.17871649829959,-0.7747373462669936,229.70778557548363,,
LOT-017-C0052,LOT-017,Discrete_Transistor_X,85.0,4.75,elevated,241.2386608806272,242.69341978885186,247.08080859131766,239.47266363757578,False,normal,none,1.4547589082246475,4.387388802465807,-7.608144953741885,251.5388896165862,28.17871649829959,-0.4282035336754443,239.47266363757578,,
LOT-017-C0053,LOT-017,Discrete_Transistor_X,85.0,4.75,elevated,258.54613180019044,254.6295158989597,264.96874937517543,263.93508917266485,False,normal,none,-3.9166159012307276,10.339233476215725,-1.033660202510589,251.5388896165862,28.17871649829959,0.43991356230957773,263.93508917266485,,
LOT-017-C0054,LOT-017,Discrete_Transistor_X,85.0,4.75,elevated,236.24974513071882,237.4146154308593,239.57474550151144,232.39393400679066,False,normal,none,1.1648703001404783,2.1601300706521442,-7.1808114947207855,251.5388896165862,28.17871649829959,-0.6794119104378237,232.39393400679066,,
LOT-017-C0055,LOT-017,Discrete_Transistor_X,85.0,4.75,elevated,,236.02668720837246,241.47286053737142,230.67368842617378,False,normal,none,,5.4461733289989525,-10.799172111197635,251.5388896165862,28.17871649829959,-0.7404596015461352,230.67368842617378,,
LOT-017-C0056,LOT-017,Discrete_Transistor_X,85.0,4.75,elevated,255.369966862233,257.02152583680885,256.23612422771765,256.03025621418703,False,normal,none,1.6515589745758348,-0.7854016090911955,-0.205868013530619,251.5388896165862,28.17871649829959,0.15938861508727187,256.03025621418703,,
LOT-017-C0057,LOT-017,Discrete_Transistor_X,85.0,4.75,elevated,243.74286608576216,240.6738655507038,239.43730836082375,243.43503861184578,False,normal,none,-3.0690005350583647,-1.2365571898800454,3.997730251022034,251.5388896165862,28.17871649829959,-0.28758765521593,243.43503861184578,,
LOT-017-C0058,LOT-017,Discrete_Transistor_X,85.0,4.75,elevated,239.6638408640046,234.05853716233716,238.64993497902813,237.0570927676867,False,normal,none,-5.605303701667452,4.5913978166909715,-1.5928422113414342,251.5388896165862,28.17871649829959,-0.5139267734133097,237.0570927676867,,
LOT-017-C0059,LOT-017,Discrete_Transistor_X,85.0,4.75,elevated,254.8433360003168,255.5221088995228,246.3096386757121,249.62931773663797,False,normal,none,0.6787728992059954,-9.212470223810698,3.319679060925864,251.5388896165862,28.17871649829959,-0.06776646055058831,249.62931773663797,,
LOT-018-C0000,LOT-018,Discrete_Transistor_X,150.0,4.75,elevated,271.2259376734943,265.2128130224503,280.9381606772174,272.55842760735607,False,normal,none,-6.013124651043995,15.72534765476712,-8.379733069861345,328.2499877649661,150.18376004818032,-0.37082278496518967,272.55842760735607,,
LOT-018-C0001,LOT-018,Discrete_Transistor_X,150.0,4.75,elevated,270.1146633975766,350.0429461282172,597.3624087649339,840.6847836774016,True,gradual_degradation,low,79.9282827306406,247.3194626367167,243.3223749124677,328.2499877649661,150.18376004818032,3.412051980507358,840.6847836774016,,
LOT-018-C0002,LOT-018,Discrete_Transistor_X,150.0,4.75,elevated,277.4609074071947,264.92770643435284,262.2466377202956,271.4537631514714,False,normal,none,-12.533200972841883,-2.6810687140572327,9.207125431175768,328.2499877649661,150.18376004818032,-0.378178203790303,271.4537631514714,,
LOT-018-C0003,LOT-018,Discrete_Transistor_X,150.0,4.75,elevated,290.0115253618034,292.20979958927285,289.58002482584664,278.79395429687054,False,normal,none,2.198274227469426,-2.6297747634262123,-10.786070528976097,328.2499877649661,150.18376004818032,-0.32930347097602025,278.79395429687054,,
LOT-018-C0004,LOT-018,Discrete_Transistor_X,150.0,4.75,elevated,265.2331638332433,462.5979763847772,252.87190484954237,266.1568779582206,True,intermittent_anomaly,medium,197.36481255153393,-209.72607153523484,13.28497310867823,328.2499877649661,150.18376004818032,-0.41344756441592245,266.1568779582206,,
LOT-018-C0005,LOT-018,Discrete_Transistor_X,150.0,4.75,elevated,259.522741458662,334.3490528976095,550.1458765109221,767.211873579249,True,gradual_degradation,low,74.82631143894753,215.7968236133126,217.06599706832685,328.2499877649661,150.18376004818032,2.922831907214601,767.211873579249,,
LOT-018-C0006,LOT-018,Discrete_Transistor_X,150.0,4.75,elevated,285.3606992452508,277.33631067349074,287.4311612982805,284.33406279531397,False,normal,none,-8.024388571760085,10.094850624789728,-3.097098502966503,328.2499877649661,150.18376004818032,-0.2924146056508605,284.33406279531397,,
LOT-018-C0007,LOT-018,Discrete_Transistor_X,150.0,4.75,elevated,343.0468157589181,351.4313625260043,326.3403016573513,329.49679219998353,True,lot_relative_anomaly,medium,8.384546767086192,-25.091060868653017,3.156490542632241,328.2499877649661,150.18376004818032,0.008301859233098613,329.49679219998353,,
LOT-018-C0008,LOT-018,Discrete_Transistor_X,150.0,4.75,elevated,273.37801110398146,272.5591084858384,266.51635902173575,252.99226876101147,False,normal,none,-0.8189026181430563,-6.042749464102656,-13.524090260724279,328.2499877649661,150.18376004818032,-0.5011042404305981,252.99226876101147,,
LOT-018-C0009,LOT-018,Discrete_Transistor_X,150.0,4.75,elevated,271.0675339682058,269.89519015768036,270.21381557247014,273.2574961976017,False,normal,none,-1.1723438105254331,0.31862541478977846,3.0436806251315716,328.2499877649661,150.18376004818032,-0.36616803008342763,273.2574961976017,,
LOT-018-C0010,LOT-018,Discrete_Transistor_X,150.0,4.75,elevated,257.3575695880373,249.15044113512747,,256.52872980297565,False,normal,none,-8.207128452909814,,,328.2499877649661,150.18376004818032,-0.4775566808220915,256.52872980297565,,
LOT-018-C0011,LOT-018,Discrete_Transistor_X,150.0,4.75,elevated,291.3514740292369,303.0510465780365,298.9606047871079,293.4077147463214,False,normal,none,11.699572548799608,-4.090441790928594,-5.552890040786508,328.2499877649661,150.18376004818032,-0.2319976075140678,293.4077147463214,,
LOT-018-C0012,LOT-018,Discrete_Transistor_X,150.0,4.75,elevated,291.14115208680147,292.81636572513577,293.00391312808375,301.0027914956803,False,normal,none,1.6752136383342986,0.18754740294798466,7.9988783675965465,328.2499877649661,150.18376004818032,-0.18142571647257089,301.0027914956803,,
LOT-018-C0013,LOT-018,Discrete_Transistor_X,150.0,4.75,elevated,278.93109132545277,281.26949347926234,284.1229506838305,270.4498506470553,False,normal,none,2.338402153809568,2.8534572045681443,-13.673100036775168,328.2499877649661,150.18376004818032,-0.38486276478474074,270.4498506470553,,
LOT-018-C0014,LOT-018,Discrete_Transistor_X,150.0,4.75,elevated,280.5629641651748,269.7358802561082,,591.0109011014243,True,sudden_failure,critical,-10.827083909066573,,,328.2499877649661,150.18376004818032,1.7495960498802412,591.0109011014243,,
LOT-018-C0015,LOT-018,Discrete_Transistor_X,150.0,4.75,elevated,265.4052848906089,271.6225160596467,283.5595012159418,266.58628247580157,False,normal,none,6.217231169037802,11.936985156295066,-16.973218740140226,328.2499877649661,150.18376004818032,-0.4105883703363282,266.58628247580157,,
LOT-018-C0016,LOT-018,Discrete_Transistor_X,150.0,4.75,elevated,278.23717367725374,276.64285731953396,276.9673407022105,285.2479896824557,False,normal,none,-1.5943163577197765,0.324483382676533,8.28064898024519,328.2499877649661,150.18376004818032,-0.2863292147480857,285.2479896824557,,
LOT-018-C0017,LOT-018,Discrete_Transistor_X,150.0,4.75,elevated,263.9881433445316,267.71154285910626,257.0028286580478,275.63697047634366,False,normal,none,3.7233995145746803,-10.708714201058456,18.63414181829586,328.2499877649661,150.18376004818032,-0.35032427788293274,275.63697047634366,,
LOT-018-C0018,LOT-018,Discrete_Transistor_X,150.0,4.75,elevated,269.98441408409457,280.69785061329486,273.99708207624803,267.97784973430714,False,normal,none,10.713436529200294,-6.700768537046827,-6.019232341940892,328.2499877649661,150.18376004818032,-0.4013226064610653,267.97784973430714,,
LOT-018-C0019,LOT-018,Discrete_Transistor_X,150.0,4.75,elevated,176.4355107483349,,180.83641021051108,181.51937907734077,True,lot_relative_anomaly,medium,,,0.6829688668296967,328.2499877649661,150.18376004818032,-0.9770071587004666,181.51937907734077,,
LOT-018-C0020,LOT-018,Discrete_Transistor_X,150.0,4.75,elevated,276.4845092357886,266.3410356606644,273.3221813871835,291.9232185050395,False,normal,none,-10.143473575124233,6.981145726519117,18.60103711785598,328.2499877649661,150.18376004818032,-0.24188213990828736,291.9232185050395,,
LOT-018-C0021,LOT-018,Discrete_Transistor_X,150.0,4.75,elevated,285.1828898117839,281.7466583146864,279.944878082072,280.6598434747916,False,normal,none,-3.4362314970975376,-1.8017802326143624,0.7149653927195914,328.2499877649661,150.18376004818032,-0.3168794300722469,280.6598434747916,,
LOT-018-C0022,LOT-018,Discrete_Transistor_X,150.0,4.75,elevated,256.1199889105049,247.06288626961245,253.9454631363025,247.32416914427702,False,normal,none,-9.057102640892452,6.882576866690044,-6.621293992025471,328.2499877649661,150.18376004818032,-0.5388453358387573,247.32416914427702,,
LOT-018-C0023,LOT-018,Discrete_Transistor_X,150.0,4.75,elevated,286.5647869752648,280.8717213830722,278.994065384826,289.86442947591337,False,normal,none,-5.693065592192568,-1.8776559982462118,10.870364091087367,328.2499877649661,150.18376004818032,-0.2555906063128149,289.86442947591337,,
LOT-018-C0024,LOT-018,Discrete_Transistor_X,150.0,4.75,elevated,273.8846282374069,278.66394654111497,280.83494028471256,282.06345184845173,False,normal,none,4.779318303708067,2.1709937435975917,1.2285115637391755,328.2499877649661,150.18376004818032,-0.3075334903167778,282.06345184845173,,
LOT-018-C0025,LOT-018,Discrete_Transistor_X,150.0,4.75,elevated,266.03109085837076,272.22596955818307,262.01397960767457,274.16584218325056,False,normal,none,6.194878699812307,-10.211989950508496,12.15186257557599,328.2499877649661,150.18376004818032,-0.36011979966652075,274.16584218325056,,
LOT-018-C0026,LOT-018,Discrete_Transistor_X,150.0,4.75,elevated,271.53928341250764,321.90419092957205,497.1980832788344,687.5695953926206,True,gradual_degradation,low,50.36490751706441,175.29389234926236,190.3715121137862,328.2499877649661,150.18376004818032,2.3925330376092697,687.5695953926206,,
LOT-018-C0027,LOT-018,Discrete_Transistor_X,150.0,4.75,elevated,285.00626912234117,283.1186527796458,288.2511917169563,296.07552388507963,False,normal,none,-1.8876163426953667,5.132538937310528,7.824332168123306,328.2499877649661,150.18376004818032,-0.21423397489558516,296.07552388507963,,
LOT-018-C0028,LOT-018,Discrete_Transistor_X,150.0,4.75,elevated,294.7662294707999,290.2711664204087,297.1229471293087,283.8001601796407,False,normal,none,-4.495063050391195,6.851780708900037,-13.322786949668,328.2499877649661,150.18376004818032,-0.2959696013141863,283.8001601796407,,
LOT-018-C0029,LOT-018,Discrete_Transistor_X,150.0,4.75,elevated,266.4410977986391,275.28928553385697,264.8981669790472,264.2830064140351,False,normal,none,8.848187735217891,-10.391118554809793,-0.6151605650120473,328.2499877649661,150.18376004818032,-0.42592475598167046,264.2830064140351,,
LOT-018-C0030,LOT-018,Discrete_Transistor_X,150.0,4.75,elevated,279.79558616594926,266.1648643848272,271.3248491644482,275.3382092471683,False,normal,none,-13.630721781122077,5.159984779621027,4.013360082720112,328.2499877649661,150.18376004818032,-0.3523135823795008,275.3382092471683,,
LOT-018-C0031,LOT-018,Discrete_Transistor_X,150.0,4.75,elevated,268.73477615721674,277.6424111977023,277.97796727565424,269.5301437265342,False,normal,none,8.907635040485559,0.3355560779519351,-8.447823549120017,328.2499877649661,150.18376004818032,-0.3909866420949509,269.5301437265342,,
LOT-018-C0032,LOT-018,Discrete_Transistor_X,150.0,4.75,elevated,269.2032849851643,270.3452060276515,269.70548699314753,274.58777747164083,False,normal,none,1.1419210424871835,-0.6397190345039689,4.882290478493303,328.2499877649661,150.18376004818032,-0.35731033952079716,274.58777747164083,,
LOT-018-C0033,LOT-018,Discrete_Transistor_X,150.0,4.75,elevated,279.7723075539041,283.19761942618385,283.71583878701335,294.6595757341336,False,normal,none,3.4253118722797353,0.5182193608295051,10.943736947120271,328.2499877649661,150.18376004818032,-0.2236620791759132,294.6595757341336,,
LOT-018-C0034,LOT-018,Discrete_Transistor_X,150.0,4.75,elevated,261.4560798269931,268.9851053680928,,262.7709118925607,False,normal,none,7.5290255410996565,,,328.2499877649661,150.18376004818032,-0.43599305178801673,262.7709118925607,,
LOT-018-C0035,LOT-018,Discrete_Transistor_X,150.0,4.75,elevated,275.5103673122212,278.8071421231159,471.43406318229637,933.0588692891782,True,accelerating_degradation,medium,3.2967748108947035,192.62692105918046,461.62480610688186,328.2499877649661,150.18376004818032,4.027125711396385,933.0588692891782,,
LOT-018-C0036,LOT-018,Discrete_Transistor_X,150.0,4.75,elevated,275.568154454687,267.06822097930643,260.91920912520493,273.9684210207185,False,normal,none,-8.499933475380544,-6.149011854101502,13.049211895513565,328.2499877649661,150.18376004818032,-0.3614343303619084,273.9684210207185,,
LOT-018-C0037,LOT-018,Discrete_Transistor_X,150.0,4.75,elevated,282.8713638122536,288.0160322588829,290.00015914633747,285.378837120447,False,normal,none,5.144668446629282,1.984126887454579,-4.621322025890493,328.2499877649661,150.18376004818032,-0.2854579658330944,285.378837120447,,
LOT-018-C0038,LOT-018,Discrete_Transistor_X,150.0,4.75,elevated,261.77104064655373,256.7011625849069,255.86648275399475,257.0606128773851,False,normal,none,-5.069878061646818,-0.8346798309121652,1.1941301233903516,328.2499877649661,150.18376004818032,-0.47401513229355013,257.0606128773851,,
LOT-018-C0039,LOT-018,Discrete_Transistor_X,150.0,4.75,elevated,277.21604958474734,273.9796546792911,266.76353754084187,277.26680346516014,False,normal,none,-3.2363949054562227,-7.216117138449249,10.50326592431827,328.2499877649661,150.18376004818032,-0.33947201936780697,277.26680346516014,,
LOT-018-C0040,LOT-018,Discrete_Transistor_X,150.0,4.75,elevated,264.3504358905295,257.4831652288211,257.3308313369598,261.83919572505533,False,normal,none,-6.867270661708403,-0.15233389186130353,4.508364388095515,328.2499877649661,150.18376004818032,-0.4421968927839172,261.83919572505533,,
LOT-018-C0041,LOT-018,Discrete_Transistor_X,150.0,4.75,elevated,267.5137954877768,262.08787050809974,402.92642923404577,278.75738310034467,True,intermittent_anomaly,medium,-5.425924979677063,140.83855872594603,-124.1690461337011,328.2499877649661,150.18376004818032,-0.3295469806372123,278.75738310034467,,
LOT-018-C0042,LOT-018,Discrete_Transistor_X,150.0,4.75,elevated,265.1066437027578,326.8549987183684,495.69003398298787,672.5827590507384,True,gradual_degradation,low,61.74835501561057,168.83503526461948,176.89272506775058,328.2499877649661,150.18376004818032,2.2927430447560195,672.5827590507384,,
LOT-018-C0043,LOT-018,Discrete_Transistor_X,150.0,4.75,elevated,280.21045384236146,282.78643357147325,283.8608881841019,287.3854486534773,False,normal,none,2.5759797291117934,1.0744546126286423,3.5245604693753876,328.2499877649661,150.18376004818032,-0.2720969237844297,287.3854486534773,,
LOT-018-C0044,LOT-018,Discrete_Transistor_X,150.0,4.75,elevated,251.61011880403436,250.91295209698728,249.17512391422053,260.43625724513294,False,normal,none,-0.6971667070470744,-1.7378281827667479,11.2611333309124,328.2499877649661,150.18376004818032,-0.4515383720455386,260.43625724513294,,
LOT-018-C0045,LOT-018,Discrete_Transistor_X,150.0,4.75,elevated,267.87201227884105,274.369409563068,268.85669945826845,267.29296836749813,False,normal,none,6.497397284226963,-5.512710104799567,-1.5637310907703181,328.2499877649661,150.18376004818032,-0.4058828955801371,267.29296836749813,,
LOT-018-C0046,LOT-018,Discrete_Transistor_X,150.0,4.75,elevated,269.2938383993058,277.71368551894784,269.76392797325707,272.1575151274327,False,normal,none,8.419847119642043,-7.9497575456907725,2.393587154175634,328.2499877649661,150.18376004818032,-0.3734922645400435,272.1575151274327,,
LOT-018-C0047,LOT-018,Discrete_Transistor_X,150.0,4.75,elevated,375.97141484791837,368.4759166850371,391.77636797484826,371.4776959228679,True,lot_relative_anomaly,medium,-7.49549816288129,23.30045128981118,-20.29867205198036,328.2499877649661,150.18376004818032,0.2878321074398056,371.4776959228679,,
LOT-018-C0048,LOT-018,Discrete_Transistor_X,150.0,4.75,elevated,286.50228768402,281.9668719674384,283.71737743620554,287.6635005953847,False,normal,none,-4.5354157165816105,1.7505054687671304,3.9461231591791375,328.2499877649661,150.18376004818032,-0.2702455122748351,287.6635005953847,,
LOT-018-C0049,LOT-018,Discrete_Transistor_X,150.0,4.75,elevated,269.08931290138173,276.16590393491316,260.8733675407156,266.6435778203523,False,normal,none,7.076591033531429,-15.292536394197555,5.770210279636672,328.2499877649661,150.18376004818032,-0.41020686873767115,266.6435778203523,,
LOT-018-C0050,LOT-018,Discrete_Transistor_X,150.0,4.75,elevated,375.9397616994749,381.2211642860189,380.1157961256699,375.4241723855687,True,lot_relative_anomaly,medium,5.281402586544004,-1.1053681603490304,-4.691623740101193,328.2499877649661,150.18376004818032,0.31410975864147156,375.4241723855687,,
LOT-018-C0051,LOT-018,Discrete_Transistor_X,150.0,4.75,elevated,279.20750249763717,277.1363206119647,277.75443287953055,275.4333387447818,False,normal,none,-2.071181885672445,0.6181122675658344,-2.321094134748762,328.2499877649661,150.18376004818032,-0.35168016171149413,275.4333387447818,,
LOT-018-C0052,LOT-018,Discrete_Transistor_X,150.0,4.75,elevated,282.2850961175107,277.53019245259634,286.5506785663295,278.6547616285654,False,normal,none,-4.754903664914366,9.02048611373317,-7.895916937764127,328.2499877649661,150.18376004818032,-0.3302302866867236,278.6547616285654,,
LOT-018-C0053,LOT-018,Discrete_Transistor_X,150.0,4.75,elevated,270.67857582876564,266.8041127267981,270.59100226992115,474.8107917134036,True,sudden_failure,critical,-3.8744631019675353,3.7868895431230385,204.21978944348245,328.2499877649661,150.18376004818032,0.9758765122235552,474.8107917134036,,
LOT-018-C0054,LOT-018,Discrete_Transistor_X,150.0,4.75,elevated,257.8866322081513,268.39419648204347,266.4786460575609,264.79645915708596,False,normal,none,10.507564273892172,-1.9155504244825465,-1.6821869004749601,328.2499877649661,150.18376004818032,-0.4225059259904243,264.79645915708596,,
LOT-018-C0055,LOT-018,Discrete_Transistor_X,150.0,4.75,elevated,273.2194646149037,281.78616107443406,285.7648230716361,278.66127297251273,False,normal,none,8.566696459530363,3.978661997202039,-7.1035500991233675,328.2499877649661,150.18376004818032,-0.33018693084089007,278.66127297251273,,
LOT-018-C0056,LOT-018,Discrete_Transistor_X,150.0,4.75,elevated,261.4330262054623,269.60549934783893,263.35947005557483,263.67659256403294,False,normal,none,8.172473142376646,-6.246029292264097,0.3171225084581124,328.2499877649661,150.18376004818032,-0.42996256839099917,263.67659256403294,,
LOT-018-C0057,LOT-018,Discrete_Transistor_X,150.0,4.75,elevated,295.36182457865345,275.2110249089729,,276.6897345880116,True,intermittent_anomaly,medium,-20.150799669680566,,,328.2499877649661,150.18376004818032,-0.3433144379952497,276.6897345880116,,
LOT-018-C0058,LOT-018,Discrete_Transistor_X,150.0,4.75,elevated,273.64930414272516,269.8071111463187,274.0992537831916,277.2012706386443,False,normal,none,-3.8421929964064816,4.2921426368729385,3.102016855452689,328.2499877649661,150.18376004818032,-0.33990837031876736,277.2012706386443,,
LOT-018-C0059,LOT-018,Discrete_Transistor_X,150.0,4.75,elevated,268.823792534014,265.546806937204,260.3551055563491,275.75640808486133,False,normal,none,-3.2769855968099932,-5.191701380854909,15.401302528512247,328.2499877649661,150.18376004818032,-0.34952900142641474,275.75640808486133,,
LOT-019-C0000,LOT-019,Discrete_Transistor_X,100.0,5.2,nominal,248.10054136566995,245.5166361478529,246.10513823963808,246.15871315845317,False,normal,none,-2.583905217817062,0.5885020917851875,0.05357491881508736,253.65056432812617,43.25990293053431,-0.17318233889020113,246.15871315845317,,
LOT-019-C0001,LOT-019,Discrete_Transistor_X,100.0,5.2,nominal,320.5071386546458,326.8716760711705,321.843448072814,314.78510121969475,True,lot_relative_anomaly,medium,6.3645374165246835,-5.028227998356499,-7.058346853119247,253.65056432812617,43.25990293053431,1.4131917260595088,314.78510121969475,,
LOT-019-C0002,LOT-019,Discrete_Transistor_X,100.0,5.2,nominal,227.04135248308654,231.87808321502146,234.5608815194702,236.66280251259536,False,normal,none,4.836730731934921,2.6827983044487382,2.1019209931251623,253.65056432812617,43.25990293053431,-0.3926907058207998,236.66280251259536,,
LOT-019-C0003,LOT-019,Discrete_Transistor_X,100.0,5.2,nominal,228.53701705430979,239.96258570724024,281.09865222422303,394.9049002994101,True,accelerating_degradation,medium,11.425568652930451,41.136066516982794,113.80624807518706,253.65056432812617,43.25990293053431,3.2652485651229193,394.9049002994101,,
LOT-019-C0004,LOT-019,Discrete_Transistor_X,100.0,5.2,nominal,226.13293635945428,239.19895879783735,268.90200536578925,358.7816271347443,True,accelerating_degradation,medium,13.066022438383072,29.7030465679519,89.87962176895508,253.65056432812617,43.25990293053431,2.4302195725088667,358.7816271347443,,
LOT-019-C0005,LOT-019,Discrete_Transistor_X,100.0,5.2,nominal,233.02118944206708,234.20600432781933,230.55283732811145,236.8185936606751,False,normal,none,1.184814885752246,-3.653166999707878,6.2657563325636545,253.65056432812617,43.25990293053431,-0.38908942293466137,236.8185936606751,,
LOT-019-C0006,LOT-019,Discrete_Transistor_X,100.0,5.2,nominal,230.2167046631287,229.3866372739709,245.44360188083155,225.86742595766532,False,normal,none,-0.8300673891577901,16.056964606860646,-19.576175923166232,253.65056432812617,43.25990293053431,-0.6422376493787868,225.86742595766532,,
LOT-019-C0007,LOT-019,Discrete_Transistor_X,100.0,5.2,nominal,223.5003123047751,236.45330316908473,228.22951842332608,228.16966213687977,False,normal,none,12.95299086430964,-8.22378474575865,-0.05985628644631902,253.65056432812617,43.25990293053431,-0.5890189405224281,228.16966213687977,,
LOT-019-C0008,LOT-019,Discrete_Transistor_X,100.0,5.2,nominal,234.89358921748982,232.0985258368141,235.81685652710735,231.15939842747318,False,normal,none,-2.795063380675714,3.718330690293243,-4.6574580996341695,253.65056432812617,43.25990293053431,-0.5199079141894689,231.15939842747318,,
LOT-019-C0009,LOT-019,Discrete_Transistor_X,100.0,5.2,nominal,235.21335798335863,229.00451262126083,232.13430270758195,222.51565239901174,False,normal,none,-6.208845362097804,3.1297900863211225,-9.61865030857021,253.65056432812617,43.25990293053431,-0.7197175633775716,222.51565239901174,,
LOT-019-C0010,LOT-019,Discrete_Transistor_X,100.0,5.2,nominal,227.86817501301317,235.17943942289128,222.25614822056133,232.98397819542487,False,normal,none,7.311264409878106,-12.923291202329949,10.727829974863539,253.65056432812617,43.25990293053431,-0.47773075602798265,232.98397819542487,,
LOT-019-C0011,LOT-019,Discrete_Transistor_X,100.0,5.2,nominal,231.00154078348535,232.71011984634123,267.7588687585231,302.77462366511156,True,gradual_degradation,low,1.7085790628558755,35.04874891218185,35.015754906588484,253.65056432812617,43.25990293053431,1.1355563930845523,302.77462366511156,,
LOT-019-C0012,LOT-019,Discrete_Transistor_X,100.0,5.2,nominal,215.23682431483732,212.46552423778377,211.5048774401225,206.98001167040945,False,normal,none,-2.771300077053553,-0.9606467976612691,-4.524865769713045,253.65056432812617,43.25990293053431,-1.0788409010685747,206.98001167040945,,
LOT-019-C0013,LOT-019,Discrete_Transistor_X,100.0,5.2,nominal,224.845826849856,224.47684196914042,223.14008611169635,217.87956103617776,False,normal,none,-0.36898488071557267,-1.336755857444075,-5.260525075518586,253.65056432812617,43.25990293053431,-0.826885888981041,217.87956103617776,,
LOT-019-C0014,LOT-019,Discrete_Transistor_X,100.0,5.2,nominal,246.60602523223682,249.33454749852226,240.54900985199845,248.3791740128776,False,normal,none,2.728522266285438,-8.785537646523807,7.83016416087915,253.65056432812617,43.25990293053431,-0.12185395616151141,248.3791740128776,,
LOT-019-C0015,LOT-019,Discrete_Transistor_X,100.0,5.2,nominal,212.5753608537787,217.8265929094146,213.83701354829552,209.49795436220043,False,normal,none,5.251232055635882,-3.9895793611190697,-4.339059186095085,253.65056432812617,43.25990293053431,-1.0206359001041891,209.49795436220043,,
LOT-019-C0016,LOT-019,Discrete_Transistor_X,100.0,5.2,nominal,257.26602475413665,242.92968061011857,256.2679565754263,253.99335314918304,False,normal,none,-14.336344144018085,13.33827596530773,-2.27460342624326,253.65056432812617,43.25990293053431,0.007923938747789447,253.99335314918304,,
LOT-019-C0017,LOT-019,Discrete_Transistor_X,100.0,5.2,nominal,241.50723256622098,247.11537259134917,245.7456380282894,234.78459504029996,False,normal,none,5.608140025128193,-1.3697345630597795,-10.96104298798943,253.65056432812617,43.25990293053431,-0.436107527058503,234.78459504029996,,
LOT-019-C0018,LOT-019,Discrete_Transistor_X,100.0,5.2,nominal,226.33140012041903,221.9847509382776,226.57460540583892,223.55357355962207,False,normal,none,-4.3466491821414195,4.5898544675613095,-3.0210318462168573,253.65056432812617,43.25990293053431,-0.6957248798461964,223.55357355962207,,
LOT-019-C0019,LOT-019,Discrete_Transistor_X,100.0,5.2,nominal,215.78364192972668,223.59411061615114,224.03072314707111,225.18176952924514,False,normal,none,7.810468686424457,0.4366125309199731,1.1510463821740302,253.65056432812617,43.25990293053431,-0.6580873481060628,225.18176952924514,,
LOT-019-C0020,LOT-019,Discrete_Transistor_X,100.0,5.2,nominal,219.67620054860436,228.14146448820105,258.71233100923223,286.9568705672463,True,gradual_degradation,low,8.465263939596696,30.570866521031178,28.244539558014083,253.65056432812617,43.25990293053431,0.7699117192334572,286.9568705672463,,
LOT-019-C0021,LOT-019,Discrete_Transistor_X,100.0,5.2,nominal,237.17081222789704,245.63950677678602,281.6636444641232,308.5580946300657,True,gradual_degradation,low,8.468694548888976,36.02413768733717,26.894450165942487,253.65056432812617,43.25990293053431,1.2692476538865258,308.5580946300657,,
LOT-019-C0022,LOT-019,Discrete_Transistor_X,100.0,5.2,nominal,238.73324780325828,247.49892306994818,238.5411838154058,242.1114566397517,False,normal,none,8.765675266689897,-8.957739254542389,3.5702728243459205,253.65056432812617,43.25990293053431,-0.26673910264902057,242.1114566397517,,
LOT-019-C0023,LOT-019,Discrete_Transistor_X,100.0,5.2,nominal,217.52029232312847,223.42243681255115,263.5216079445955,374.8179091667041,True,accelerating_degradation,medium,5.902144489422682,40.09917113204432,111.29630122210864,253.65056432812617,43.25990293053431,2.8009157818302435,374.8179091667041,,
LOT-019-C0024,LOT-019,Discrete_Transistor_X,100.0,5.2,nominal,316.0178311519187,309.130445471176,309.5525429963096,301.390270610521,True,lot_relative_anomaly,medium,-6.887385680742682,0.42209752513360854,-8.16227238578864,253.65056432812617,43.25990293053431,1.1035555571877742,301.390270610521,,
LOT-019-C0025,LOT-019,Discrete_Transistor_X,100.0,5.2,nominal,221.1665849765139,,217.32077370964404,219.86696924318835,False,normal,none,,,2.5461955335443065,253.65056432812617,43.25990293053431,-0.7809447732508018,219.86696924318835,,
LOT-019-C0026,LOT-019,Discrete_Transistor_X,100.0,5.2,nominal,176.37327886537585,174.34031743271504,176.47812647756797,176.41732529645526,True,lot_relative_anomaly,medium,-2.0329614326608123,2.137809044852929,-0.06080118111270849,253.65056432812617,43.25990293053431,-1.785330844493344,176.41732529645526,,
LOT-019-C0027,LOT-019,Discrete_Transistor_X,100.0,5.2,nominal,259.55086891024837,265.8700247242705,250.52101875473957,254.24534611558042,False,normal,none,6.3191558140221105,-15.349005969530907,3.724327360840846,253.65056432812617,43.25990293053431,0.01374903194788343,254.24534611558042,,
LOT-019-C0028,LOT-019,Discrete_Transistor_X,100.0,5.2,nominal,225.24844777258005,234.60219819553268,235.0612233301887,227.6218884901211,False,normal,none,9.35375042295263,0.4590251346560308,-7.439334840067602,253.65056432812617,43.25990293053431,-0.60168132785229,227.6218884901211,,
LOT-019-C0029,LOT-019,Discrete_Transistor_X,100.0,5.2,nominal,237.60480238168446,250.38791627105087,247.7371634946851,242.14080500130706,False,normal,none,12.783113889366405,-2.6507527763657777,-5.596358493378034,253.65056432812617,43.25990293053431,-0.2660606831527384,242.14080500130706,,
LOT-019-C0030,LOT-019,Discrete_Transistor_X,100.0,5.2,nominal,218.4388777895752,237.10204926259055,269.13801470496924,302.26351749503107,True,gradual_degradation,low,18.663171473015353,32.03596544237868,33.12550279006183,253.65056432812617,43.25990293053431,1.1237416146070967,302.26351749503107,,
LOT-019-C0031,LOT-019,Discrete_Transistor_X,100.0,5.2,nominal,223.31716374003835,241.36359270237327,290.38261123551365,344.90592900748925,True,gradual_degradation,low,18.046428962334915,49.01901853314038,54.5233177719756,253.65056432812617,43.25990293053431,2.1094676246939046,344.90592900748925,,
LOT-019-C0032,LOT-019,Discrete_Transistor_X,100.0,5.2,nominal,291.4117749310491,288.7994207571915,288.88592844236354,297.35630165585565,True,lot_relative_anomaly,medium,-2.612354173857568,0.08650768517202323,8.47037321349211,253.65056432812617,43.25990293053431,1.0103059500135976,297.35630165585565,,
LOT-019-C0033,LOT-019,Discrete_Transistor_X,100.0,5.2,nominal,229.93141079342362,727.9727716103845,237.68761748070125,233.0582315107579,False,measurement_anomaly,low,498.04136081696083,-490.28515412968324,-4.629385969943343,253.65056432812617,43.25990293053431,-0.47601430938102013,233.0582315107579,,
LOT-019-C0034,LOT-019,Discrete_Transistor_X,100.0,5.2,nominal,255.61597240497366,257.61388110721936,267.1115700655109,261.1232352248478,False,normal,none,1.9979087022456952,9.49768895829152,-5.988334840663072,253.65056432812617,43.25990293053431,0.17273896588998522,261.1232352248478,,
LOT-019-C0035,LOT-019,Discrete_Transistor_X,100.0,5.2,nominal,217.46372669412722,223.70285594795524,214.71287814641622,214.72028163244113,False,normal,none,6.239129253828025,-8.989977801539027,0.007403486024912809,253.65056432812617,43.25990293053431,-0.8999160899227705,214.72028163244113,,
LOT-019-C0036,LOT-019,Discrete_Transistor_X,100.0,5.2,nominal,248.36744021189273,262.7969153538944,251.75721801617786,253.5977680864191,False,normal,none,14.429475142001678,-11.039697337716547,1.8405500702412496,253.65056432812617,43.25990293053431,-0.0012204429074155758,253.5977680864191,,
LOT-019-C0037,LOT-019,Discrete_Transistor_X,100.0,5.2,nominal,241.68471131829762,,234.82867148198972,244.9136647798194,False,normal,none,,,10.084993297829698,253.65056432812617,43.25990293053431,-0.20196299474680401,244.9136647798194,,
LOT-019-C0038,LOT-019,Discrete_Transistor_X,100.0,5.2,nominal,236.7042961716292,239.32535399182112,239.25762203481324,238.60688830740378,False,normal,none,2.6210578201919077,-0.06773195700787937,-0.6507337274094596,253.65056432812617,43.25990293053431,-0.34775103506078486,238.60688830740378,,
LOT-019-C0039,LOT-019,Discrete_Transistor_X,100.0,5.2,nominal,318.6512808907501,323.9345305380077,311.2893077992787,307.46326587888007,True,lot_relative_anomaly,medium,5.283249647257605,-12.645222738729046,-3.826041920398609,253.65056432812617,43.25990293053431,1.2439394891191737,307.46326587888007,,
LOT-019-C0040,LOT-019,Discrete_Transistor_X,100.0,5.2,nominal,239.65747184262517,237.8078490665609,239.404816911018,241.43702918442597,False,normal,none,-1.8496227760642796,1.5969678444571116,2.032212273407964,253.65056432812617,43.25990293053431,-0.28232923137419874,241.43702918442597,,
LOT-019-C0041,LOT-019,Discrete_Transistor_X,100.0,5.2,nominal,217.69786575945176,232.64701222758652,222.662977329961,225.56454332313373,False,normal,none,14.949146468134757,-9.98403489762552,2.9015659931727384,253.65056432812617,43.25990293053431,-0.6492391129516003,225.56454332313373,,
LOT-019-C0042,LOT-019,Discrete_Transistor_X,100.0,5.2,nominal,478.7008165536155,223.50604789655642,227.7799815384488,228.66442691738453,False,measurement_anomaly,low,-255.19476865705906,4.27393364189237,0.8844453789357374,253.65056432812617,43.25990293053431,-0.5775819111490786,228.66442691738453,,
LOT-019-C0043,LOT-019,Discrete_Transistor_X,100.0,5.2,nominal,213.58674954501365,225.83496444924032,273.76167053937905,324.05345129949535,True,gradual_degradation,low,12.248214904226671,47.92670609013874,50.291780760116296,253.65056432812617,43.25990293053431,1.627439781462765,324.05345129949535,,
LOT-019-C0044,LOT-019,Discrete_Transistor_X,100.0,5.2,nominal,230.86906276852466,233.88661233835347,231.42797984791707,231.56816707706614,False,normal,none,3.017549569828816,-2.4586324904364005,0.14018722914906334,253.65056432812617,43.25990293053431,-0.510458779496556,231.56816707706614,,
LOT-019-C0045,LOT-019,Discrete_Transistor_X,100.0,5.2,nominal,246.85669877991393,249.84084832149796,246.32121150088935,251.32419749895763,False,normal,none,2.9841495415840313,-3.5196368206086106,5.002985998068283,253.65056432812617,43.25990293053431,-0.0537765152386994,251.32419749895763,,
LOT-019-C0046,LOT-019,Discrete_Transistor_X,100.0,5.2,nominal,232.7417795495003,239.02459869547698,247.21731884367546,243.12985339901527,False,normal,none,6.282819145976674,8.192720148198475,-4.087465444660182,253.65056432812617,43.25990293053431,-0.2431977470223359,243.12985339901527,,
LOT-019-C0047,LOT-019,Discrete_Transistor_X,100.0,5.2,nominal,240.14252425858552,253.93492846180536,248.79846616389452,243.61755320405683,False,normal,none,13.792404203219832,-5.136462297910839,-5.180912959837684,253.65056432812617,43.25990293053431,-0.23192403228874775,243.61755320405683,,
LOT-019-C0048,LOT-019,Discrete_Transistor_X,100.0,5.2,nominal,235.94509606512293,240.29224899816438,238.8651531916348,232.22950686029475,False,normal,none,4.347152933041457,-1.427095806529593,-6.635646331340041,253.65056432812617,43.25990293053431,-0.4951711866350885,232.22950686029475,,
LOT-019-C0049,LOT-019,Discrete_Transistor_X,100.0,5.2,nominal,240.5870034336677,244.40000457273868,249.4688367257349,235.25042610903697,False,normal,none,3.813001139070991,5.068832152996208,-14.218410616697923,253.65056432812617,43.25990293053431,-0.4253393320978018,235.25042610903697,,
LOT-019-C0050,LOT-019,Discrete_Transistor_X,100.0,5.2,nominal,225.57398117757162,230.8925680992281,218.61356421174077,229.5839430142548,False,normal,none,5.318586921656475,-12.279003887487335,10.970378802514034,253.65056432812617,43.25990293053431,-0.556326290248893,229.5839430142548,,
LOT-019-C0051,LOT-019,Discrete_Transistor_X,100.0,5.2,nominal,244.15201428349906,249.86247046263318,263.3636937751838,237.12784148405763,False,normal,none,5.710456179134127,13.501223312550593,-26.23585229112615,253.65056432812617,43.25990293053431,-0.38194082105547766,237.12784148405763,,
LOT-019-C0052,LOT-019,Discrete_Transistor_X,100.0,5.2,nominal,230.23877312195887,234.19731364790914,228.12667568465204,236.9670716523847,False,normal,none,3.9585405259502693,-6.070637963257099,8.840395967732661,253.65056432812617,43.25990293053431,-0.38565719166155793,236.9670716523847,,
LOT-019-C0053,LOT-019,Discrete_Transistor_X,100.0,5.2,nominal,242.88805633021593,241.99020607289333,242.53852973314815,244.05712480954026,False,normal,none,-0.8978502573226024,0.5483236602548232,1.5185950763921028,253.65056432812617,43.25990293053431,-0.22176285355958428,244.05712480954026,,
LOT-019-C0054,LOT-019,Discrete_Transistor_X,100.0,5.2,nominal,228.58338452247375,220.69340353300825,217.19469688682804,224.1215117298656,False,normal,none,-7.889980989465499,-3.49870664618021,6.926814843037562,253.65056432812617,43.25990293053431,-0.6825963674878696,224.1215117298656,,
LOT-019-C0055,LOT-019,Discrete_Transistor_X,100.0,5.2,nominal,227.87442532539328,218.97561591100506,232.14205647603725,220.1621984604509,False,normal,none,-8.89880941438821,13.16644056503219,-11.979858015586359,253.65056432812617,43.25990293053431,-0.7741202267940838,220.1621984604509,,
LOT-019-C0056,LOT-019,Discrete_Transistor_X,100.0,5.2,nominal,248.2100632731394,241.70122298156824,243.81511460226392,240.51369403442365,False,normal,none,-6.508840291571175,2.113891620695682,-3.3014205678402675,253.65056432812617,43.25990293053431,-0.3036731338671143,240.51369403442365,,
LOT-019-C0057,LOT-019,Discrete_Transistor_X,100.0,5.2,nominal,211.17728989260314,209.0077086358557,205.82384520865958,209.38896142622636,False,normal,none,-2.169581256747449,-3.1838634271961155,3.565116217566782,253.65056432812617,43.25990293053431,-1.0231553911014086,209.38896142622636,,
LOT-019-C0058,LOT-019,Discrete_Transistor_X,100.0,5.2,nominal,232.14415819359374,236.85011532211502,241.49690062620834,244.907247614132,False,normal,none,4.705957128521277,4.646785304093328,3.4103469879236457,253.65056432812617,43.25990293053431,-0.20211133455463318,244.907247614132,,
LOT-019-C0059,LOT-019,Discrete_Transistor_X,100.0,5.2,nominal,293.2054517019022,292.1778548104458,286.73496416451064,291.3966201223252,True,lot_relative_anomaly,medium,-1.0275968914563691,-5.442890645935165,4.66165595781456,253.65056432812617,43.25990293053431,0.8725413890736354,291.3966201223252,,
LOT-020-C0000,LOT-020,Discrete_Transistor_X,125.0,5.22,elevated,256.206843545177,258.68100100820004,256.61841681205726,259.9273580012077,False,normal,none,2.4741574630230616,-2.0625841961427795,3.3089411891504596,290.0967624146236,115.06376466441773,-0.26219726515471325,259.9273580012077,,
LOT-020-C0001,LOT-020,Discrete_Transistor_X,125.0,5.22,elevated,252.51433473024775,264.28794885457904,265.5135839921627,269.27333952276337,False,normal,none,11.773614124331289,1.2256351375836516,3.759755530600671,290.0967624146236,115.06376466441773,-0.18097289752852702,269.27333952276337,,
LOT-020-C0002,LOT-020,Discrete_Transistor_X,125.0,5.22,elevated,156.62995466447123,160.28115902014562,165.9763661735825,165.0491970531766,True,lot_relative_anomaly,medium,3.6512043556743947,5.695207153436883,-0.9271691204058925,290.0967624146236,115.06376466441773,-1.0867675477692469,165.0491970531766,,
LOT-020-C0003,LOT-020,Discrete_Transistor_X,125.0,5.22,elevated,244.08365444813955,463.0549904142351,451.82750830135876,452.35388733884514,True,sudden_failure,critical,218.97133596609552,-11.227482112876316,0.5263790374863788,290.0967624146236,115.06376466441773,1.4101496278819208,452.35388733884514,,
LOT-020-C0004,LOT-020,Discrete_Transistor_X,125.0,5.22,elevated,245.47462833562665,237.17175878938173,246.1291340954706,246.21882999777296,False,normal,none,-8.30286954624492,8.957375306088863,0.0896959023023669,290.0967624146236,115.06376466441773,-0.38133579711058607,246.21882999777296,,
LOT-020-C0005,LOT-020,Discrete_Transistor_X,125.0,5.22,elevated,244.0580621062205,250.3840156557193,238.26655793827211,249.27189394258653,False,normal,none,6.32595354949882,-12.117457717447195,11.005336004314415,290.0967624146236,115.06376466441773,-0.3548021272474645,249.27189394258653,,
LOT-020-C0006,LOT-020,Discrete_Transistor_X,125.0,5.22,elevated,232.71732150972355,235.54096939137384,241.78910645500346,237.40000531745173,False,normal,none,2.823647881650288,6.248137063629628,-4.389101137551734,290.0967624146236,115.06376466441773,-0.45797873249551146,237.40000531745173,,
LOT-020-C0007,LOT-020,Discrete_Transistor_X,125.0,5.22,elevated,216.3785305807644,234.5060568219267,228.64219211107724,231.99726655930203,False,normal,none,18.127526241162315,-5.8638647108494695,3.355074448224798,290.0967624146236,115.06376466441773,-0.5049330345201908,231.99726655930203,,
LOT-020-C0008,LOT-020,Discrete_Transistor_X,125.0,5.22,elevated,259.626205575399,251.85441816755994,265.31922487644266,260.460182127801,False,normal,none,-7.771787407839071,13.464806708882719,-4.859042748641684,290.0967624146236,115.06376466441773,-0.25756657948101547,260.460182127801,,
LOT-020-C0009,LOT-020,Discrete_Transistor_X,125.0,5.22,elevated,256.26926272859373,257.61189212452973,254.71397888441496,262.981638698809,False,normal,none,1.342629395936001,-2.897913240114775,8.267659814394023,290.0967624146236,115.06376466441773,-0.2356530206959209,262.981638698809,,
LOT-020-C0010,LOT-020,Discrete_Transistor_X,125.0,5.22,elevated,235.4518045110444,231.59676086640832,31.905208795877062,229.88302541277983,True,intermittent_anomaly,medium,-3.8550436446360834,-199.69155207053126,197.97781661690277,290.0967624146236,115.06376466441773,-0.5233075519252868,229.88302541277983,,
LOT-020-C0011,LOT-020,Discrete_Transistor_X,125.0,5.22,elevated,237.63055334388747,236.8165569542582,233.9561084767262,235.1537527968622,False,normal,none,-0.813996389629267,-2.860448477532003,1.1976443201359928,290.0967624146236,115.06376466441773,-0.4775005387491197,235.1537527968622,,
LOT-020-C0012,LOT-020,Discrete_Transistor_X,125.0,5.22,elevated,250.9713385577415,247.0619238992185,247.9901400762832,244.67767550424134,False,normal,none,-3.9094146585229907,0.9282161770647122,-3.3124645720418755,290.0967624146236,115.06376466441773,-0.3947297139359775,244.67767550424134,,
LOT-020-C0013,LOT-020,Discrete_Transistor_X,125.0,5.22,elevated,233.01902822471166,244.35872924151056,391.70045805226863,691.6003955510295,True,accelerating_degradation,medium,11.339701016798898,147.34172881075807,299.89993749876083,290.0967624146236,115.06376466441773,3.4894011534159954,691.6003955510295,,
LOT-020-C0014,LOT-020,Discrete_Transistor_X,125.0,5.22,elevated,242.24947002718565,239.5078854030535,245.1832708811449,240.20242271094088,False,normal,none,-2.7415846241321447,5.6753854780913855,-4.980848170204013,290.0967624146236,115.06376466441773,-0.43362339003246614,240.20242271094088,,
LOT-020-C0015,LOT-020,Discrete_Transistor_X,125.0,5.22,elevated,257.2088664980306,261.0473879765981,260.2176461423067,262.31081006828606,False,normal,none,3.838521478567486,-0.8297418342913829,2.093163925979354,290.0967624146236,115.06376466441773,-0.24148308051083645,262.31081006828606,,
LOT-020-C0016,LOT-020,Discrete_Transistor_X,125.0,5.22,elevated,268.3186920704279,259.77406417538816,273.0928157169797,261.94718118224336,False,normal,none,-8.544627895039753,13.318751541591553,-11.14563453473636,290.0967624146236,115.06376466441773,-0.24464331855018118,261.94718118224336,,
LOT-020-C0017,LOT-020,Discrete_Transistor_X,125.0,5.22,elevated,235.0634965696988,230.74504567847055,320.7492863080353,497.61364392265443,True,accelerating_degradation,medium,-4.318450891228252,90.00424062956478,176.8643576146191,290.0967624146236,115.06376466441773,1.8034946285066515,497.61364392265443,,
LOT-020-C0018,LOT-020,Discrete_Transistor_X,125.0,5.22,elevated,321.5706824377629,334.0286576548436,320.8842674634612,338.95797088473614,True,lot_relative_anomaly,medium,12.457975217080673,-13.1443901913824,18.073703421274956,290.0967624146236,115.06376466441773,0.4246446186826562,338.95797088473614,,
LOT-020-C0019,LOT-020,Discrete_Transistor_X,125.0,5.22,elevated,242.38214456724359,238.88404191494786,232.82181278974602,241.50716960849087,False,normal,none,-3.498102652295728,-6.0622291252018385,8.68535681874485,290.0967624146236,115.06376466441773,-0.42228405221959975,241.50716960849087,,
LOT-020-C0020,LOT-020,Discrete_Transistor_X,125.0,5.22,elevated,224.6032566668592,228.18505172582005,224.00227378373407,227.0674560931883,False,normal,none,3.581795058960836,-4.182777942085977,3.0651823094542294,290.0967624146236,115.06376466441773,-0.5477771955859396,227.0674560931883,,
LOT-020-C0021,LOT-020,Discrete_Transistor_X,125.0,5.22,elevated,246.58366117899976,255.33531036945897,372.62039384435644,636.8342265226144,True,accelerating_degradation,medium,8.751649190459204,117.28508347489748,264.2138326782579,290.0967624146236,115.06376466441773,3.013437506753294,636.8342265226144,,
LOT-020-C0022,LOT-020,Discrete_Transistor_X,125.0,5.22,elevated,253.03721321977787,251.26676541589416,253.72560995894204,686.520164523206,False,measurement_anomaly,low,-1.7704478038837124,2.4588445430478885,432.7945545642639,290.0967624146236,115.06376466441773,3.445249712320356,686.520164523206,,
LOT-020-C0023,LOT-020,Discrete_Transistor_X,125.0,5.22,elevated,218.21484840634224,217.13745270038987,216.7578663017271,220.11689000181022,False,normal,none,-1.0773957059523696,-0.37958639866278077,3.359023700083128,290.0967624146236,115.06376466441773,-0.6081834069735935,220.11689000181022,,
LOT-020-C0024,LOT-020,Discrete_Transistor_X,125.0,5.22,elevated,222.65276125647904,220.2158306611526,221.7933167194189,230.46199725912808,False,normal,none,-2.43693059532643,1.5774860582662882,8.668680539709186,290.0967624146236,115.06376466441773,-0.5182758041110481,230.46199725912808,,
LOT-020-C0025,LOT-020,Discrete_Transistor_X,125.0,5.22,elevated,241.87186700478148,241.41877181532917,330.2254659528987,600.1718853422808,True,accelerating_degradation,medium,-0.45309518945231275,88.80669413756951,269.94641938938213,290.0967624146236,115.06376466441773,2.694811210392673,600.1718853422808,,
LOT-020-C0026,LOT-020,Discrete_Transistor_X,125.0,5.22,elevated,215.69322350773027,222.36784472738157,216.23151363703448,219.75940757556424,False,normal,none,6.6746212196513,-6.136331090347085,3.5278939385297576,290.0967624146236,115.06376466441773,-0.61129022715533,219.75940757556424,,
LOT-020-C0027,LOT-020,Discrete_Transistor_X,125.0,5.22,elevated,265.62703660042536,265.43771977792267,260.82266684635505,257.07198833508,False,normal,none,-0.18931682250268977,-4.615052931567618,-3.750678511275055,290.0967624146236,115.06376466441773,-0.28701280699323545,257.07198833508,,
LOT-020-C0028,LOT-020,Discrete_Transistor_X,125.0,5.22,elevated,232.19433646952345,233.76525156702763,232.9832204702915,240.00951172894793,False,normal,none,1.5709150975041837,-0.7820310967361195,7.026291258656414,290.0967624146236,115.06376466441773,-0.4352999472227821,240.00951172894793,,
LOT-020-C0029,LOT-020,Discrete_Transistor_X,125.0,5.22,elevated,235.51624164466472,248.44722045573778,242.40305794020546,241.04707318949454,False,normal,none,12.93097881107306,-6.044162515532321,-1.3559847507109168,290.0967624146236,115.06376466441773,-0.4262826735087449,241.04707318949454,,
LOT-020-C0030,LOT-020,Discrete_Transistor_X,125.0,5.22,elevated,225.56238614668493,223.90000205535534,228.45433399482704,226.142537816024,False,normal,none,-1.662384091329585,4.554331939471695,-2.3117961788030357,290.0967624146236,115.06376466441773,-0.5558155061684398,226.142537816024,,
LOT-020-C0031,LOT-020,Discrete_Transistor_X,125.0,5.22,elevated,244.4193463637551,245.07710549455513,247.62282411598966,237.92097341055577,False,normal,none,0.6577591308000308,2.5457186214345313,-9.701850705433884,290.0967624146236,115.06376466441773,-0.45345108563271813,237.92097341055577,,
LOT-020-C0032,LOT-020,Discrete_Transistor_X,125.0,5.22,elevated,240.41502939806668,254.4131627430665,241.39392663645083,247.39359152925942,False,normal,none,13.998133344999815,-13.019236106615665,5.999664892808596,290.0967624146236,115.06376466441773,-0.3711261404483637,247.39359152925942,,
LOT-020-C0033,LOT-020,Discrete_Transistor_X,125.0,5.22,elevated,252.05900549327487,244.51191539564897,252.19744515656015,246.24077369424873,False,normal,none,-7.547090097625897,7.68552976091118,-5.956671462311419,290.0967624146236,115.06376466441773,-0.3811450881020657,246.24077369424873,,
LOT-020-C0034,LOT-020,Discrete_Transistor_X,125.0,5.22,elevated,239.87823414557963,266.36622548227245,339.68442887272363,412.23189328754427,True,gradual_degradation,low,26.48799133669283,73.31820339045117,72.54746441482064,290.0967624146236,115.06376466441773,1.061456065070759,412.23189328754427,,
LOT-020-C0035,LOT-020,Discrete_Transistor_X,125.0,5.22,elevated,222.7017491923888,225.9242231275363,223.60639561346946,226.72014034163533,False,normal,none,3.222473935147491,-2.3178275140668347,3.1137447281658694,290.0967624146236,115.06376466441773,-0.5507956588924889,226.72014034163533,,
LOT-020-C0036,LOT-020,Discrete_Transistor_X,125.0,5.22,elevated,254.78431741466463,252.4267008388181,257.5185948665793,256.4221964831236,False,normal,none,-2.357616575846521,5.091894027761185,-1.0963983834556643,290.0967624146236,115.06376466441773,-0.29266003967201554,256.4221964831236,,
LOT-020-C0037,LOT-020,Discrete_Transistor_X,125.0,5.22,elevated,339.60744738486744,336.37654426376747,334.4500472083205,333.8039404876465,True,lot_relative_anomaly,medium,-3.2309031210999706,-1.926497055446987,-0.6461067206739699,290.0967624146236,115.06376466441773,0.3798517995695209,333.8039404876465,,
LOT-020-C0038,LOT-020,Discrete_Transistor_X,125.0,5.22,elevated,239.05133415986637,238.36666949194486,224.02418408440838,238.7351080182038,False,normal,none,-0.6846646679215098,-14.342485407536486,14.710923933795414,290.0967624146236,115.06376466441773,-0.44637557745668693,238.7351080182038,,
LOT-020-C0039,LOT-020,Discrete_Transistor_X,125.0,5.22,elevated,257.0955545354562,245.28027935823414,246.48479235822262,245.71167112851597,False,normal,none,-11.815275177222048,1.2045129999884807,-0.7731212297066463,290.0967624146236,115.06376466441773,-0.3857434303106305,245.71167112851597,,
LOT-020-C0040,LOT-020,Discrete_Transistor_X,125.0,5.22,elevated,266.9550455865473,271.1066339051981,264.37373108277063,263.6862296675248,False,normal,none,4.151588318650795,-6.732902822427491,-0.6875014152458334,290.0967624146236,115.06376466441773,-0.2295295380272393,263.6862296675248,,
LOT-020-C0041,LOT-020,Discrete_Transistor_X,125.0,5.22,elevated,251.44514043229933,246.20563422649263,251.88182155500894,243.9496997044719,False,normal,none,-5.239506205806691,5.676187328516306,-7.932121850537044,290.0967624146236,115.06376466441773,-0.40105643027358884,243.9496997044719,,
LOT-020-C0042,LOT-020,Discrete_Transistor_X,125.0,5.22,elevated,226.77822650212056,781.8076405267543,230.31262684294686,236.77141142836211,False,measurement_anomaly,low,555.0294140246338,-551.4950136838074,6.458784585415259,290.0967624146236,115.06376466441773,-0.4634417372122692,236.77141142836211,,
LOT-020-C0043,LOT-020,Discrete_Transistor_X,125.0,5.22,elevated,258.87422022559565,251.3370999885164,245.49890306964664,254.2659525404919,False,normal,none,-7.53712023707925,-5.838196918869755,8.76704947084525,290.0967624146236,115.06376466441773,-0.3113995963771207,254.2659525404919,,
LOT-020-C0044,LOT-020,Discrete_Transistor_X,125.0,5.22,elevated,295.3927932469045,307.9651350090447,305.8278843598421,303.24106244818427,True,lot_relative_anomaly,medium,12.572341762140184,-2.137250649202599,-2.5868219116578075,290.0967624146236,115.06376466441773,0.11423492071457854,303.24106244818427,,
LOT-020-C0045,LOT-020,Discrete_Transistor_X,125.0,5.22,elevated,244.022344797073,241.33597021351497,241.8128658946499,249.4227393932972,False,normal,none,-2.6863745835580346,0.47689568113491987,7.6098734986473175,290.0967624146236,115.06376466441773,-0.35349115457808755,249.4227393932972,,
LOT-020-C0046,LOT-020,Discrete_Transistor_X,125.0,5.22,elevated,239.01254331832703,238.4748860388636,240.0060378248716,243.84559495994915,False,normal,none,-0.5376572794634455,1.5311517860080244,3.8395571350775413,290.0967624146236,115.06376466441773,-0.4019611872561747,243.84559495994915,,
LOT-020-C0047,LOT-020,Discrete_Transistor_X,125.0,5.22,elevated,243.99938599282575,251.14241051437185,247.33895827976377,244.70921364454455,False,normal,none,7.143024521546096,-3.8034522346080735,-2.6297446352192253,290.0967624146236,115.06376466441773,-0.39445562121534394,244.70921364454455,,
LOT-020-C0048,LOT-020,Discrete_Transistor_X,125.0,5.22,elevated,241.2777938243459,235.98862910439445,234.40237712005626,235.2249855074978,False,normal,none,-5.289164719951458,-1.5862519843381904,0.8226083874415338,290.0967624146236,115.06376466441773,-0.47688146713397356,235.2249855074978,,
LOT-020-C0049,LOT-020,Discrete_Transistor_X,125.0,5.22,elevated,347.6626659584877,334.86675730743434,344.9814783589541,355.00018522955776,True,lot_relative_anomaly,medium,-12.795908651053367,10.11472105151978,10.018706870603637,290.0967624146236,115.06376466441773,0.5640648296553161,355.00018522955776,,
LOT-020-C0050,LOT-020,Discrete_Transistor_X,125.0,5.22,elevated,268.1857230311472,273.685668061705,263.9354936517755,271.73899589800965,False,normal,none,5.499945030557797,-9.750174409929457,7.803502246234132,290.0967624146236,115.06376466441773,-0.15954428894408393,271.73899589800965,,
LOT-020-C0051,LOT-020,Discrete_Transistor_X,125.0,5.22,elevated,289.90261554676005,276.6874205758042,293.67709533419685,288.82796467364983,True,lot_relative_anomaly,medium,-13.21519497095585,16.989674758392653,-4.849130660547019,290.0967624146236,115.06376466441773,-0.011026909685027151,288.82796467364983,,
LOT-020-C0052,LOT-020,Discrete_Transistor_X,125.0,5.22,elevated,223.44197860066862,233.2531136215196,239.92599556398855,226.83326718427102,False,normal,none,9.81113502085097,6.672881942468962,-13.092728379717528,290.0967624146236,115.06376466441773,-0.5498124923589967,226.83326718427102,,
LOT-020-C0053,LOT-020,Discrete_Transistor_X,125.0,5.22,elevated,222.46927731121835,219.49468517395488,228.89478093096602,223.57882839719173,False,normal,none,-2.974592137263471,9.400095757011144,-5.315952533774293,290.0967624146236,115.06376466441773,-0.5780962774113181,223.57882839719173,,
LOT-020-C0054,LOT-020,Discrete_Transistor_X,125.0,5.22,elevated,235.85172669314517,,339.2500408126905,236.77987578722602,True,intermittent_anomaly,medium,,,-102.47016502546447,290.0967624146236,115.06376466441773,-0.4633681748802128,236.77987578722602,,
LOT-020-C0055,LOT-020,Discrete_Transistor_X,125.0,5.22,elevated,235.03399629034652,235.08501432906937,233.12058165377897,230.13513848941543,False,normal,none,0.051018038722844494,-1.9644326752903964,-2.985443164363545,290.0967624146236,115.06376466441773,-0.5211164791981698,230.13513848941543,,
LOT-020-C0056,LOT-020,Discrete_Transistor_X,125.0,5.22,elevated,238.0757833554488,238.25175011802992,237.5612431027086,241.0040482436028,False,normal,none,0.17596676258111188,-0.690507015321316,3.442805140894194,290.0967624146236,115.06376466441773,-0.42665659614214063,241.0040482436028,,
LOT-020-C0057,LOT-020,Discrete_Transistor_X,125.0,5.22,elevated,237.25048624989788,255.02162689816396,243.80580177593197,249.86444593306837,False,normal,none,17.771140648266083,-11.21582512223199,6.058644157136399,290.0967624146236,115.06376466441773,-0.349652356664084,249.86444593306837,,
LOT-020-C0058,LOT-020,Discrete_Transistor_X,125.0,5.22,elevated,252.46109905921034,253.1117624689047,239.82986330988336,238.64937611282764,False,normal,none,0.6506634096943458,-13.281899159021322,-1.1804871970557258,290.0967624146236,115.06376466441773,-0.4471206591566138,238.64937611282764,,
LOT-020-C0059,LOT-020,Discrete_Transistor_X,125.0,5.22,elevated,237.36382376736825,252.54792360035498,320.1622683909408,459.1056566642181,True,accelerating_degradation,medium,15.184099832986732,67.61434479058585,138.94338827327726,290.0967624146236,115.06376466441773,1.4688281297114445,459.1056566642181,,
LOT-021-C0000,LOT-021,Discrete_Transistor_X,100.0,5.16,nominal,229.30209081945884,232.91193115678027,229.825213624991,224.3647081358878,False,normal,none,3.6098403373214296,-3.086717531789276,-5.460505489103184,261.9965322184644,91.76404223095058,-0.41009335647905826,224.3647081358878,,
LOT-021-C0001,LOT-021,Discrete_Transistor_X,100.0,5.16,nominal,258.9565493635238,246.32622820460506,252.02806761220097,851.727267212677,False,measurement_anomaly,low,-12.630321158918719,5.701839407595912,599.699199600476,261.9965322184644,91.76404223095058,6.426599359147517,851.727267212677,,
LOT-021-C0002,LOT-021,Discrete_Transistor_X,100.0,5.16,nominal,247.44698709720615,247.036543677958,245.90216589769915,248.66293033875831,False,normal,none,-0.4104434192481392,-1.134377780258859,2.760764441059166,261.9965322184644,91.76404223095058,-0.14530312261253953,248.66293033875831,,
LOT-021-C0003,LOT-021,Discrete_Transistor_X,100.0,5.16,nominal,233.3403079185519,241.096617884382,235.12167656826878,240.92765147849585,False,normal,none,7.7563099658300985,-5.974941316113217,5.805974910227064,261.9965322184644,91.76404223095058,-0.22959843777307284,240.92765147849585,,
LOT-021-C0004,LOT-021,Discrete_Transistor_X,100.0,5.16,nominal,289.57536150027636,279.9864151552609,277.0450660087046,287.32567516833063,True,lot_relative_anomaly,medium,-9.588946345015472,-2.941349146556263,10.28060915962601,261.9965322184644,91.76404223095058,0.27602470787106553,287.32567516833063,,
LOT-021-C0005,LOT-021,Discrete_Transistor_X,100.0,5.16,nominal,230.18564235986054,221.66948891624972,229.40197739648562,229.05505680895067,False,normal,none,-8.516153443610818,7.732488480235901,-0.34692058753495303,261.9965322184644,91.76404223095058,-0.35898021282243675,229.05505680895067,,
LOT-021-C0006,LOT-021,Discrete_Transistor_X,100.0,5.16,nominal,219.20074438329522,218.72034183712972,221.13497993031348,225.14916539990924,False,normal,none,-0.48040254616549305,2.414638093183754,4.014185469595759,261.9965322184644,91.76404223095058,-0.4015447219055385,225.14916539990924,,
LOT-021-C0007,LOT-021,Discrete_Transistor_X,100.0,5.16,nominal,255.3352782047286,243.71453865561733,251.27098425333986,249.28822584186491,False,normal,none,-11.620739549111278,7.556445597722529,-1.982758411474947,261.9965322184644,91.76404223095058,-0.1384889556697531,249.28822584186491,,
LOT-021-C0008,LOT-021,Discrete_Transistor_X,100.0,5.16,nominal,238.87134458215635,27.047778955253147,236.6063241852893,240.96410746698706,True,intermittent_anomaly,medium,-211.82356562690322,209.55854523003617,4.357783281697749,261.9965322184644,91.76404223095058,-0.22920115810224642,240.96410746698706,,
LOT-021-C0009,LOT-021,Discrete_Transistor_X,100.0,5.16,nominal,242.71425090612203,245.33674393855821,236.79354726192338,241.36458483092528,False,normal,none,2.622493032436182,-8.543196676634835,4.571037569001902,261.9965322184644,91.76404223095058,-0.22483695013797317,241.36458483092528,,
LOT-021-C0010,LOT-021,Discrete_Transistor_X,100.0,5.16,nominal,225.34709845130928,231.28016594845462,218.92316798915724,360.8178341886957,True,sudden_failure,critical,5.933067497145345,-12.356997959297388,141.89466619953848,261.9965322184644,91.76404223095058,1.0769065918164233,360.8178341886957,,
LOT-021-C0011,LOT-021,Discrete_Transistor_X,100.0,5.16,nominal,253.51888869277107,240.1935998250406,241.21559499860436,242.13623421655663,False,normal,none,-13.325288867730478,1.0219951735637665,0.9206392179522709,261.9965322184644,91.76404223095058,-0.21642788960760473,242.13623421655663,,
LOT-021-C0012,LOT-021,Discrete_Transistor_X,100.0,5.16,nominal,230.93959008104866,233.17317682574503,235.67002344139135,234.47637893676554,False,normal,none,2.2335867446963675,2.4968466156463194,-1.1936445046258086,261.9965322184644,91.76404223095058,-0.29990127519052034,234.47637893676554,,
LOT-021-C0013,LOT-021,Discrete_Transistor_X,100.0,5.16,nominal,239.61700230363084,117.40298961278351,238.7988987467464,238.81552269263463,True,intermittent_anomaly,medium,-122.21401269084733,121.39590913396289,0.016623945888227354,261.9965322184644,91.76404223095058,-0.2526153922850094,238.81552269263463,,
LOT-021-C0014,LOT-021,Discrete_Transistor_X,100.0,5.16,nominal,233.9114940552819,233.56145544731655,231.12758960211363,227.46499602054854,False,normal,none,-0.35003860796535946,-2.4338658452029165,-3.6625935815650905,261.9965322184644,91.76404223095058,-0.3763079236527888,227.46499602054854,,
LOT-021-C0015,LOT-021,Discrete_Transistor_X,100.0,5.16,nominal,239.68273380121767,241.4868671410356,230.4845825748539,242.0033302338606,False,normal,none,1.8041333398179233,-11.002284566181686,11.518747659006692,261.9965322184644,91.76404223095058,-0.21787621271396423,242.0033302338606,,
LOT-021-C0016,LOT-021,Discrete_Transistor_X,100.0,5.16,nominal,219.04012343279118,230.52318190619354,229.53175355514773,225.53338456966102,False,normal,none,11.483058473402366,-0.991428351045812,-3.9983689854867066,261.9965322184644,91.76404223095058,-0.3973576878515592,225.53338456966102,,
LOT-021-C0017,LOT-021,Discrete_Transistor_X,100.0,5.16,nominal,215.28795408911566,223.1288834593047,250.47332874555616,285.63950851974954,True,gradual_degradation,low,7.840929370189031,27.34444528625147,35.16617977419338,261.9965322184644,91.76404223095058,0.25764968201575966,285.63950851974954,,
LOT-021-C0018,LOT-021,Discrete_Transistor_X,100.0,5.16,nominal,228.62064761071207,226.856925688016,224.2327658463354,222.11847024973736,False,normal,none,-1.763721922696078,-2.62415984168058,-2.1142955965980548,261.9965322184644,91.76404223095058,-0.43457176688405275,222.11847024973736,,
LOT-021-C0019,LOT-021,Discrete_Transistor_X,100.0,5.16,nominal,229.7951674830247,235.7365872971451,234.8849341746176,240.41145726992858,False,normal,none,5.941419814120394,-0.8516531225274946,5.526523095310978,261.9965322184644,91.76404223095058,-0.2352236717538092,240.41145726992858,,
LOT-021-C0020,LOT-021,Discrete_Transistor_X,100.0,5.16,nominal,230.4529910403171,237.55530665661084,267.106805771325,355.84118919827785,True,accelerating_degradation,medium,7.102315616293737,29.551499114714176,88.73438342695283,261.9965322184644,91.76404223095058,1.0226735298301968,355.84118919827785,,
LOT-021-C0021,LOT-021,Discrete_Transistor_X,100.0,5.16,nominal,206.43260941981757,26.8910058957616,217.07754878936515,217.1547665986755,True,intermittent_anomaly,medium,-179.54160352405597,190.18654289360356,0.07721780931035482,261.9965322184644,91.76404223095058,-0.4886638004342887,217.1547665986755,,
LOT-021-C0022,LOT-021,Discrete_Transistor_X,100.0,5.16,nominal,229.05025426424876,225.08317235740412,285.04731971997774,399.4868824980139,True,accelerating_degradation,medium,-3.9670819068446406,59.96414736257361,114.43956277803619,261.9965322184644,91.76404223095058,1.4983031145632792,399.4868824980139,,
LOT-021-C0023,LOT-021,Discrete_Transistor_X,100.0,5.16,nominal,235.58372720372492,243.62087564635942,235.65162813113957,228.62065919055706,False,normal,none,8.037148442634503,-7.969247515219848,-7.030968940582511,261.9965322184644,91.76404223095058,-0.363714067258582,228.62065919055706,,
LOT-021-C0024,LOT-021,Discrete_Transistor_X,100.0,5.16,nominal,311.8112896145774,306.95309009228123,307.06595055131424,297.50355297202736,True,lot_relative_anomaly,medium,-4.858199522296161,0.11286045903301556,-9.56239757928688,261.9965322184644,91.76404223095058,0.3869382809466846,297.50355297202736,,
LOT-021-C0025,LOT-021,Discrete_Transistor_X,100.0,5.16,nominal,237.64599287279594,232.85261178896735,,360.0816780554993,True,accelerating_degradation,medium,-4.793381083828592,,,261.9965322184644,91.76404223095058,1.068884319526547,360.0816780554993,,
LOT-021-C0026,LOT-021,Discrete_Transistor_X,100.0,5.16,nominal,219.6635241085331,212.74419442364496,215.61244335861323,215.70863129867544,False,normal,none,-6.91932968488814,2.8682489349682783,0.0961879400622081,261.9965322184644,91.76404223095058,-0.5044230811377308,215.70863129867544,,
LOT-021-C0027,LOT-021,Discrete_Transistor_X,100.0,5.16,nominal,224.95057652551762,631.0856998769726,225.93828818061775,231.74123930017396,False,measurement_anomaly,low,406.13512335145504,-405.1474116963549,5.802951119556212,261.9965322184644,91.76404223095058,-0.3297074996123676,231.74123930017396,,
LOT-021-C0028,LOT-021,Discrete_Transistor_X,100.0,5.16,nominal,217.05138646776507,232.43620315384396,224.0926994581029,228.36257155418608,False,normal,none,15.384816686078892,-8.343503695741049,4.269872096083162,261.9965322184644,91.76404223095058,-0.36652658107223285,228.36257155418608,,
LOT-021-C0029,LOT-021,Discrete_Transistor_X,100.0,5.16,nominal,241.67918843780114,244.64397286208467,117.40988948645472,242.5884648587235,True,intermittent_anomaly,medium,2.964784424283522,-127.23408337562995,125.1785753722688,261.9965322184644,91.76404223095058,-0.21149969953257824,242.5884648587235,,
LOT-021-C0030,LOT-021,Discrete_Transistor_X,100.0,5.16,nominal,230.30691809805612,238.66167613374455,234.1825441602687,234.3472006422545,False,normal,none,8.354758035688434,-4.479131973475859,0.16465648198581562,261.9965322184644,91.76404223095058,-0.3013089975550814,234.3472006422545,,
LOT-021-C0031,LOT-021,Discrete_Transistor_X,100.0,5.16,nominal,246.98630483743898,249.42788060574188,250.24144537828695,237.81853807598222,False,normal,none,2.441575768302897,0.8135647725450781,-12.422907302304736,261.9965322184644,91.76404223095058,-0.26348004680996173,237.81853807598222,,
LOT-021-C0032,LOT-021,Discrete_Transistor_X,100.0,5.16,nominal,230.4999547342377,220.72495824650895,228.33600314593414,228.5204727382604,False,normal,none,-9.774996487728743,7.611044899425195,0.18446959232625204,261.9965322184644,91.76404223095058,-0.3648058505961612,228.5204727382604,,
LOT-021-C0033,LOT-021,Discrete_Transistor_X,100.0,5.16,nominal,216.2772354699139,218.1646878740975,221.397668570821,220.103350238458,False,normal,none,1.8874524041835912,3.2329806967235015,-1.294318332362991,261.9965322184644,91.76404223095058,-0.4565315668480487,220.103350238458,,
LOT-021-C0034,LOT-021,Discrete_Transistor_X,100.0,5.16,nominal,234.6259498591603,237.81705635053734,233.5282762703313,231.3074653536621,False,normal,none,3.1911064913770417,-4.288780080206038,-2.220810916669194,261.9965322184644,91.76404223095058,-0.3344345575750076,231.3074653536621,,
LOT-021-C0035,LOT-021,Discrete_Transistor_X,100.0,5.16,nominal,207.00734209206743,215.7652428828752,201.53861327302522,203.7853669682595,False,normal,none,8.757900790807781,-14.226629609849994,2.2467536952342755,261.9965322184644,91.76404223095058,-0.634357029561751,203.7853669682595,,
LOT-021-C0036,LOT-021,Discrete_Transistor_X,100.0,5.16,nominal,235.710965664497,244.01180055845688,295.3161312185548,431.6432906373855,True,accelerating_degradation,medium,8.300834893959887,51.30433066009792,136.32715941883072,261.9965322184644,91.76404223095058,1.8487280452615233,431.6432906373855,,
LOT-021-C0037,LOT-021,Discrete_Transistor_X,100.0,5.16,nominal,215.25537455937504,222.20425336750583,219.47880885624733,216.81140731080527,False,normal,none,6.948878808130786,-2.7254445112585017,-2.667401545442061,261.9965322184644,91.76404223095058,-0.49240556332444213,216.81140731080527,,
LOT-021-C0038,LOT-021,Discrete_Transistor_X,100.0,5.16,nominal,244.1850953901788,241.96925196538882,238.33697189195166,242.19655347009927,False,normal,none,-2.2158434247899663,-3.6322800734371583,3.859581578147612,261.9965322184644,91.76404223095058,-0.21577055965486755,242.19655347009927,,
LOT-021-C0039,LOT-021,Discrete_Transistor_X,100.0,5.16,nominal,241.5021249762881,236.45952075199574,241.99215267450617,243.4604836734843,False,normal,none,-5.042604224292347,5.532631922510433,1.4683309989781321,261.9965322184644,91.76404223095058,-0.20199686167190395,243.4604836734843,,
LOT-021-C0040,LOT-021,Discrete_Transistor_X,100.0,5.16,nominal,255.99046760561345,256.11868470553634,256.3742071810392,255.90370588066088,False,normal,none,0.12821709992289243,0.25552247550285756,-0.4705013003783165,261.9965322184644,91.76404223095058,-0.06639666463764916,255.90370588066088,,
LOT-021-C0041,LOT-021,Discrete_Transistor_X,100.0,5.16,nominal,248.86628654536284,260.2184262386468,260.82502978655134,252.01584774282765,False,normal,none,11.352139693283988,0.6066035479045127,-8.809182043723695,261.9965322184644,91.76404223095058,-0.10876465588250216,252.01584774282765,,
LOT-021-C0042,LOT-021,Discrete_Transistor_X,100.0,5.16,nominal,244.52178852603305,243.01537904786665,241.2525461510868,242.755182301811,False,normal,none,-1.506409478166404,-1.7628328967798552,1.5026361507242143,261.9965322184644,91.76404223095058,-0.20968289374422927,242.755182301811,,
LOT-021-C0043,LOT-021,Discrete_Transistor_X,100.0,5.16,nominal,227.1185541260826,233.66402452025918,226.8682631759258,232.8738134949728,False,normal,none,6.5454703941765615,-6.7957613443333855,6.005550319047018,261.9965322184644,91.76404223095058,-0.3173652556651317,232.8738134949728,,
LOT-021-C0044,LOT-021,Discrete_Transistor_X,100.0,5.16,nominal,220.0349307149197,227.43914149049573,222.96490174941616,222.39345391661465,False,normal,none,7.4042107755760185,-4.474239741079572,-0.5714478328015105,261.9965322184644,91.76404223095058,-0.43157512832943007,222.39345391661465,,
LOT-021-C0045,LOT-021,Discrete_Transistor_X,100.0,5.16,nominal,233.78653327105525,258.0947054667196,325.3498583341876,,True,gradual_degradation,low,24.308172195664326,67.25515286746804,,261.9965322184644,91.76404223095058,,,,
LOT-021-C0046,LOT-021,Discrete_Transistor_X,100.0,5.16,nominal,219.6688482099885,215.0244942900751,220.1038518903558,226.96846001768688,False,normal,none,-4.644353919913414,5.0793576002807015,6.864608127331081,261.9965322184644,91.76404223095058,-0.38171893204768914,226.96846001768688,,
LOT-021-C0047,LOT-021,Discrete_Transistor_X,100.0,5.16,nominal,220.31334048285305,222.72446817436747,217.76275126037552,225.6740851153527,False,normal,none,2.411127691514423,-4.96171691399195,7.911333854977187,261.9965322184644,91.76404223095058,-0.3958244015852723,225.6740851153527,,
LOT-021-C0048,LOT-021,Discrete_Transistor_X,100.0,5.16,nominal,236.81375646460063,235.83731592471054,238.62414356606945,239.411699456793,False,normal,none,-0.9764405398900919,2.7868276413589115,0.7875558907235529,261.9965322184644,91.76404223095058,-0.24611854722822865,239.411699456793,,
LOT-021-C0049,LOT-021,Discrete_Transistor_X,100.0,5.16,nominal,228.34842884150325,224.79156579286808,644.924686936858,230.11763804500177,False,measurement_anomaly,low,-3.556863048635165,420.13312114398997,-414.8070488918563,261.9965322184644,91.76404223095058,-0.34740071817270446,230.11763804500177,,
LOT-021-C0050,LOT-021,Discrete_Transistor_X,100.0,5.16,nominal,231.21249701987594,228.90704439747168,229.64010653820029,233.21868411082434,False,normal,none,-2.3054526224042604,0.733062140728606,3.578577572624056,261.9965322184644,91.76404223095058,-0.3136070230560715,233.21868411082434,,
LOT-021-C0051,LOT-021,Discrete_Transistor_X,100.0,5.16,nominal,230.94875950946232,240.9227825479536,276.62155992193635,359.6139044404708,True,accelerating_degradation,medium,9.974023038491282,35.69877737398275,82.99234451853442,261.9965322184644,91.76404223095058,1.0637867496761337,359.6139044404708,,
LOT-021-C0052,LOT-021,Discrete_Transistor_X,100.0,5.16,nominal,235.05785579732452,239.6562084310808,239.9559772660911,238.2271222737279,False,normal,none,4.598352633756292,0.2997688350102976,-1.7288549923632104,261.9965322184644,91.76404223095058,-0.2590274945050255,238.2271222737279,,
LOT-021-C0053,LOT-021,Discrete_Transistor_X,100.0,5.16,nominal,236.4169628907123,394.43763882985576,240.3634875127632,241.19313192362145,True,intermittent_anomaly,medium,158.02067593914344,-154.07415131709257,0.8296444108582648,261.9965322184644,91.76404223095058,-0.22670536071727526,241.19313192362145,,
LOT-021-C0054,LOT-021,Discrete_Transistor_X,100.0,5.16,nominal,228.09098535659524,,228.52801813262383,228.5492201739476,False,normal,none,,,0.021202041323761023,261.9965322184644,91.76404223095058,-0.36449257499290433,228.5492201739476,,
LOT-021-C0055,LOT-021,Discrete_Transistor_X,100.0,5.16,nominal,223.17722999970778,224.47538531456772,224.017241932253,226.04249244539315,False,normal,none,1.2981553148599403,-0.4581433823147165,2.0252505131401506,261.9965322184644,91.76404223095058,-0.39180967728712907,226.04249244539315,,
LOT-021-C0056,LOT-021,Discrete_Transistor_X,100.0,5.16,nominal,251.37933455631347,248.1032994937677,245.12535643545388,237.77809055029172,False,normal,none,-3.276035062545759,-2.9779430583138264,-7.347265885162159,261.9965322184644,91.76404223095058,-0.2639208243161302,237.77809055029172,,
LOT-021-C0057,LOT-021,Discrete_Transistor_X,100.0,5.16,nominal,251.95513514325793,237.32637393328474,246.28656731458912,249.74051064629617,False,normal,none,-14.628761209973192,8.960193381304379,3.453943331707052,261.9965322184644,91.76404223095058,-0.1335601753606539,249.74051064629617,,
LOT-021-C0058,LOT-021,Discrete_Transistor_X,100.0,5.16,nominal,221.99389482330074,227.99545028333247,265.02655034257714,,True,accelerating_degradation,medium,6.001555460031739,37.031100059244665,,261.9965322184644,91.76404223095058,,,,
LOT-021-C0059,LOT-021,Discrete_Transistor_X,100.0,5.16,nominal,230.31088400204385,227.08130323695354,218.06454766388333,227.99157192025407,False,normal,none,-3.2295807650903043,-9.016755573070213,9.927024256370743,261.9965322184644,91.76404223095058,-0.3705695550401654,227.99157192025407,,
LOT-022-C0000,LOT-022,Discrete_Transistor_X,85.0,4.8,nominal,,251.30202365860816,249.24367206030146,248.89137946034472,False,normal,none,,-2.0583515983067002,-0.35229259995674056,260.06739261666945,62.003887094692296,-0.18024697611710583,248.89137946034472,,
LOT-022-C0001,LOT-022,Discrete_Transistor_X,85.0,4.8,nominal,243.60053908364014,237.22149169639547,246.59929733084417,240.4862878568053,False,normal,none,-6.379047387244668,9.377805634448691,-6.113009474038876,260.06739261666945,62.003887094692296,-0.31580447093518366,240.4862878568053,,
LOT-022-C0002,LOT-022,Discrete_Transistor_X,85.0,4.8,nominal,229.0363837807101,237.02885657452669,230.51997673011488,232.43848957596114,False,normal,none,7.9924727938165745,-6.508879844411808,1.9185128458462657,260.06739261666945,62.003887094692296,-0.44559953150216963,232.43848957596114,,
LOT-022-C0003,LOT-022,Discrete_Transistor_X,85.0,4.8,nominal,249.5826527086715,248.3984105924234,254.1548877134945,245.03653049268283,False,normal,none,-1.1842421162481003,5.7564771210711,-9.118357220811674,260.06739261666945,62.003887094692296,-0.24241806164557878,245.03653049268283,,
LOT-022-C0004,LOT-022,Discrete_Transistor_X,85.0,4.8,nominal,223.83921602180368,234.03584253415042,261.7656550722729,279.49315297390126,True,gradual_degradation,low,10.19662651234674,27.729812538122502,17.72749790162834,260.06739261666945,62.003887094692296,0.3132990731301217,279.49315297390126,,
LOT-022-C0005,LOT-022,Discrete_Transistor_X,85.0,4.8,nominal,246.59213736864092,236.54565650764224,240.2129437190172,242.56608283819284,False,normal,none,-10.046480860998685,3.667287211374969,2.353139119175637,260.06739261666945,62.003887094692296,-0.2822614935697277,242.56608283819284,,
LOT-022-C0006,LOT-022,Discrete_Transistor_X,85.0,4.8,nominal,217.15219747655806,227.05057724734985,239.44183382716923,264.1976029118281,True,gradual_degradation,low,9.898379770791792,12.391256579819384,24.75576908465885,260.06739261666945,62.003887094692296,0.06661211883137229,264.1976029118281,,
LOT-022-C0007,LOT-022,Discrete_Transistor_X,85.0,4.8,nominal,232.94871325488432,228.91997447344167,227.98306497871891,232.8866141975875,False,normal,none,-4.028738781442655,-0.9369094947227552,4.903549218868591,260.06739261666945,62.003887094692296,-0.43837216814441776,232.8866141975875,,
LOT-022-C0008,LOT-022,Discrete_Transistor_X,85.0,4.8,nominal,241.45767831657454,238.52387831472493,241.6931177384812,232.6900686944814,False,normal,none,-2.933800001849619,3.1692394237562667,-9.003049043999795,260.06739261666945,62.003887094692296,-0.4415420581676988,232.6900686944814,,
LOT-022-C0009,LOT-022,Discrete_Transistor_X,85.0,4.8,nominal,221.44519482959896,224.4148909048464,227.49662777300588,231.0382855686426,False,normal,none,2.969696075247441,3.0817368681594814,3.5416577956367234,260.06739261666945,62.003887094692296,-0.46818205129129425,231.0382855686426,,
LOT-022-C0010,LOT-022,Discrete_Transistor_X,85.0,4.8,nominal,241.4544493627606,228.33821075920912,492.66752719479564,482.63413712309307,True,sudden_failure,critical,-13.116238603551494,264.3293164355865,-10.03339007170257,260.06739261666945,62.003887094692296,3.5895611539082997,482.63413712309307,,
LOT-022-C0011,LOT-022,Discrete_Transistor_X,85.0,4.8,nominal,242.67945553645933,242.56445247315102,243.20014602648723,239.08786429545674,False,normal,none,-0.11500306330830767,0.6356935533362105,-4.112281731030492,260.06739261666945,62.003887094692296,-0.3383582756541181,239.08786429545674,,
LOT-022-C0012,LOT-022,Discrete_Transistor_X,85.0,4.8,nominal,256.6279866265803,249.16439272392023,260.06404859671414,260.0815066876835,False,normal,none,-7.4635939026600795,10.899655872793915,0.01745809096934181,260.06739261666945,62.003887094692296,0.00022763203527030224,260.0815066876835,,
LOT-022-C0013,LOT-022,Discrete_Transistor_X,85.0,4.8,nominal,237.9499407047371,242.09215848218398,238.45722638879695,415.34158560171187,True,sudden_failure,critical,4.142217777446888,-3.6349320933870217,176.88435921291492,260.06739261666945,62.003887094692296,2.5042654623879916,415.34158560171187,,
LOT-022-C0014,LOT-022,Discrete_Transistor_X,85.0,4.8,nominal,240.61064021307982,236.09069576411355,233.6547839578559,233.23566953914852,False,normal,none,-4.519944448966271,-2.43591180625765,-0.4191144187073803,260.06739261666945,62.003887094692296,-0.4327425962269679,233.23566953914852,,
LOT-022-C0015,LOT-022,Discrete_Transistor_X,85.0,4.8,nominal,243.1469003023626,242.50071455299607,241.77845586900872,233.4647001375251,False,normal,none,-0.6461857493665377,-0.7222586839873486,-8.31375573148361,260.06739261666945,62.003887094692296,-0.4290487859013859,233.4647001375251,,
LOT-022-C0016,LOT-022,Discrete_Transistor_X,85.0,4.8,nominal,238.58975851984616,234.8917898532673,,235.5450474263231,False,normal,none,-3.697968666578845,,,260.06739261666945,62.003887094692296,-0.395496900910355,235.5450474263231,,
LOT-022-C0017,LOT-022,Discrete_Transistor_X,85.0,4.8,nominal,255.42224225555074,258.77821967963456,259.0689098080774,252.60379729395825,False,normal,none,3.355977424083818,0.29069012844286135,-6.46511251411917,260.06739261666945,62.003887094692296,-0.12037302292536599,252.60379729395825,,
LOT-022-C0018,LOT-022,Discrete_Transistor_X,85.0,4.8,nominal,248.14560502219393,259.1243970869045,242.36803100102355,254.17452547783662,False,normal,none,10.978792064710547,-16.756366085880927,11.806494476813072,260.06739261666945,62.003887094692296,-0.09504028561682341,254.17452547783662,,
LOT-022-C0019,LOT-022,Discrete_Transistor_X,85.0,4.8,nominal,226.1268130015353,235.13845831628223,221.95660584331154,242.42153214081003,False,normal,none,9.011645314746914,-13.18185247297069,20.464926297498494,260.06739261666945,62.003887094692296,-0.2845928102686639,242.42153214081003,,
LOT-022-C0020,LOT-022,Discrete_Transistor_X,85.0,4.8,nominal,228.26492924606728,234.36026994532665,253.0079079693467,284.36799559437657,True,gradual_degradation,low,6.095340699259367,18.64763802402004,31.360087625029877,260.06739261666945,62.003887094692296,0.3919206378238069,284.36799559437657,,
LOT-022-C0021,LOT-022,Discrete_Transistor_X,85.0,4.8,nominal,233.29479459716228,243.84525872286432,237.45521120689895,246.66405897987812,False,normal,none,10.550464125702035,-6.390047515965364,9.20884777297917,260.06739261666945,62.003887094692296,-0.21616924784605468,246.66405897987812,,
LOT-022-C0022,LOT-022,Discrete_Transistor_X,85.0,4.8,nominal,234.0590228097107,230.77096220272813,234.5622601468272,225.7908417242815,False,normal,none,-3.288060606982583,3.7912979440990853,-8.771418422545707,260.06739261666945,62.003887094692296,-0.5528129363896302,225.7908417242815,,
LOT-022-C0023,LOT-022,Discrete_Transistor_X,85.0,4.8,nominal,234.75190343761255,228.96633730026463,231.78326575629052,240.08075686729546,False,normal,none,-5.785566137347928,2.8169284560258916,8.297491111004945,260.06739261666945,62.003887094692296,-0.32234488329498456,240.08075686729546,,
LOT-022-C0024,LOT-022,Discrete_Transistor_X,85.0,4.8,nominal,246.04482501071362,250.67868808820876,249.17002573107996,245.8899098109479,False,normal,none,4.6338630774951355,-1.5086623571287987,-3.2801159201320615,260.06739261666945,62.003887094692296,-0.2286547419852841,245.8899098109479,,
LOT-022-C0025,LOT-022,Discrete_Transistor_X,85.0,4.8,nominal,226.21839360658404,238.42337557110284,238.3608244435653,242.77612605008397,False,normal,none,12.204981964518794,-0.06255112753754588,4.415301606518682,260.06739261666945,62.003887094692296,-0.2788739122142176,242.77612605008397,,
LOT-022-C0026,LOT-022,Discrete_Transistor_X,85.0,4.8,nominal,232.51720643684257,240.12677600811773,225.5790721141003,243.94970913411888,False,normal,none,7.609569571275159,-14.547703894017417,18.370637020018563,260.06739261666945,62.003887094692296,-0.2599463394599061,243.94970913411888,,
LOT-022-C0027,LOT-022,Discrete_Transistor_X,85.0,4.8,nominal,244.40498129017107,235.50207579343214,228.4133814933197,243.47207200697858,False,normal,none,-8.902905496738924,-7.088694300112451,15.058690513658888,260.06739261666945,62.003887094692296,-0.26764968112961224,243.47207200697858,,
LOT-022-C0028,LOT-022,Discrete_Transistor_X,85.0,4.8,nominal,234.3239463872322,246.87651400068265,289.5400494054446,363.6174920354703,True,accelerating_degradation,medium,12.552567613450435,42.66353540476197,74.0774426300257,260.06739261666945,62.003887094692296,1.6700581894270472,363.6174920354703,,
LOT-022-C0029,LOT-022,Discrete_Transistor_X,85.0,4.8,nominal,227.78349328455806,222.25316510085247,230.42970567271195,222.94989875022645,False,normal,none,-5.530328183705592,8.176540571859476,-7.479806922485494,260.06739261666945,62.003887094692296,-0.5986317246490883,222.94989875022645,,
LOT-022-C0030,LOT-022,Discrete_Transistor_X,85.0,4.8,nominal,230.1528888798126,242.8232716984737,254.1950072929328,294.62643514145356,True,gradual_degradation,low,12.670382818661096,11.371735594459096,40.43142784852077,260.06739261666945,62.003887094692296,0.5573689674004721,294.62643514145356,,
LOT-022-C0031,LOT-022,Discrete_Transistor_X,85.0,4.8,nominal,235.39234648545934,238.13326256779692,243.02243038318724,244.65762266856092,False,normal,none,2.740916082337577,4.889167815390323,1.6351922853736767,260.06739261666945,62.003887094692296,-0.24852909503197343,244.65762266856092,,
LOT-022-C0032,LOT-022,Discrete_Transistor_X,85.0,4.8,nominal,246.73542700648323,254.70725798861164,,258.964845688994,False,normal,none,7.9718309821284095,,,260.06739261666945,62.003887094692296,-0.017781900124933345,258.964845688994,,
LOT-022-C0033,LOT-022,Discrete_Transistor_X,85.0,4.8,nominal,235.73847745656883,232.1745980236367,227.9483523792705,245.0437274568184,False,normal,none,-3.56387943293214,-4.226245644366202,17.095375077547914,260.06739261666945,62.003887094692296,-0.2423019888560683,245.0437274568184,,
LOT-022-C0034,LOT-022,Discrete_Transistor_X,85.0,4.8,nominal,239.66190942565746,239.82927671041082,237.99484087934837,239.9782997292308,False,normal,none,0.16736728475336804,-1.83443583106245,1.9834588498824246,260.06739261666945,62.003887094692296,-0.3239973141806191,239.9782997292308,,
LOT-022-C0035,LOT-022,Discrete_Transistor_X,85.0,4.8,nominal,233.82845968483633,239.97464598907249,242.59632162362644,239.59760712623788,False,normal,none,6.146186304236153,2.6216756345539522,-2.998714497388562,260.06739261666945,62.003887094692296,-0.33013713251832316,239.59760712623788,,
LOT-022-C0036,LOT-022,Discrete_Transistor_X,85.0,4.8,nominal,,232.9858450730876,,242.08340427283017,False,normal,none,,,,260.06739261666945,62.003887094692296,-0.29004614366151193,242.08340427283017,,
LOT-022-C0037,LOT-022,Discrete_Transistor_X,85.0,4.8,nominal,256.9741025887685,261.3678185337217,261.8051654972298,258.24328245284147,False,normal,none,4.393715944953158,0.4373469635081051,-3.56188304438831,260.06739261666945,62.003887094692296,-0.02941928723020545,258.24328245284147,,
LOT-022-C0038,LOT-022,Discrete_Transistor_X,85.0,4.8,nominal,236.61787060718356,235.9030163051186,236.70952398585385,241.00989113336988,False,normal,none,-0.714854302064964,0.8065076807352511,4.300367147516027,260.06739261666945,62.003887094692296,-0.3073597862371914,241.00989113336988,,
LOT-022-C0039,LOT-022,Discrete_Transistor_X,85.0,4.8,nominal,240.02037345868771,241.23591875914573,242.6161592103473,227.54243319454886,False,normal,none,1.2155453004580181,1.3802404512015585,-15.073726015798428,260.06739261666945,62.003887094692296,-0.5245632321800807,227.54243319454886,,
LOT-022-C0040,LOT-022,Discrete_Transistor_X,85.0,4.8,nominal,234.33947618716394,233.59775280596486,247.8805486520795,234.54666476301904,False,normal,none,-0.7417233811990798,14.282795846114652,-13.333883889060473,260.06739261666945,62.003887094692296,-0.41159883758054033,234.54666476301904,,
LOT-022-C0041,LOT-022,Discrete_Transistor_X,85.0,4.8,nominal,248.8665439761292,251.52948858277148,252.07257598156664,251.35453322968743,False,normal,none,2.66294460664227,0.5430873987951657,-0.7180427518792101,260.06739261666945,62.003887094692296,-0.1405211801265902,251.35453322968743,,
LOT-022-C0042,LOT-022,Discrete_Transistor_X,85.0,4.8,nominal,243.91270514983663,243.2066321647339,246.70774544785945,241.48431419256684,False,normal,none,-0.7060729851027361,3.5011132831255622,-5.22343125529261,260.06739261666945,62.003887094692296,-0.2997082811231261,241.48431419256684,,
LOT-022-C0043,LOT-022,Discrete_Transistor_X,85.0,4.8,nominal,245.67636212210203,248.22491757349485,240.3710368567832,248.70596262132597,False,normal,none,2.548555451392815,-7.853880716711643,8.33492576454276,260.06739261666945,62.003887094692296,-0.1832373828110537,248.70596262132597,,
LOT-022-C0044,LOT-022,Discrete_Transistor_X,85.0,4.8,nominal,239.78601906263756,246.08539877124448,279.55835604890797,369.9399528783874,True,accelerating_degradation,medium,6.299379708606921,33.47295727766348,90.3815968294794,260.06739261666945,62.003887094692296,1.7720269713723047,369.9399528783874,,
LOT-022-C0045,LOT-022,Discrete_Transistor_X,85.0,4.8,nominal,241.71918041647783,546.7308620182521,510.9340897782717,567.2924672308053,True,sudden_failure,critical,305.0116816017743,-35.796772239980385,56.3583774525336,260.06739261666945,62.003887094692296,4.954932489070273,567.2924672308053,,
LOT-022-C0046,LOT-022,Discrete_Transistor_X,85.0,4.8,nominal,290.9126865242811,299.9402989027347,292.52764152756447,290.01835625317693,True,lot_relative_anomaly,medium,9.027612378453568,-7.412657375170227,-2.509285274387537,260.06739261666945,62.003887094692296,0.4830497738112191,290.01835625317693,,
LOT-022-C0047,LOT-022,Discrete_Transistor_X,85.0,4.8,nominal,233.01746756895145,236.542884714813,218.32566441243299,230.67573504167484,False,normal,none,3.525417145861553,-18.217220302380014,12.350070629241856,260.06739261666945,62.003887094692296,-0.47402927384387517,230.67573504167484,,
LOT-022-C0048,LOT-022,Discrete_Transistor_X,85.0,4.8,nominal,246.8821070436483,240.6462670066003,256.2928971124844,249.0889832578943,False,normal,none,-6.2358400370479785,15.6466301058841,-7.203913854590098,260.06739261666945,62.003887094692296,-0.17706001789869913,249.0889832578943,,
LOT-022-C0049,LOT-022,Discrete_Transistor_X,85.0,4.8,nominal,228.53493889054366,233.73451199529495,225.59644311941076,231.14453769052878,False,normal,none,5.199573104751295,-8.138068875884187,5.548094571118014,260.06739261666945,62.003887094692296,-0.4664684148264722,231.14453769052878,,
LOT-022-C0050,LOT-022,Discrete_Transistor_X,85.0,4.8,nominal,232.5356833247879,238.7985167156652,223.34756072210502,229.9410749231151,False,normal,none,6.26283339087729,-15.450955993560171,6.593514201010095,260.06739261666945,62.003887094692296,-0.4858778877450933,229.9410749231151,,
LOT-022-C0051,LOT-022,Discrete_Transistor_X,85.0,4.8,nominal,225.4683845209915,226.53762957823542,226.7208143153566,222.1376881813095,False,normal,none,1.0692450572439327,0.18318473712116656,-4.583126134047092,260.06739261666945,62.003887094692296,-0.6117310738508012,222.1376881813095,,
LOT-022-C0052,LOT-022,Discrete_Transistor_X,85.0,4.8,nominal,234.2592304194292,242.92639244384193,242.77874749290098,236.81167277399297,False,normal,none,8.667162024412733,-0.14764495094095764,-5.967074718908009,260.06739261666945,62.003887094692296,-0.3750687405639644,236.81167277399297,,
LOT-022-C0053,LOT-022,Discrete_Transistor_X,85.0,4.8,nominal,238.69405980170544,238.6691559027673,229.17279325083624,234.49749859082462,False,normal,none,-0.024903898938134716,-9.496362651931065,5.324705339988384,260.06739261666945,62.003887094692296,-0.4123917906436173,234.49749859082462,,
LOT-022-C0054,LOT-022,Discrete_Transistor_X,85.0,4.8,nominal,256.0265854015164,244.07664064310347,248.41851395404314,249.64872648495938,False,normal,none,-11.949944758412926,4.341873310939661,1.2302125309162477,260.06739261666945,62.003887094692296,-0.1680324673161005,249.64872648495938,,
LOT-022-C0055,LOT-022,Discrete_Transistor_X,85.0,4.8,nominal,160.49235313988643,169.1696672476134,166.1830352376157,162.39995849471177,True,lot_relative_anomaly,medium,8.677314107726971,-2.9866320099976917,-3.783076742903944,260.06739261666945,62.003887094692296,-1.5751824393331992,162.39995849471177,,
LOT-022-C0056,LOT-022,Discrete_Transistor_X,85.0,4.8,nominal,232.8175749863058,227.0895266918867,235.1334873628174,229.24124764841255,False,normal,none,-5.7280482944190965,8.043960670930687,-5.8922397144048375,260.06739261666945,62.003887094692296,-0.49716471680524205,229.24124764841255,,
LOT-022-C0057,LOT-022,Discrete_Transistor_X,85.0,4.8,nominal,237.33247356432327,232.9134807278755,268.95996358850124,288.8847523936268,True,gradual_degradation,low,-4.418992836447757,36.04648286062573,19.92478880512556,260.06739261666945,62.003887094692296,0.4647669868333818,288.8847523936268,,
LOT-022-C0058,LOT-022,Discrete_Transistor_X,85.0,4.8,nominal,247.87845900249621,258.4825245905541,249.89746432059235,252.22254365749512,False,normal,none,10.604065588057864,-8.58506026996173,2.3250793369027747,260.06739261666945,62.003887094692296,-0.12652188962272123,252.22254365749512,,
LOT-022-C0059,LOT-022,Discrete_Transistor_X,85.0,4.8,nominal,,230.66659715967438,244.4997165846412,234.3856165801336,False,normal,none,,13.83311942496681,-10.114100004507605,260.06739261666945,62.003887094692296,-0.41419622607393425,234.3856165801336,,
LOT-023-C0000,LOT-023,Discrete_Transistor_X,150.0,5.07,nominal,278.87586733930925,278.4721091701429,272.67758742964696,278.9888524829932,False,normal,none,-0.40375816916633767,-5.794521740495952,6.311265053346233,357.7468839661974,206.0528471661338,-0.3822224859611094,278.9888524829932,,
LOT-023-C0001,LOT-023,Discrete_Transistor_X,150.0,5.07,nominal,280.7106364338532,271.7788432645993,284.030248131908,271.4078367733486,False,normal,none,-8.931793169253922,12.251404867308736,-12.622411358559418,357.7468839661974,206.0528471661338,-0.4190140945892215,271.4078367733486,,
LOT-023-C0002,LOT-023,Discrete_Transistor_X,150.0,5.07,nominal,397.8828165953292,432.1322696611931,413.8157610922733,419.7549171997016,True,lot_relative_anomaly,medium,34.24945306586392,-18.3165085689198,5.939156107428289,357.7468839661974,206.0528471661338,0.3009326689065796,419.7549171997016,,
LOT-023-C0003,LOT-023,Discrete_Transistor_X,150.0,5.07,nominal,281.2153390492771,291.3659664072163,289.32173049830175,285.80098891371836,False,normal,none,10.150627357939243,-2.0442359089145725,-3.5207415845833907,357.7468839661974,206.0528471661338,-0.34916234374801614,285.80098891371836,,
LOT-023-C0004,LOT-023,Discrete_Transistor_X,150.0,5.07,nominal,283.98601071612376,284.81930312918746,294.5355359602572,284.1016524514882,False,normal,none,0.8332924130637025,9.71623283106976,-10.433883508769043,357.7468839661974,206.0528471661338,-0.35740943416972754,284.1016524514882,,
LOT-023-C0005,LOT-023,Discrete_Transistor_X,150.0,5.07,nominal,303.8860606182146,298.3746247972666,294.429268959897,283.5234987587631,False,normal,none,-5.511435820947952,-3.9453558373696183,-10.905770201133919,357.7468839661974,206.0528471661338,-0.360215285681495,283.5234987587631,,
LOT-023-C0006,LOT-023,Discrete_Transistor_X,150.0,5.07,nominal,293.2249439160653,365.9177836253889,590.2946400891908,785.2703063944213,True,gradual_degradation,low,72.69283970932361,224.37685646380191,194.97566630523045,357.7468839661974,206.0528471661338,2.0748241449123266,785.2703063944213,,
LOT-023-C0007,LOT-023,Discrete_Transistor_X,150.0,5.07,nominal,273.7059145682053,274.2453616284938,276.21339542979325,280.0213889190511,False,normal,none,0.5394470602885235,1.9680338012994412,3.8079934892578535,357.7468839661974,206.0528471661338,-0.37721145869185063,280.0213889190511,,
LOT-023-C0008,LOT-023,Discrete_Transistor_X,150.0,5.07,nominal,268.0796979540193,264.82251885529416,422.1491810331422,814.9922007717223,True,accelerating_degradation,medium,-3.257179098725146,157.32666217784805,392.8430197385801,357.7468839661974,206.0528471661338,2.2190681812654725,814.9922007717223,,
LOT-023-C0009,LOT-023,Discrete_Transistor_X,150.0,5.07,nominal,296.7834159201106,312.87485954190555,298.63357157355165,302.29684184209407,False,normal,none,16.09144362179495,-14.241287968353902,3.663270268542419,357.7468839661974,206.0528471661338,-0.26910592542987644,302.29684184209407,,
LOT-023-C0010,LOT-023,Discrete_Transistor_X,150.0,5.07,nominal,290.1652635855602,283.14854765129377,279.20568738628367,294.0214153291248,False,normal,none,-7.016715934266415,-3.942860265010097,14.815727942841136,357.7468839661974,206.0528471661338,-0.3092675957333062,294.0214153291248,,
LOT-023-C0011,LOT-023,Discrete_Transistor_X,150.0,5.07,nominal,304.0907010089859,307.2195456095627,298.151668426622,305.14287437361287,False,normal,none,3.1288446005768265,-9.06787718294072,6.991205946990874,357.7468839661974,206.0528471661338,-0.25529377689293276,305.14287437361287,,
LOT-023-C0012,LOT-023,Discrete_Transistor_X,150.0,5.07,nominal,262.9322106810146,269.5757127148037,281.0480245418554,270.8439518446453,False,normal,none,6.643502033789048,11.472311827051726,-10.204072697210108,357.7468839661974,206.0528471661338,-0.4217506980211007,270.8439518446453,,
LOT-023-C0013,LOT-023,Discrete_Transistor_X,150.0,5.07,nominal,281.89450500960095,291.34282740973697,284.31967889878104,294.20436143708406,False,normal,none,9.448322400136021,-7.023148510955934,9.884682538303025,357.7468839661974,206.0528471661338,-0.3083797356019111,294.20436143708406,,
LOT-023-C0014,LOT-023,Discrete_Transistor_X,150.0,5.07,nominal,291.02946573019045,277.66918679306895,279.5906681768129,276.9347940155612,False,normal,none,-13.360278937121507,1.9214813837439806,-2.655874161251745,357.7468839661974,206.0528471661338,-0.3921910862288645,276.9347940155612,,
LOT-023-C0015,LOT-023,Discrete_Transistor_X,150.0,5.07,nominal,295.90344340281786,299.64191735431353,302.86803528590104,300.1490859640903,False,normal,none,3.7384739514956777,3.2261179315875097,-2.718949321810726,357.7468839661974,206.0528471661338,-0.2795292508414981,300.1490859640903,,
LOT-023-C0016,LOT-023,Discrete_Transistor_X,150.0,5.07,nominal,288.6094603068447,282.91626757545504,282.84549736161375,290.9145506085081,False,normal,none,-5.693192731389672,-0.07077021384128557,8.069053246894327,357.7468839661974,206.0528471661338,-0.32434559520453776,290.9145506085081,,
LOT-023-C0017,LOT-023,Discrete_Transistor_X,150.0,5.07,nominal,286.24173518125406,308.38968012645336,484.8209328608646,839.1715389489301,True,accelerating_degradation,medium,22.1479449451993,176.43125273441126,354.3506060880655,357.7468839661974,206.0528471661338,2.336413505582747,839.1715389489301,,
LOT-023-C0018,LOT-023,Discrete_Transistor_X,150.0,5.07,nominal,273.4105345946275,258.3177711114303,271.1086044880498,265.58220765493286,False,normal,none,-15.092763483197189,12.790833376619503,-5.526396833116962,357.7468839661974,206.0528471661338,-0.44728659457423137,265.58220765493286,,
LOT-023-C0019,LOT-023,Discrete_Transistor_X,150.0,5.07,nominal,277.0492462923531,283.99964537880425,286.5955285784137,278.8421013384463,False,normal,none,6.950399086451171,2.595883199609432,-7.75342723996738,357.7468839661974,206.0528471661338,-0.38293468745002446,278.8421013384463,,
LOT-023-C0020,LOT-023,Discrete_Transistor_X,150.0,5.07,nominal,276.9640524440835,270.9356414444986,265.5785265792796,258.41227890346323,False,normal,none,-6.028410999584935,-5.357114865218989,-7.166247675816351,357.7468839661974,206.0528471661338,-0.48208314725514984,258.41227890346323,,
LOT-023-C0021,LOT-023,Discrete_Transistor_X,150.0,5.07,nominal,297.80295653918574,293.5047360346753,290.86531317365205,294.31824550300996,False,normal,none,-4.298220504510425,-2.639422861023263,3.452932329357907,357.7468839661974,206.0528471661338,-0.30782704211821427,294.31824550300996,,
LOT-023-C0022,LOT-023,Discrete_Transistor_X,150.0,5.07,nominal,281.1213656132236,288.93727348339377,290.49554451237987,279.77997141090617,False,normal,none,7.815907870170179,1.5582710289860984,-10.715573101473694,357.7468839661974,206.0528471661338,-0.3783830877737351,279.77997141090617,,
LOT-023-C0023,LOT-023,Discrete_Transistor_X,150.0,5.07,nominal,292.17429556467243,293.21100734219414,284.14308621099946,293.9132966975403,False,normal,none,1.0367117775217025,-9.06792113119468,9.770210486540861,357.7468839661974,206.0528471661338,-0.30979230884972975,293.9132966975403,,
LOT-023-C0024,LOT-023,Discrete_Transistor_X,150.0,5.07,nominal,276.8481363049422,590.4568265124257,636.8344765999165,614.452345374356,True,sudden_failure,critical,313.60869020748345,46.37765008749079,-22.382131225560443,357.7468839661974,206.0528471661338,1.2458234134526918,614.452345374356,,
LOT-023-C0025,LOT-023,Discrete_Transistor_X,150.0,5.07,nominal,249.71970635183382,260.583848519744,269.9522824130006,273.4986472658563,False,normal,none,10.86414216791016,9.368433893256622,3.5463648528556746,357.7468839661974,206.0528471661338,-0.408867132189707,273.4986472658563,,
LOT-023-C0026,LOT-023,Discrete_Transistor_X,150.0,5.07,nominal,275.47737258947313,276.7727357737848,282.011256341681,277.0410857398497,False,normal,none,1.2953631843116682,5.238520567896217,-4.970170601831342,357.7468839661974,206.0528471661338,-0.39167523931992665,277.0410857398497,,
LOT-023-C0027,LOT-023,Discrete_Transistor_X,150.0,5.07,nominal,269.9613827710229,272.70529007016324,287.7917868047352,286.7366903112554,False,normal,none,2.7439072991403464,15.086496734571938,-1.0550964934797662,357.7468839661974,206.0528471661338,-0.344621268919855,286.7366903112554,,
LOT-023-C0028,LOT-023,Discrete_Transistor_X,150.0,5.07,nominal,289.8275191380555,286.7855686486431,279.6674250066956,282.27377130516817,False,normal,none,-3.041950489412386,-7.1181436419474835,2.6063462984725447,357.7468839661974,206.0528471661338,-0.36628036787173185,282.27377130516817,,
LOT-023-C0029,LOT-023,Discrete_Transistor_X,150.0,5.07,nominal,284.9387197460428,288.29715196336826,272.1930606725679,278.16994553996045,False,normal,none,3.3584322173254577,-16.10409129080034,5.976884867392528,357.7468839661974,206.0528471661338,-0.3861967428291666,278.16994553996045,,
LOT-023-C0030,LOT-023,Discrete_Transistor_X,150.0,5.07,nominal,280.84456143236474,287.52290450330526,293.92405584630626,293.8592855962206,False,normal,none,6.678343070940514,6.401151343001004,-0.06477025008564397,357.7468839661974,206.0528471661338,-0.31005443141713185,293.8592855962206,,
LOT-023-C0031,LOT-023,Discrete_Transistor_X,150.0,5.07,nominal,291.4984597237987,295.5554864500018,285.9917107225422,301.28827872125754,False,normal,none,4.057026726203105,-9.563775727459586,15.296567998715318,357.7468839661974,206.0528471661338,-0.2740006072297516,301.28827872125754,,
LOT-023-C0032,LOT-023,Discrete_Transistor_X,150.0,5.07,nominal,286.520477376286,301.1818057808147,538.9691658769297,1122.529395338307,True,accelerating_degradation,medium,14.661328404528717,237.78736009611492,583.5602294613774,357.7468839661974,206.0528471661338,3.71158429446738,1122.529395338307,,
LOT-023-C0033,LOT-023,Discrete_Transistor_X,150.0,5.07,nominal,290.832109601355,287.7040907304437,290.4472681216668,285.77074554914543,False,normal,none,-3.128018870911319,2.743177391223128,-4.676522572521378,357.7468839661974,206.0528471661338,-0.3493091185438458,285.77074554914543,,
LOT-023-C0034,LOT-023,Discrete_Transistor_X,150.0,5.07,nominal,256.68604173166926,280.8325086712464,268.53752445758045,,False,normal,none,24.146466939577124,-12.294984213665941,,357.7468839661974,206.0528471661338,,,,
LOT-023-C0035,LOT-023,Discrete_Transistor_X,150.0,5.07,nominal,279.3074048131303,280.9124238206467,291.1139803504087,273.6277640859696,False,normal,none,1.6050190075164323,10.201556529762001,-17.486216264439122,357.7468839661974,206.0528471661338,-0.4082405122623967,273.6277640859696,,
LOT-023-C0036,LOT-023,Discrete_Transistor_X,150.0,5.07,nominal,291.19495993526465,302.0776264138743,301.6240214802003,301.6769799538183,False,normal,none,10.882666478609679,-0.4536049336740007,0.05295847361799133,357.7468839661974,206.0528471661338,-0.27211419198285436,301.6769799538183,,
LOT-023-C0037,LOT-023,Discrete_Transistor_X,150.0,5.07,nominal,375.8122199010211,381.3597265203369,367.467656641933,366.8394190507562,True,lot_relative_anomaly,medium,5.547506619315811,-13.892069878403902,-0.6282375911767986,357.7468839661974,206.0528471661338,0.044127199452030724,366.8394190507562,,
LOT-023-C0038,LOT-023,Discrete_Transistor_X,150.0,5.07,nominal,278.3206126322715,290.7399158503159,272.653524522555,283.07358890569003,False,normal,none,12.419303218044433,-18.086391327760907,10.420064383135013,357.7468839661974,206.0528471661338,-0.3623987539483048,283.07358890569003,,
LOT-023-C0039,LOT-023,Discrete_Transistor_X,150.0,5.07,nominal,278.5675174677029,277.2564847022901,285.87285380769674,272.91084179987143,False,normal,none,-1.31103276541279,8.616369105406648,-12.962012007825308,357.7468839661974,206.0528471661338,-0.41171982495308784,272.91084179987143,,
LOT-023-C0040,LOT-023,Discrete_Transistor_X,150.0,5.07,nominal,280.3697385293102,285.35356753246657,275.6675625021709,274.05550822364575,False,normal,none,4.983829003156359,-9.68600503029569,-1.612054278525136,357.7468839661974,206.0528471661338,-0.40616461695903666,274.05550822364575,,
LOT-023-C0041,LOT-023,Discrete_Transistor_X,150.0,5.07,nominal,278.9046030699761,277.8949396554385,278.5589342725425,290.4945021983136,False,normal,none,-1.009663414537556,0.663994617103981,11.935567925771124,357.7468839661974,206.0528471661338,-0.32638414218882567,290.4945021983136,,
LOT-023-C0042,LOT-023,Discrete_Transistor_X,150.0,5.07,nominal,307.17657421170765,297.67233652904423,299.9593874636048,302.35274464763677,False,normal,none,-9.504237682663415,2.2870509345605683,2.39335718403197,357.7468839661974,206.0528471661338,-0.26883462218747267,302.35274464763677,,
LOT-023-C0043,LOT-023,Discrete_Transistor_X,150.0,5.07,nominal,,578.8372518497869,576.9448711600309,567.3986727451577,True,sudden_failure,critical,,-1.8923806897560098,-9.546198414873174,357.7468839661974,206.0528471661338,1.0174661096040316,567.3986727451577,,
LOT-023-C0044,LOT-023,Discrete_Transistor_X,150.0,5.07,nominal,310.4263938676952,307.8844947780709,317.4555022784947,306.40536165597706,False,normal,none,-2.5418990896242804,9.571007500423775,-11.050140622517631,357.7468839661974,206.0528471661338,-0.2491667696725652,306.40536165597706,,
LOT-023-C0045,LOT-023,Discrete_Transistor_X,150.0,5.07,nominal,261.0140908357912,262.447744583717,260.75378777658125,260.90069225628105,False,normal,none,1.4336537479258027,-1.6939568071357485,0.14690447969979914,357.7468839661974,206.0528471661338,-0.47000656890623976,260.90069225628105,,
LOT-023-C0046,LOT-023,Discrete_Transistor_X,150.0,5.07,nominal,289.84044333666407,289.90258014043,288.0895167339671,288.01538979349573,False,normal,none,0.06213680376595221,-1.813063406462902,-0.07412694047138757,357.7468839661974,206.0528471661338,-0.3384155818845804,288.01538979349573,,
LOT-023-C0047,LOT-023,Discrete_Transistor_X,150.0,5.07,nominal,284.4662844194754,296.29100624946153,293.6248875236091,299.4131092896681,False,normal,none,11.824721829986117,-2.6661187258524137,5.788221766058996,357.7468839661974,206.0528471661338,-0.28310103683981924,299.4131092896681,,
LOT-023-C0048,LOT-023,Discrete_Transistor_X,150.0,5.07,nominal,270.33537641718976,257.96450243542847,262.0357931415575,258.50117159626325,False,normal,none,-12.370873981761292,4.071290706129048,-3.5346215452942715,357.7468839661974,206.0528471661338,-0.48165174000199823,258.50117159626325,,
LOT-023-C0049,LOT-023,Discrete_Transistor_X,150.0,5.07,nominal,276.2799762782547,268.96575598492285,281.6686637900827,279.3484551278314,False,normal,none,-7.314220293331857,12.702907805159839,-2.320208662251275,357.7468839661974,206.0528471661338,-0.3804772897661339,279.3484551278314,,
LOT-023-C0050,LOT-023,Discrete_Transistor_X,150.0,5.07,nominal,285.79245645860874,280.7745544471411,275.96787152596494,282.59459993027303,False,normal,none,-5.0179020114676405,-4.8066829211761615,6.626728404308096,357.7468839661974,206.0528471661338,-0.36472334679914176,282.59459993027303,,
LOT-023-C0051,LOT-023,Discrete_Transistor_X,150.0,5.07,nominal,307.40413648961606,299.39857815141767,308.36280689949825,299.04190511729956,False,normal,none,-8.005558338198398,8.964228748080586,-9.320901782198689,357.7468839661974,206.0528471661338,-0.2849025366854839,299.04190511729956,,
LOT-023-C0052,LOT-023,Discrete_Transistor_X,150.0,5.07,nominal,286.01276516665973,318.100524397425,635.9602735549608,1291.9480830187183,True,accelerating_degradation,medium,32.08775923076524,317.8597491575359,655.9878094637575,357.7468839661974,206.0528471661338,4.533794179020998,1291.9480830187183,,
LOT-023-C0053,LOT-023,Discrete_Transistor_X,150.0,5.07,nominal,294.9011740059935,293.17462668677706,287.85815547305685,285.3550568998313,False,normal,none,-1.7265473192164222,-5.316471213720206,-2.503098573225543,357.7468839661974,206.0528471661338,-0.3513265070683487,285.3550568998313,,
LOT-023-C0054,LOT-023,Discrete_Transistor_X,150.0,5.07,nominal,296.85529560689656,287.3600171024458,284.60205238408446,285.20900604722556,False,normal,none,-9.495278504450766,-2.757964718361336,0.6069536631410983,357.7468839661974,206.0528471661338,-0.35203530995369786,285.20900604722556,,
LOT-023-C0055,LOT-023,Discrete_Transistor_X,150.0,5.07,nominal,286.653138716911,275.11194100520106,277.9215009535812,279.668317845879,False,normal,none,-11.541197711709913,2.8095599483801266,1.7468168922978293,357.7468839661974,206.0528471661338,-0.3789249563601814,279.668317845879,,
LOT-023-C0056,LOT-023,Discrete_Transistor_X,150.0,5.07,nominal,305.3393603700916,295.24674824649355,295.1317613235576,304.0677556370446,False,normal,none,-10.09261212359803,-0.11498692293594104,8.935994313487015,357.7468839661974,206.0528471661338,-0.26051146134308456,304.0677556370446,,
LOT-023-C0057,LOT-023,Discrete_Transistor_X,150.0,5.07,nominal,310.2653240769768,309.7558964742748,300.58394464789905,311.3177607457121,False,normal,none,-0.5094276027020328,-9.171951826375732,10.733816097813076,357.7468839661974,206.0528471661338,-0.22532628817815348,311.3177607457121,,
LOT-023-C0058,LOT-023,Discrete_Transistor_X,150.0,5.07,nominal,296.4495576567209,282.4133338790223,306.88621313980354,295.93752065640035,False,normal,none,-14.036223777698638,24.47287926078127,-10.948692483403192,357.7468839661974,206.0528471661338,-0.299968499148969,295.93752065640035,,
LOT-023-C0059,LOT-023,Discrete_Transistor_X,150.0,5.07,nominal,288.35296031963173,279.529664996219,278.4630506311971,282.9025974983538,False,normal,none,-8.823295323412708,-1.0666143650219055,4.439546867156707,357.7468839661974,206.0528471661338,-0.36322859643622896,282.9025974983538,,
LOT-024-C0000,LOT-024,Discrete_Transistor_X,150.0,5.04,elevated,276.84373660616086,274.52319028092126,269.7011072279532,277.6399141078578,False,normal,none,-2.3205463252396044,-4.8220830529680825,7.938806879904632,331.3062039774438,158.41581380878623,-0.33876851419873505,277.6399141078578,,
LOT-024-C0001,LOT-024,Discrete_Transistor_X,150.0,5.04,elevated,254.82690118851698,268.0325521120264,254.20492493893153,253.60184894828328,False,normal,none,13.20565092350941,-13.827627173094868,-0.6030759906482501,331.3062039774438,158.41581380878623,-0.4905088271234874,253.60184894828328,,
LOT-024-C0002,LOT-024,Discrete_Transistor_X,150.0,5.04,elevated,321.285420781458,331.08821758333454,311.6728049968605,317.8528691485035,True,lot_relative_anomaly,medium,9.802796801876525,-19.41541258647402,6.180064151642966,331.3062039774438,158.41581380878623,-0.08492419099761694,317.8528691485035,,
LOT-024-C0003,LOT-024,Discrete_Transistor_X,150.0,5.04,elevated,248.51415145526164,239.76773355220172,249.4811816493968,248.4661772692747,False,normal,none,-8.746417903059921,9.713448097195084,-1.0150043801220932,331.3062039774438,158.41581380878623,-0.5229277602813066,248.4661772692747,,
LOT-024-C0004,LOT-024,Discrete_Transistor_X,150.0,5.04,elevated,281.9527263704427,294.4024225132512,161.05184048825282,293.64992748121597,True,intermittent_anomaly,medium,12.449696142808534,-133.3505820249984,132.59808699296315,331.3062039774438,158.41581380878623,-0.2377052870597902,293.64992748121597,,
LOT-024-C0005,LOT-024,Discrete_Transistor_X,150.0,5.04,elevated,263.9007526536944,335.5851492226877,535.843927419348,744.2696673423821,True,gradual_degradation,low,71.6843965689933,200.25877819666033,208.42573992303414,331.3062039774438,158.41581380878623,2.606832319552394,744.2696673423821,,
LOT-024-C0006,LOT-024,Discrete_Transistor_X,150.0,5.04,elevated,254.78325116976805,247.49022538973588,243.92428881667658,262.49516555387214,False,normal,none,-7.293025780032167,-3.565936573059304,18.57087673719556,331.3062039774438,158.41581380878623,-0.43436975620773005,262.49516555387214,,
LOT-024-C0007,LOT-024,Discrete_Transistor_X,150.0,5.04,elevated,383.1456762279544,385.65799282705376,386.32140456806786,374.7833612971122,True,lot_relative_anomaly,medium,2.5123165990993357,0.6634117410141016,-11.538043270955654,331.3062039774438,158.41581380878623,0.27444960370021504,374.7833612971122,,
LOT-024-C0008,LOT-024,Discrete_Transistor_X,150.0,5.04,elevated,261.7352665237091,248.96805950697293,252.5678595094613,241.1369900939095,False,normal,none,-12.767207016736137,3.599800002488365,-11.430869415551797,331.3062039774438,158.41581380878623,-0.5691932624376242,241.1369900939095,,
LOT-024-C0009,LOT-024,Discrete_Transistor_X,150.0,5.04,elevated,279.97492138639996,264.1550203094248,271.11971202830944,275.37810988505123,False,normal,none,-15.819901076975157,6.964691718884637,4.258397856741794,331.3062039774438,158.41581380878623,-0.35304615585852955,275.37810988505123,,
LOT-024-C0010,LOT-024,Discrete_Transistor_X,150.0,5.04,elevated,271.8118419637674,279.2414448206658,288.81791253418993,280.4090476674846,False,normal,none,7.429602856898384,9.576467713524153,-8.408864866705358,331.3062039774438,158.41581380878623,-0.3212883555387593,280.4090476674846,,
LOT-024-C0011,LOT-024,Discrete_Transistor_X,150.0,5.04,elevated,259.5045287712899,256.2322724678651,265.2886789445209,264.36176133994843,False,normal,none,-3.2722563034248537,9.056406476655809,-0.9269176045724521,331.3062039774438,158.41581380878623,-0.42258686824220576,264.36176133994843,,
LOT-024-C0012,LOT-024,Discrete_Transistor_X,150.0,5.04,elevated,260.12476624291116,258.3366803746294,264.45702227079437,265.6203954136695,False,normal,none,-1.7880858682817689,6.120341896164973,1.1633731428751162,331.3062039774438,158.41581380878623,-0.41464173925880593,265.6203954136695,,
LOT-024-C0013,LOT-024,Discrete_Transistor_X,150.0,5.04,elevated,261.10807399770067,269.98932764009413,259.63442116405247,256.23387756326247,False,normal,none,8.88125364239346,-10.354906476041663,-3.4005436007900016,331.3062039774438,158.41581380878623,-0.473894143578345,256.23387756326247,,
LOT-024-C0014,LOT-024,Discrete_Transistor_X,150.0,5.04,elevated,259.44372799871866,266.18357416767384,262.16400785742536,265.8266355084229,False,normal,none,6.739846168955182,-4.019566310248479,3.6626276509975355,331.3062039774438,158.41581380878623,-0.41333984843241184,265.8266355084229,,
LOT-024-C0015,LOT-024,Discrete_Transistor_X,150.0,5.04,elevated,259.87313241616755,297.3298404198436,459.1110190237029,614.0060734309758,True,gradual_degradation,low,37.456708003676056,161.7811786038593,154.89505440727288,331.3062039774438,158.41581380878623,1.784543238813022,614.0060734309758,,
LOT-024-C0016,LOT-024,Discrete_Transistor_X,150.0,5.04,elevated,397.6525083313432,395.50297748185005,399.8956870719814,383.4568650045801,True,lot_relative_anomaly,medium,-2.1495308494931464,4.392709590131346,-16.438822067401304,331.3062039774438,158.41581380878623,0.32920110545329845,383.4568650045801,,
LOT-024-C0017,LOT-024,Discrete_Transistor_X,150.0,5.04,elevated,350.35231496352526,366.8437890889515,364.136427060907,358.5718891051763,True,lot_relative_anomaly,medium,16.491474125426237,-2.7073620280444857,-5.564537955730714,331.3062039774438,158.41581380878623,0.1721146675460268,358.5718891051763,,
LOT-024-C0018,LOT-024,Discrete_Transistor_X,150.0,5.04,elevated,255.1491455639819,259.019084705168,255.19215556971042,265.3132028869061,False,normal,none,3.86993914118608,-3.8269291354575614,10.12104731719566,331.3062039774438,158.41581380878623,-0.4165808924239956,265.3132028869061,,
LOT-024-C0019,LOT-024,Discrete_Transistor_X,150.0,5.04,elevated,246.75803038701775,244.00846692389308,250.64788586881923,245.36043851497328,False,normal,none,-2.749563463124673,6.639418944926149,-5.287447353845948,331.3062039774438,158.41581380878623,-0.5425327396052153,245.36043851497328,,
LOT-024-C0020,LOT-024,Discrete_Transistor_X,150.0,5.04,elevated,252.22908419604363,250.66970434735305,263.5512230904279,265.0843840958171,False,normal,none,-1.5593798486905825,12.881518743074878,1.533161005389161,331.3062039774438,158.41581380878623,-0.4180253112959978,265.0843840958171,,
LOT-024-C0021,LOT-024,Discrete_Transistor_X,150.0,5.04,elevated,250.11882858412716,258.4659635913323,252.85866310932016,252.65861047835185,False,normal,none,8.34713500720514,-5.6073004820121355,-0.20005263096831527,331.3062039774438,158.41581380878623,-0.4964630210088905,252.65861047835185,,
LOT-024-C0022,LOT-024,Discrete_Transistor_X,150.0,5.04,elevated,265.47712317051275,269.10197435288455,262.53352056202317,269.0784640317289,False,normal,none,3.624851182371799,-6.568453790861383,6.544943469705743,331.3062039774438,158.41581380878623,-0.3928126772799719,269.0784640317289,,
LOT-024-C0023,LOT-024,Discrete_Transistor_X,150.0,5.04,elevated,257.4450387894286,258.2861755703621,264.2688972295404,259.75500124608817,False,normal,none,0.841136780933482,5.98272165917831,-4.513895983452244,331.3062039774438,158.41581380878623,-0.4516670464333855,259.75500124608817,,
LOT-024-C0024,LOT-024,Discrete_Transistor_X,150.0,5.04,elevated,352.8943742486559,339.6054907842338,358.79397211700024,353.95156754049,True,lot_relative_anomaly,medium,-13.2888834644221,19.188481332766457,-4.842404576510262,331.3062039774438,158.41581380878623,0.1429488825552479,353.95156754049,,
LOT-024-C0025,LOT-024,Discrete_Transistor_X,150.0,5.04,elevated,265.51642909868076,262.4991756548641,276.94910797165926,259.26502137292766,False,normal,none,-3.017253443816685,14.449932316795184,-17.684086598731596,331.3062039774438,158.41581380878623,-0.45476004492501293,259.26502137292766,,
LOT-024-C0026,LOT-024,Discrete_Transistor_X,150.0,5.04,elevated,270.3011091095449,350.0000364764663,614.3810977584003,881.0065554620769,True,gradual_degradation,low,79.6989273669214,264.381061281934,266.6254577036766,331.3062039774438,158.41581380878623,3.4699840771461226,881.0065554620769,,
LOT-024-C0027,LOT-024,Discrete_Transistor_X,150.0,5.04,elevated,290.28758747775083,289.1902558275119,285.9108007816138,625.4788703914621,True,sudden_failure,critical,-1.0973316502389139,-3.279455045898146,339.56806960984835,331.3062039774438,158.41581380878623,1.8569652823239964,625.4788703914621,,
LOT-024-C0028,LOT-024,Discrete_Transistor_X,150.0,5.04,elevated,270.04264250837247,267.23493192814226,279.60007534842913,275.8498666986273,False,normal,none,-2.807710580230207,12.36514342028687,-3.7502086498018343,331.3062039774438,158.41581380878623,-0.3500681904506979,275.8498666986273,,
LOT-024-C0029,LOT-024,Discrete_Transistor_X,150.0,5.04,elevated,245.77817691579378,251.2895295943566,257.20626870952265,251.89074813192516,False,normal,none,5.511352678562815,5.916739115166052,-5.315520577597482,331.3062039774438,158.41581380878623,-0.5013101529205665,251.89074813192516,,
LOT-024-C0030,LOT-024,Discrete_Transistor_X,150.0,5.04,elevated,245.6141844031469,240.7059142764905,242.76539875857696,242.25100370610093,False,normal,none,-4.908270126656419,2.059484482086475,-0.5143950524760328,331.3062039774438,158.41581380878623,-0.5621610502776937,242.25100370610093,,
LOT-024-C0031,LOT-024,Discrete_Transistor_X,150.0,5.04,elevated,388.7994583934814,401.1641529888834,381.4006329643653,389.30093983363264,True,lot_relative_anomaly,medium,12.364694595402,-19.76352002451813,7.900306869267354,331.3062039774438,158.41581380878623,0.36609183427981923,389.30093983363264,,
LOT-024-C0032,LOT-024,Discrete_Transistor_X,150.0,5.04,elevated,255.10560090768442,261.71857613845566,252.2530682612958,267.9060000857389,False,normal,none,6.612975230771241,-9.465507877159865,15.65293182444313,331.3062039774438,158.41581380878623,-0.40021385723669767,267.9060000857389,,
LOT-024-C0033,LOT-024,Discrete_Transistor_X,150.0,5.04,elevated,269.1608795102447,259.54702868725366,250.6754303019637,268.38579248603344,False,normal,none,-9.613850822991026,-8.871598385289957,17.710362184069737,331.3062039774438,158.41581380878623,-0.39718516717881214,268.38579248603344,,
LOT-024-C0034,LOT-024,Discrete_Transistor_X,150.0,5.04,elevated,328.3105454455346,331.76110896743694,322.39714121167265,321.54923414183656,True,lot_relative_anomaly,medium,3.4505635219023247,-9.363967755764293,-0.8479070698360829,331.3062039774438,158.41581380878623,-0.06159088288612546,321.54923414183656,,
LOT-024-C0035,LOT-024,Discrete_Transistor_X,150.0,5.04,elevated,259.65692094304876,258.315660355515,267.0426613814098,266.3994078223215,False,normal,none,-1.3412605875337817,8.727001025894822,-0.6432535590882935,331.3062039774438,158.41581380878623,-0.4097242225669918,266.3994078223215,,
LOT-024-C0036,LOT-024,Discrete_Transistor_X,150.0,5.04,elevated,276.59579708565553,264.73604923501824,258.420203362034,277.40675539727476,False,normal,none,-11.85974785063729,-6.315845872984255,18.986552035240777,331.3062039774438,158.41581380878623,-0.3402403288173468,277.40675539727476,,
LOT-024-C0037,LOT-024,Discrete_Transistor_X,150.0,5.04,elevated,265.60175200211165,268.74194470168726,267.3736848549668,268.30076243753086,False,normal,none,3.140192699575607,-1.3682598467204343,0.9270775825640385,331.3062039774438,158.41581380878623,-0.3977219194540945,268.30076243753086,,
LOT-024-C0038,LOT-024,Discrete_Transistor_X,150.0,5.04,elevated,270.15897059422326,266.91455989743366,265.1201258212376,260.5356961494992,False,normal,none,-3.2444106967896005,-1.7944340761960689,-4.584429671738405,331.3062039774438,158.41581380878623,-0.44673890899154306,260.5356961494992,,
LOT-024-C0039,LOT-024,Discrete_Transistor_X,150.0,5.04,elevated,269.34374631091583,351.60778350215395,587.8728587766261,893.9838747424975,True,gradual_degradation,low,82.26403719123812,236.26507527447217,306.1110159658714,331.3062039774438,158.41581380878623,3.5519034194668637,893.9838747424975,,
LOT-024-C0040,LOT-024,Discrete_Transistor_X,150.0,5.04,elevated,253.22570245820617,251.6959131669195,254.4736837986507,252.76446296926753,False,normal,none,-1.5297892912866757,2.777770631731215,-1.7092208293831845,331.3062039774438,158.41581380878623,-0.4957948270428295,252.76446296926753,,
LOT-024-C0041,LOT-024,Discrete_Transistor_X,150.0,5.04,elevated,248.78033931553549,249.6113221560264,245.68656111374963,243.8727556175506,False,normal,none,0.8309828404909183,-3.9247610422767707,-1.8138054961990235,331.3062039774438,158.41581380878623,-0.5519237395417391,243.8727556175506,,
LOT-024-C0042,LOT-024,Discrete_Transistor_X,150.0,5.04,elevated,267.4736082851829,265.1558318800608,264.8576737234742,252.4923535844963,False,normal,none,-2.3177764051220606,-0.2981581565866236,-12.365320138977893,331.3062039774438,158.41581380878623,-0.4975125178353641,252.4923535844963,,
LOT-024-C0043,LOT-024,Discrete_Transistor_X,150.0,5.04,elevated,251.07346971659638,259.05682092390236,253.6938914811126,251.5876692844339,False,normal,none,7.9833512073059865,-5.362929442789778,-2.1062221966786865,331.3062039774438,158.41581380878623,-0.5032233384807978,251.5876692844339,,
LOT-024-C0044,LOT-024,Discrete_Transistor_X,150.0,5.04,elevated,267.05801652373003,267.16445346232763,266.23980104661337,265.22951523474654,False,normal,none,0.10643693859759651,-0.924652415714263,-1.0102858118668223,331.3062039774438,158.41581380878623,-0.4171091708208768,265.22951523474654,,
LOT-024-C0045,LOT-024,Discrete_Transistor_X,150.0,5.04,elevated,257.06677299988394,253.13316288925003,351.732020112084,709.264127165642,True,accelerating_degradation,medium,-3.933610110633907,98.59885722283397,357.532107053558,331.3062039774438,158.41581380878623,2.3858598084431613,709.264127165642,,
LOT-024-C0046,LOT-024,Discrete_Transistor_X,150.0,5.04,elevated,280.53770631934754,,267.74591805715227,288.8262205983619,False,normal,none,,,21.08030254120962,331.3062039774438,158.41581380878623,-0.2681549420966066,288.8262205983619,,
LOT-024-C0047,LOT-024,Discrete_Transistor_X,150.0,5.04,elevated,270.04620789810934,256.15348497312345,258.14100371281404,261.55436499250624,False,normal,none,-13.89272292498589,1.9875187396905858,3.4133612796921966,331.3062039774438,158.41581380878623,-0.44030856079261504,261.55436499250624,,
LOT-024-C0048,LOT-024,Discrete_Transistor_X,150.0,5.04,elevated,340.43110735379844,337.3946925809701,334.1041728626499,340.4595321848251,True,lot_relative_anomaly,medium,-3.036414772828323,-3.2905197183202404,6.355359322175218,331.3062039774438,158.41581380878623,0.057780394439848844,340.4595321848251,,
LOT-024-C0049,LOT-024,Discrete_Transistor_X,150.0,5.04,elevated,291.6922558516252,306.08511780017034,297.93293746676574,295.1495474104059,True,lot_relative_anomaly,medium,14.392861948545146,-8.152180333404601,-2.783390056359849,331.3062039774438,158.41581380878623,-0.22823893459702396,295.1495474104059,,
LOT-024-C0050,LOT-024,Discrete_Transistor_X,150.0,5.04,elevated,272.4749672486421,273.76838933556496,272.6272208565112,275.5551812487249,False,normal,none,1.2934220869228739,-1.1411684790537606,2.92796039221372,331.3062039774438,158.41581380878623,-0.3519283926793597,275.5551812487249,,
LOT-024-C0051,LOT-024,Discrete_Transistor_X,150.0,5.04,elevated,231.76669516023443,135.27623947523657,240.79981236380706,243.6512278585192,True,intermittent_anomaly,medium,-96.49045568499787,105.5235728885705,2.8514154947121426,331.3062039774438,158.41581380878623,-0.5533221337658081,243.6512278585192,,
LOT-024-C0052,LOT-024,Discrete_Transistor_X,150.0,5.04,elevated,270.89056747683946,277.02766360027937,267.97322267403104,274.61881698280115,False,normal,none,6.137096123439903,-9.054440926248333,6.645594308770114,331.3062039774438,158.41581380878623,-0.3578391931443562,274.61881698280115,,
LOT-024-C0053,LOT-024,Discrete_Transistor_X,150.0,5.04,elevated,258.2500872752378,268.8220037895471,265.26130408408966,268.78984653503966,False,normal,none,10.57191651430935,-3.5606997054574663,3.528542450949999,331.3062039774438,158.41581380878623,-0.39463457554725995,268.78984653503966,,
LOT-024-C0054,LOT-024,Discrete_Transistor_X,150.0,5.04,elevated,271.32871033733323,270.45030079021393,266.5247632164332,250.95585288027274,False,normal,none,-0.8784095471193041,-3.92553757378073,-15.568910336160457,331.3062039774438,158.41581380878623,-0.5072116802313492,250.95585288027274,,
LOT-024-C0055,LOT-024,Discrete_Transistor_X,150.0,5.04,elevated,279.5659752066999,281.8904752596319,280.0513104686162,271.5784191871421,False,normal,none,2.3245000529320237,-1.839164791015719,-8.472891281474062,331.3062039774438,158.41581380878623,-0.3770317075945165,271.5784191871421,,
LOT-024-C0056,LOT-024,Discrete_Transistor_X,150.0,5.04,elevated,257.450016071758,248.4255410562651,257.36051661362995,256.31271642988315,False,normal,none,-9.024475015492897,8.93497555736485,-1.0478001837468014,331.3062039774438,158.41581380878623,-0.47339647314554434,256.31271642988315,,
LOT-024-C0057,LOT-024,Discrete_Transistor_X,150.0,5.04,elevated,258.0298734341477,313.189745817143,519.5324898609865,726.5375986731498,True,gradual_degradation,low,55.159872382995275,206.34274404384354,207.00510881216326,331.3062039774438,158.41581380878623,2.4948986164523004,726.5375986731498,,
LOT-024-C0058,LOT-024,Discrete_Transistor_X,150.0,5.04,elevated,243.15333802304215,241.63177843790842,245.66846862650752,253.16754433266442,False,normal,none,-1.5215595851337298,4.036690188599096,7.499075706156901,331.3062039774438,158.41581380878623,-0.49325037549026274,253.16754433266442,,
LOT-024-C0059,LOT-024,Discrete_Transistor_X,150.0,5.04,elevated,266.06657332613435,249.1858567560796,259.1630877671861,257.53171166136696,False,normal,none,-16.880716570054744,9.977231011106483,-1.631376105819129,331.3062039774438,158.41581380878623,-0.4657015643976388,257.53171166136696,,
LOT-025-C0000,LOT-025,Discrete_Transistor_X,125.0,5.07,nominal,241.6283784532884,242.97653660320825,244.64642171263137,243.66089661535258,False,normal,none,1.3481581499198398,1.6698851094231202,-0.9855250972787815,290.01667676205574,104.77044937998022,-0.442450905012162,243.66089661535258,,
LOT-025-C0001,LOT-025,Discrete_Transistor_X,125.0,5.07,nominal,239.43098002040466,238.16053642623655,238.25147639795702,241.0236046990946,False,normal,none,-1.270443594168114,0.09093997172047352,2.7721283011375704,290.01667676205574,104.77044937998022,-0.467623002028689,241.0236046990946,,
LOT-025-C0002,LOT-025,Discrete_Transistor_X,125.0,5.07,nominal,239.9445350158947,245.18167368117795,238.53374949406967,246.73159512377643,False,normal,none,5.237138665283254,-6.647924187108288,8.197845629706762,290.01667676205574,104.77044937998022,-0.4131420824711125,246.73159512377643,,
LOT-025-C0003,LOT-025,Discrete_Transistor_X,125.0,5.07,nominal,258.88179901989696,245.0298807497835,243.2186471467493,245.55374071395528,False,normal,none,-13.851918270113458,-1.8112336030341964,2.3350935672059734,290.01667676205574,104.77044937998022,-0.4243843212587818,245.55374071395528,,
LOT-025-C0004,LOT-025,Discrete_Transistor_X,125.0,5.07,nominal,237.98473765073126,236.78019712367401,243.4472403091541,247.99227409237014,False,normal,none,-1.2045405270572473,6.6670431854800825,4.5450337832160415,290.01667676205574,104.77044937998022,-0.4011093101001409,247.99227409237014,,
LOT-025-C0005,LOT-025,Discrete_Transistor_X,125.0,5.07,nominal,247.41048239276174,239.07980364591572,244.16652468752167,243.03505468253348,False,normal,none,-8.330678746846019,5.086721041605955,-1.1314700049881878,290.01667676205574,104.77044937998022,-0.4484243635257291,243.03505468253348,,
LOT-025-C0006,LOT-025,Discrete_Transistor_X,125.0,5.07,nominal,228.632573519298,238.14316955345365,234.50892040337348,230.82827615706623,False,normal,none,9.51059603415564,-3.6342491500801657,-3.680644246307253,290.01667676205574,104.77044937998022,-0.5649341102883478,230.82827615706623,,
LOT-025-C0007,LOT-025,Discrete_Transistor_X,125.0,5.07,nominal,279.4537633504252,275.6818659236566,279.8020636731502,283.68836423940417,True,lot_relative_anomaly,medium,-3.7718974267686463,4.120197749493627,3.886300566253965,290.01667676205574,104.77044937998022,-0.06040169303560132,283.68836423940417,,
LOT-025-C0008,LOT-025,Discrete_Transistor_X,125.0,5.07,nominal,358.4277053669356,352.681547836225,348.2684322780359,353.8987505966103,True,lot_relative_anomaly,medium,-5.7461575307106045,-4.413115558189077,5.630318318574382,290.01667676205574,104.77044937998022,0.6097337007963743,353.8987505966103,,
LOT-025-C0009,LOT-025,Discrete_Transistor_X,125.0,5.07,nominal,263.39890036389806,262.9091136270517,367.5789471152738,673.7588041848616,True,accelerating_degradation,medium,-0.4897867368463835,104.66983348822214,306.17985706958774,290.01667676205574,104.77044937998022,3.6626942968532514,673.7588041848616,,
LOT-025-C0010,LOT-025,Discrete_Transistor_X,125.0,5.07,nominal,243.0640596443999,253.37742046085086,308.9841198785709,513.1278541684609,True,accelerating_degradation,medium,10.313360816450967,55.60669941772002,204.14373428989,290.01667676205574,104.77044937998022,2.129523913725216,513.1278541684609,,
LOT-025-C0011,LOT-025,Discrete_Transistor_X,125.0,5.07,nominal,228.808554300119,240.47404080938242,234.9739085731688,241.86300405297584,False,normal,none,11.665486509263417,-5.500132236213602,6.889095479807025,290.01667676205574,104.77044937998022,-0.4596112071108594,241.86300405297584,,
LOT-025-C0012,LOT-025,Discrete_Transistor_X,125.0,5.07,nominal,249.72704628126652,244.27820055705027,238.43290713044536,241.8228541849823,False,normal,none,-5.448845724216255,-5.845293426604911,3.389947054536947,290.01667676205574,104.77044937998022,-0.4599944245947123,241.8228541849823,,
LOT-025-C0013,LOT-025,Discrete_Transistor_X,125.0,5.07,nominal,236.5494690017564,267.6139434098188,372.07291467102203,466.8412931462738,True,gradual_degradation,low,31.06447440806238,104.45897126120326,94.76837847525178,290.01667676205574,104.77044937998022,1.6877336828337222,466.8412931462738,,
LOT-025-C0014,LOT-025,Discrete_Transistor_X,125.0,5.07,nominal,227.3445542594799,232.13640544659324,234.22784796572978,233.8355092591178,False,normal,none,4.791851187113338,2.0914425191365353,-0.3923387066119801,290.01667676205574,104.77044937998022,-0.5362310444921425,233.8355092591178,,
LOT-025-C0015,LOT-025,Discrete_Transistor_X,125.0,5.07,nominal,247.7781092065209,255.06404686561265,333.0440777584655,392.65606449169775,True,gradual_degradation,low,7.285937659091758,77.98003089285285,59.61198673323224,290.01667676205574,104.77044937998022,0.979659706883481,392.65606449169775,,
LOT-025-C0016,LOT-025,Discrete_Transistor_X,125.0,5.07,nominal,236.6438314198408,246.6199873009923,245.27453019447543,241.44210912148546,False,normal,none,9.976155881151499,-1.345457106516875,-3.8324210729899733,290.01667676205574,104.77044937998022,-0.4636285128872609,241.44210912148546,,
LOT-025-C0017,LOT-025,Discrete_Transistor_X,125.0,5.07,nominal,251.12736405567006,253.56788038236618,357.1397106677799,583.0409170443108,True,accelerating_degradation,medium,2.4405163266961267,103.57183028541374,225.90120637653092,290.01667676205574,104.77044937998022,2.796821451242595,583.0409170443108,,
LOT-025-C0018,LOT-025,Discrete_Transistor_X,125.0,5.07,nominal,232.332616203642,225.95883820195667,231.83115518904555,230.1088956467803,False,normal,none,-6.373778001685338,5.87231698708888,-1.722259542265249,290.01667676205574,104.77044937998022,-0.5718003642229558,230.1088956467803,,
LOT-025-C0019,LOT-025,Discrete_Transistor_X,125.0,5.07,nominal,246.33162864461715,277.32786604930004,396.23793941927335,523.6083254311081,True,gradual_degradation,low,30.996237404682887,118.9100733699733,127.3703860118348,290.01667676205574,104.77044937998022,2.22955661688407,523.6083254311081,,
LOT-025-C0020,LOT-025,Discrete_Transistor_X,125.0,5.07,nominal,250.194030797914,242.26849765650672,245.8811286356968,256.1040539209196,False,normal,none,-7.925533141407271,3.6126309791900724,10.222925285222829,290.01667676205574,104.77044937998022,-0.323684999366016,256.1040539209196,,
LOT-025-C0021,LOT-025,Discrete_Transistor_X,125.0,5.07,nominal,232.67661456265145,234.26087773032742,232.2776943022732,227.31376147330633,False,normal,none,1.5842631676759709,-1.9831834280542182,-4.963932828966875,290.01667676205574,104.77044937998022,-0.5984790144531997,227.31376147330633,,
LOT-025-C0022,LOT-025,Discrete_Transistor_X,125.0,5.07,nominal,248.654768067896,234.8863456614798,89.3834043976785,249.91555372433373,True,intermittent_anomaly,medium,-13.768422406416192,-145.5029412638013,160.53214932665523,290.01667676205574,104.77044937998022,-0.3827522290401154,249.91555372433373,,
LOT-025-C0023,LOT-025,Discrete_Transistor_X,125.0,5.07,nominal,265.50290857035765,252.60055312479508,254.8728368050236,257.81115629674656,False,normal,none,-12.902355445562563,2.272283680228526,2.9383194917229503,290.01667676205574,104.77044937998022,-0.30739126018737,257.81115629674656,,
LOT-025-C0024,LOT-025,Discrete_Transistor_X,125.0,5.07,nominal,252.62344935025678,243.03643619779913,250.6975434361818,247.8703836663034,False,normal,none,-9.587013152457644,7.6611072383826695,-2.827159769878392,290.01667676205574,104.77044937998022,-0.40227271473177184,247.8703836663034,,
LOT-025-C0025,LOT-025,Discrete_Transistor_X,125.0,5.07,nominal,258.990455884542,253.66618170344728,262.63229785695216,250.62713880215946,False,normal,none,-5.324274181094694,8.966116153504885,-12.0051590547927,290.01667676205574,104.77044937998022,-0.37596037998308823,250.62713880215946,,
LOT-025-C0026,LOT-025,Discrete_Transistor_X,125.0,5.07,nominal,253.85436445429536,240.62402360153374,248.60508899922326,244.643934417632,False,normal,none,-13.230340852761628,7.98106539768952,-3.961154581591245,290.01667676205574,104.77044937998022,-0.4330681276346005,244.643934417632,,
LOT-025-C0027,LOT-025,Discrete_Transistor_X,125.0,5.07,nominal,246.93207139362855,255.85315012201977,,246.50135089601858,False,normal,none,8.921078728391223,,,290.01667676205574,104.77044937998022,-0.4153396890397625,246.50135089601858,,
LOT-025-C0028,LOT-025,Discrete_Transistor_X,125.0,5.07,nominal,227.67438575857958,221.09556809337107,223.00713543798207,226.85525459542805,False,normal,none,-6.578817665208504,1.9115673446110009,3.8481191574459785,290.01667676205574,104.77044937998022,-0.6028553140738625,226.85525459542805,,
LOT-025-C0029,LOT-025,Discrete_Transistor_X,125.0,5.07,nominal,255.50167602851297,256.7528673104859,257.43809886742434,255.98394421257848,False,normal,none,1.2511912819729218,0.6852315569384473,-1.4541546548458655,290.01667676205574,104.77044937998022,-0.3248314076238019,255.98394421257848,,
LOT-025-C0030,LOT-025,Discrete_Transistor_X,125.0,5.07,nominal,233.57841981649386,226.59963991203196,232.31908874181295,223.4433797046896,False,normal,none,-6.978779904461902,5.719448829780987,-8.875709037123357,290.01667676205574,104.77044937998022,-0.6354205546634519,223.4433797046896,,
LOT-025-C0031,LOT-025,Discrete_Transistor_X,125.0,5.07,nominal,236.00885390726995,241.25361127619956,539.2019516563516,539.7311179839941,True,sudden_failure,critical,5.244757368929612,297.9483403801521,0.5291663276424288,290.01667676205574,104.77044937998022,2.3834434489850946,539.7311179839941,,
LOT-025-C0032,LOT-025,Discrete_Transistor_X,125.0,5.07,nominal,232.04850990672233,224.46781268143224,233.0670286114087,233.7452296909199,False,normal,none,-7.580697225290095,8.599215929976452,0.6782010795112114,290.01667676205574,104.77044937998022,-0.5370927337254345,233.7452296909199,,
LOT-025-C0033,LOT-025,Discrete_Transistor_X,125.0,5.07,nominal,260.84479332900406,263.8554499368913,262.0809156940105,261.6429443732372,False,normal,none,3.010656607887256,-1.7745342428808044,-0.4379713207733289,290.01667676205574,104.77044937998022,-0.2708180842664236,261.6429443732372,,
LOT-025-C0034,LOT-025,Discrete_Transistor_X,125.0,5.07,nominal,216.0326573033417,219.8199107977186,218.30118570645948,215.85659243884194,False,normal,none,3.7872534943768983,-1.518725091259114,-2.4445932676175346,290.01667676205574,104.77044937998022,-0.7078339814526411,215.85659243884194,,
LOT-025-C0035,LOT-025,Discrete_Transistor_X,125.0,5.07,nominal,253.7853156359319,254.71803122695792,258.01226884830305,257.2981502128514,False,normal,none,0.9327155910260103,3.2942376213451325,-0.7141186354516549,290.01667676205574,104.77044937998022,-0.3122877370749951,257.2981502128514,,
LOT-025-C0036,LOT-025,Discrete_Transistor_X,125.0,5.07,nominal,240.39840954063004,249.18851649285637,313.4981782056848,376.43964786505495,True,gradual_degradation,low,8.790106952226324,64.30966171282842,62.94146965937017,290.01667676205574,104.77044937998022,0.8248792633270228,376.43964786505495,,
LOT-025-C0037,LOT-025,Discrete_Transistor_X,125.0,5.07,nominal,259.57690069383665,264.2816980498046,245.13558616073075,259.77897750041143,False,normal,none,4.704797355967969,-19.146111889073865,14.643391339680676,290.01667676205574,104.77044937998022,-0.2886090442542494,259.77897750041143,,
LOT-025-C0038,LOT-025,Discrete_Transistor_X,125.0,5.07,nominal,237.30212884778948,238.06352734046277,233.22673045707603,235.6113140061177,False,normal,none,0.761398492673294,-4.836796883386739,2.384583549041679,290.01667676205574,104.77044937998022,-0.5192815634360917,235.6113140061177,,
LOT-025-C0039,LOT-025,Discrete_Transistor_X,125.0,5.07,nominal,229.3861216318686,223.83839446424363,226.76642890072495,226.92749548194013,False,normal,none,-5.54772716762497,2.928034436481312,0.1610665812151808,290.01667676205574,104.77044937998022,-0.6021657982138123,226.92749548194013,,
LOT-025-C0040,LOT-025,Discrete_Transistor_X,125.0,5.07,nominal,236.95598064237174,262.7326825206433,377.37995038290074,469.27877357129466,True,gradual_degradation,low,25.77670187827158,114.64726786225742,91.89882318839392,290.01667676205574,104.77044937998022,1.710998643893311,469.27877357129466,,
LOT-025-C0041,LOT-025,Discrete_Transistor_X,125.0,5.07,nominal,248.7891184680702,248.01911491203012,244.77277187442354,252.6983188395589,False,normal,none,-0.7700035560400806,-3.2463430376065787,7.925546965135368,290.01667676205574,104.77044937998022,-0.3561916374640244,252.6983188395589,,
LOT-025-C0042,LOT-025,Discrete_Transistor_X,125.0,5.07,nominal,240.40591037136716,238.82314944955402,244.6068645326026,241.44074261584117,False,normal,none,-1.5827609218131329,5.783715083048577,-3.1661219167614263,290.01667676205574,104.77044937998022,-0.4636415557409699,241.44074261584117,,
LOT-025-C0043,LOT-025,Discrete_Transistor_X,125.0,5.07,nominal,243.16414357274658,245.22143360736436,242.35183369160376,244.37263784961127,False,normal,none,2.057290034617779,-2.8695999157606025,2.0208041580075076,290.01667676205574,104.77044937998022,-0.4356575654925676,244.37263784961127,,
LOT-025-C0044,LOT-025,Discrete_Transistor_X,125.0,5.07,nominal,745.1752066231197,242.2398267822075,240.85501153404576,231.44149405763994,False,measurement_anomaly,low,-502.9353798409122,-1.3848152481617433,-9.413517476405815,290.01667676205574,104.77044937998022,-0.5590811440731348,231.44149405763994,,
LOT-025-C0045,LOT-025,Discrete_Transistor_X,125.0,5.07,nominal,240.0522260436468,234.7985559736712,239.12021293909143,244.11593184987598,False,normal,none,-5.2536700699756125,4.321656965420232,4.9957189107845466,290.01667676205574,104.77044937998022,-0.43810774110271766,244.11593184987598,,
LOT-025-C0046,LOT-025,Discrete_Transistor_X,125.0,5.07,nominal,234.46906507170476,240.4087363931887,235.96529755990701,228.05384001476628,False,normal,none,5.939671321483928,-4.443438833281675,-7.911457545140735,290.01667676205574,104.77044937998022,-0.5914152045159545,228.05384001476628,,
LOT-025-C0047,LOT-025,Discrete_Transistor_X,125.0,5.07,nominal,230.86830357658954,253.5716026331859,316.77002034014197,370.6968039490446,True,gradual_degradation,low,22.703299056596364,63.198417706956064,53.92678360890261,290.01667676205574,104.77044937998022,0.770065678485153,370.6968039490446,,
LOT-025-C0048,LOT-025,Discrete_Transistor_X,125.0,5.07,nominal,246.75726602783428,245.86832789521006,241.81549662476016,259.23616371927307,False,normal,none,-0.8889381326242187,-4.0528312704499,17.420667094512908,290.01667676205574,104.77044937998022,-0.2937900259561575,259.23616371927307,,
LOT-025-C0049,LOT-025,Discrete_Transistor_X,125.0,5.07,nominal,231.86305371069423,239.4831343507232,235.19469320170722,232.1295822722332,False,normal,none,7.620080640028959,-4.288441149015966,-3.065110929474031,290.01667676205574,104.77044937998022,-0.5525135649640894,232.1295822722332,,
LOT-025-C0050,LOT-025,Discrete_Transistor_X,125.0,5.07,nominal,240.70424817618294,249.61093657633504,243.41441719130856,240.96629924986527,False,normal,none,8.906688400152092,-6.196519385026477,-2.448117941443286,290.01667676205574,104.77044937998022,-0.46816996397805966,240.96629924986527,,
LOT-025-C0051,LOT-025,Discrete_Transistor_X,125.0,5.07,nominal,245.4490276486652,664.0103079644543,245.34153660457542,248.45935461010004,False,measurement_anomaly,low,418.56128031578913,-418.6687713598789,3.1178180055246116,290.01667676205574,104.77044937998022,-0.39665117786443865,248.45935461010004,,
LOT-025-C0052,LOT-025,Discrete_Transistor_X,125.0,5.07,nominal,244.97984294291288,226.30205851056064,233.01363380625048,240.36521875030755,False,normal,none,-18.67778443235224,6.7115752956898405,7.351584944057066,290.01667676205574,104.77044937998022,-0.4739070826323639,240.36521875030755,,
LOT-025-C0053,LOT-025,Discrete_Transistor_X,125.0,5.07,nominal,241.19288378325692,249.5414063914469,250.44631494438724,249.9231648155587,False,normal,none,8.348522608189995,0.9049085529403271,-0.5231501288285472,290.01667676205574,104.77044937998022,-0.3826795836399095,249.9231648155587,,
LOT-025-C0054,LOT-025,Discrete_Transistor_X,125.0,5.07,nominal,249.88497068356668,260.2645452944951,248.65023533674005,491.66774418311843,True,sudden_failure,critical,10.379574610928444,-11.614309957755069,243.01750884637838,290.01667676205574,104.77044937998022,1.924694115701623,491.66774418311843,,
LOT-025-C0055,LOT-025,Discrete_Transistor_X,125.0,5.07,nominal,240.81391068373966,246.16729542793033,239.92265065472353,250.47806174989907,False,normal,none,5.353384744190663,-6.244644773206801,10.555411095175543,290.01667676205574,104.77044937998022,-0.377383272154904,250.47806174989907,,
LOT-025-C0056,LOT-025,Discrete_Transistor_X,125.0,5.07,nominal,231.7509510528887,242.5257980281592,231.41763227494633,237.86328203153977,False,normal,none,10.774846975270492,-11.108165753212859,6.44564975659344,290.01667676205574,104.77044937998022,-0.4977872581357999,237.86328203153977,,
LOT-025-C0057,LOT-025,Discrete_Transistor_X,125.0,5.07,nominal,260.9526425622729,261.5704086185318,257.5728172038447,246.07509848918835,False,normal,none,0.6177660562589153,-3.997591414687122,-11.497718714656344,290.01667676205574,104.77044937998022,-0.41940813018278267,246.07509848918835,,
LOT-025-C0058,LOT-025,Discrete_Transistor_X,125.0,5.07,nominal,236.41742684296992,229.77284259209958,226.37829255309802,226.3954777760253,False,normal,none,-6.644584250870338,-3.394550039001558,0.01718522292728153,290.01667676205574,104.77044937998022,-0.6072437348749916,226.3954777760253,,
LOT-025-C0059,LOT-025,Discrete_Transistor_X,125.0,5.07,nominal,232.76815266693728,230.23740837399032,231.75271451701735,222.72304641290006,False,normal,none,-2.530744292946963,1.5153061430270327,-9.029668104117292,290.01667676205574,104.77044937998022,-0.6422959025888678,222.72304641290006,,
LOT-026-C0000,LOT-026,Discrete_Transistor_X,100.0,5.26,nominal,257.6217372807199,274.51383427471484,332.12339358587,394.9299785112903,True,gradual_degradation,low,16.892096993994926,57.60955931115518,62.80658492542028,291.02244420932163,72.53671793671134,1.4324818830737356,394.9299785112903,,
LOT-026-C0001,LOT-026,Discrete_Transistor_X,100.0,5.26,nominal,267.6811125990991,283.85633781752955,345.7707244876195,392.97055900032433,True,gradual_degradation,low,16.175225218430455,61.914386670089925,47.199834512704854,291.02244420932163,72.53671793671134,1.4054690878067153,392.97055900032433,,
LOT-026-C0002,LOT-026,Discrete_Transistor_X,100.0,5.26,nominal,264.3832541666393,264.93779805866575,264.3772112834713,264.32975156452727,False,normal,none,0.5545438920264587,-0.5605867751944515,-0.04745971894402601,291.02244420932163,72.53671793671134,-0.3679887015026497,264.32975156452727,,
LOT-026-C0003,LOT-026,Discrete_Transistor_X,100.0,5.26,nominal,257.9111351451558,273.61971360945137,322.1487122775006,379.4782551336166,True,gradual_degradation,low,15.708578464295556,48.52899866804921,57.32954285611601,291.02244420932163,72.53671793671134,1.2194625486291384,379.4782551336166,,
LOT-026-C0004,LOT-026,Discrete_Transistor_X,100.0,5.26,nominal,256.52479414946475,262.54764054718015,251.0676262800771,244.84536537140093,False,normal,none,6.022846397715398,-11.480014267103059,-6.222260908676162,291.02244420932163,72.53671793671134,-0.6366028151178613,244.84536537140093,,
LOT-026-C0005,LOT-026,Discrete_Transistor_X,100.0,5.26,nominal,257.215658969267,250.21024805276036,251.98132054671012,260.59929297133306,False,normal,none,-7.005410916506634,1.7710724939497595,8.617972424622934,291.02244420932163,72.53671793671134,-0.4194172565752552,260.59929297133306,,
LOT-026-C0006,LOT-026,Discrete_Transistor_X,100.0,5.26,nominal,261.246039042398,266.98640125083244,263.92162827752793,267.37098492045004,False,normal,none,5.740362208434419,-3.064772973304514,3.449356642922112,291.02244420932163,72.53671793671134,-0.32606188922839896,267.37098492045004,,
LOT-026-C0007,LOT-026,Discrete_Transistor_X,100.0,5.26,nominal,277.5282275416264,278.95703986471574,278.5849424926227,280.42369579760566,False,normal,none,1.4288123230893461,-0.3720973720930374,1.8387533049829585,291.02244420932163,72.53671793671134,-0.1461156323748124,280.42369579760566,,
LOT-026-C0008,LOT-026,Discrete_Transistor_X,100.0,5.26,nominal,277.2561530386453,273.05780991230665,276.6550826856535,272.7202879478009,False,normal,none,-4.198343126338671,3.5972727733468446,-3.9347947378525987,291.02244420932163,72.53671793671134,-0.2523157482461429,272.7202879478009,,
LOT-026-C0009,LOT-026,Discrete_Transistor_X,100.0,5.26,nominal,259.181874906485,265.4584901164694,255.63789489946254,255.29756164655845,False,normal,none,6.2766152099844135,-9.820595217006883,-0.3403332529040881,291.02244420932163,72.53671793671134,-0.4925075682902186,255.29756164655845,,
LOT-026-C0010,LOT-026,Discrete_Transistor_X,100.0,5.26,nominal,245.22739203978261,241.93699628361233,249.59504351075512,252.05331217572248,False,normal,none,-3.290395756170284,7.658047227142788,2.4582686649673633,291.02244420932163,72.53671793671134,-0.5372331853724057,252.05331217572248,,
LOT-026-C0011,LOT-026,Discrete_Transistor_X,100.0,5.26,nominal,271.3233688274879,277.5783414939933,274.6232487842001,271.4748909477947,False,normal,none,6.2549726665054095,-2.9550927097932345,-3.1483578364054097,291.02244420932163,72.53671793671134,-0.26948494248915833,271.4748909477947,,
LOT-026-C0012,LOT-026,Discrete_Transistor_X,100.0,5.26,nominal,256.8536902970987,252.1525039884052,257.51722273787044,254.93302475159405,False,normal,none,-4.701186308693508,5.364718749465254,-2.5841979862763935,291.02244420932163,72.53671793671134,-0.49753311818182605,254.93302475159405,,
LOT-026-C0013,LOT-026,Discrete_Transistor_X,100.0,5.26,nominal,261.67658449259596,249.33223774855696,248.75901965492864,260.3939307733648,False,normal,none,-12.344346744039001,-0.5732180936283271,11.63491111843615,291.02244420932163,72.53671793671134,-0.4222484047690217,260.3939307733648,,
LOT-026-C0014,LOT-026,Discrete_Transistor_X,100.0,5.26,nominal,264.2473852170663,259.5488908138415,266.40125506166714,272.113835041128,False,normal,none,-4.6984944032247995,6.852364247825619,5.712579979460884,291.02244420932163,72.53671793671134,-0.26067638164565793,272.113835041128,,
LOT-026-C0015,LOT-026,Discrete_Transistor_X,100.0,5.26,nominal,268.2918108825813,258.57957995035326,270.72528876211794,250.23312733519543,False,normal,none,-9.71223093222801,12.145708811764678,-20.492161426922507,291.02244420932163,72.53671793671134,-0.5623264745685777,250.23312733519543,,
LOT-026-C0016,LOT-026,Discrete_Transistor_X,100.0,5.26,nominal,269.1562635208254,268.59433686990633,260.3921343815665,270.4119196370925,False,normal,none,-0.5619266509190766,-8.202202488339822,10.019785255526017,291.02244420932163,72.53671793671134,-0.28413919403152343,270.4119196370925,,
LOT-026-C0017,LOT-026,Discrete_Transistor_X,100.0,5.26,nominal,387.43620206749256,400.872617567426,392.8292004787782,396.53377014888673,True,lot_relative_anomaly,medium,13.436415499933446,-8.0434170886478,3.7045696701085262,291.02244420932163,72.53671793671134,1.4545919493024797,396.53377014888673,,
LOT-026-C0018,LOT-026,Discrete_Transistor_X,100.0,5.26,nominal,259.27507038971413,268.2261178543318,653.9680619387534,266.3456144481579,False,measurement_anomaly,low,8.951047464617659,385.7419440844216,-387.6224474905955,291.02244420932163,72.53671793671134,-0.3401977710474079,266.3456144481579,,
LOT-026-C0019,LOT-026,Discrete_Transistor_X,100.0,5.26,nominal,264.518188622313,267.49800470589776,266.1851946375063,263.1049466137724,False,normal,none,2.979816083584751,-1.3128100683914568,-3.0802480237338727,291.02244420932163,72.53671793671134,-0.38487401125464993,263.1049466137724,,
LOT-026-C0020,LOT-026,Discrete_Transistor_X,100.0,5.26,nominal,362.6494503208246,362.27904820737865,363.35749823203736,361.6969795975307,True,lot_relative_anomaly,medium,-0.3704021134459481,1.0784500246587072,-1.6605186345066727,291.02244420932163,72.53671793671134,0.9743277253028314,361.6969795975307,,
LOT-026-C0021,LOT-026,Discrete_Transistor_X,100.0,5.26,nominal,261.58363129881036,268.106636147564,272.93421645816824,276.080167319141,False,normal,none,6.523004848753658,4.827580310604219,3.145950860972789,291.02244420932163,72.53671793671134,-0.2059960433172317,276.080167319141,,
LOT-026-C0022,LOT-026,Discrete_Transistor_X,100.0,5.26,nominal,256.11112793336144,560.6864914903017,566.462196962458,549.4996042327182,True,sudden_failure,critical,304.57536355694026,5.775705472156346,-16.962592729739868,291.02244420932163,72.53671793671134,3.563397509230004,549.4996042327182,,
LOT-026-C0023,LOT-026,Discrete_Transistor_X,100.0,5.26,nominal,252.20078178803527,261.2649339706015,263.11757773973403,265.33128905886343,False,normal,none,9.064152182566204,1.8526437691325555,2.213711319129402,291.02244420932163,72.53671793671134,-0.3541813840112516,265.33128905886343,,
LOT-026-C0024,LOT-026,Discrete_Transistor_X,100.0,5.26,nominal,261.4946254408695,261.6669048196413,262.613754740405,264.5648364672662,False,normal,none,0.17227937877174782,0.9468499207637251,1.9510817268612186,291.02244420932163,72.53671793671134,-0.36474779249234596,264.5648364672662,,
LOT-026-C0025,LOT-026,Discrete_Transistor_X,100.0,5.26,nominal,257.5600389748519,257.47562599637456,265.64598460535365,254.7989066154803,False,normal,none,-0.08441297847735996,8.170358608979086,-10.847077989873355,291.02244420932163,72.53671793671134,-0.4993820870892803,254.7989066154803,,
LOT-026-C0026,LOT-026,Discrete_Transistor_X,100.0,5.26,nominal,285.4448344600208,297.8696240031395,356.10894905745175,401.92931260634305,True,gradual_degradation,low,12.42478954311872,58.239325054312246,45.820363548891294,291.02244420932163,72.53671793671134,1.528975552681998,401.92931260634305,,
LOT-026-C0027,LOT-026,Discrete_Transistor_X,100.0,5.26,nominal,258.41028589385775,261.1377509925698,249.73225121197768,248.37195248144587,False,normal,none,2.7274650987120594,-11.405499780592123,-1.3602987305318095,291.02244420932163,72.53671793671134,-0.5879848570635431,248.37195248144587,,
LOT-026-C0028,LOT-026,Discrete_Transistor_X,100.0,5.26,nominal,262.55625932060104,264.5935217953796,263.09497441078923,270.3067028253821,False,normal,none,2.037262474778572,-1.4985473845903812,7.211728414592869,291.02244420932163,72.53671793671134,-0.2855897257719066,270.3067028253821,,
LOT-026-C0029,LOT-026,Discrete_Transistor_X,100.0,5.26,nominal,265.5979210821339,265.37463864227107,270.87536700937176,267.6588168639179,False,normal,none,-0.22328243986282814,5.500728367100692,-3.21655014545388,291.02244420932163,72.53671793671134,-0.32209380311070374,267.6588168639179,,
LOT-026-C0030,LOT-026,Discrete_Transistor_X,100.0,5.26,nominal,344.9544260640078,329.2947811851936,342.84216975265144,336.3780435008356,True,lot_relative_anomaly,medium,-15.65964487881422,13.547388567457858,-6.4641262518158555,291.02244420932163,72.53671793671134,0.6252777983570603,336.3780435008356,,
LOT-026-C0031,LOT-026,Discrete_Transistor_X,100.0,5.26,nominal,,275.6874477863658,274.80830774413704,276.5454613466106,False,normal,none,,-0.8791400422287552,1.7371536024735406,291.02244420932163,72.53671793671134,-0.19958144336420483,276.5454613466106,,
LOT-026-C0032,LOT-026,Discrete_Transistor_X,100.0,5.26,nominal,275.575283356963,267.9026642436787,286.87282663825806,272.33989594662495,False,normal,none,-7.67261911328427,18.970162394579347,-14.532930691633112,291.02244420932163,72.53671793671134,-0.2575598785569166,272.33989594662495,,
LOT-026-C0033,LOT-026,Discrete_Transistor_X,100.0,5.26,nominal,256.63403346922695,244.49951068071985,253.43440890327585,258.61135046473976,False,normal,none,-12.134522788507098,8.934898222556,5.176941561463906,291.02244420932163,72.53671793671134,-0.4468232733229083,258.61135046473976,,
LOT-026-C0034,LOT-026,Discrete_Transistor_X,100.0,5.26,nominal,259.20373686227407,63.96605198270158,266.4230502634159,252.23285440602996,True,intermittent_anomaly,medium,-195.2376848795725,202.45699828071434,-14.190195857385959,291.02244420932163,72.53671793671134,-0.5347579943875568,252.23285440602996,,
LOT-026-C0035,LOT-026,Discrete_Transistor_X,100.0,5.26,nominal,251.17894518116728,258.63370284699283,250.6017051934198,259.9498627748833,False,normal,none,7.454757665825554,-8.031997653573029,9.348157581463482,291.02244420932163,72.53671793671134,-0.4283703801094135,259.9498627748833,,
LOT-026-C0036,LOT-026,Discrete_Transistor_X,100.0,5.26,nominal,263.153234153124,271.0788112371901,271.4336912545666,269.52850271551733,False,normal,none,7.925577084066106,0.35488001737650166,-1.905188539049277,291.02244420932163,72.53671793671134,-0.296318086966078,269.52850271551733,,
LOT-026-C0037,LOT-026,Discrete_Transistor_X,100.0,5.26,nominal,259.7226582046881,268.2742493776163,261.4371650526486,270.96699940471734,False,normal,none,8.55159117292817,-6.837084324967691,9.529834352068747,291.02244420932163,72.53671793671134,-0.27648679696402545,270.96699940471734,,
LOT-026-C0038,LOT-026,Discrete_Transistor_X,100.0,5.26,nominal,272.4896744331124,261.13988091128306,270.76357410933485,263.2326200733195,False,normal,none,-11.349793521829326,9.623693198051797,-7.530954036015373,291.02244420932163,72.53671793671134,-0.38311388944077834,263.2326200733195,,
LOT-026-C0039,LOT-026,Discrete_Transistor_X,100.0,5.26,nominal,264.0610089913467,278.9428018088378,268.08084715519504,258.8442860892054,False,normal,none,14.881792817491146,-10.861954653642783,-9.236561065989633,291.02244420932163,72.53671793671134,-0.4436119945238194,258.8442860892054,,
LOT-026-C0040,LOT-026,Discrete_Transistor_X,100.0,5.26,nominal,250.28591454619632,253.00049730803278,253.5368132947749,252.9940191129989,False,normal,none,2.7145827618364535,0.5363159867421246,-0.5427941817760029,291.02244420932163,72.53671793671134,-0.5242644853259384,252.9940191129989,,
LOT-026-C0041,LOT-026,Discrete_Transistor_X,100.0,5.26,nominal,251.41825806373075,257.14413786969794,253.3437083777049,254.79502287238105,False,normal,none,5.725879805967196,-3.800429491993043,1.4513144946761543,291.02244420932163,72.53671793671134,-0.49943562884316317,254.79502287238105,,
LOT-026-C0042,LOT-026,Discrete_Transistor_X,100.0,5.26,nominal,263.6110451104953,253.2985666716446,261.74386760781346,266.842135141745,False,normal,none,-10.31247843885069,8.445300936168849,5.098267533931562,291.02244420932163,72.53671793671134,-0.333352676484123,266.842135141745,,
LOT-026-C0043,LOT-026,Discrete_Transistor_X,100.0,5.26,nominal,270.7534463012959,259.59585762974996,267.55226816219476,267.20606628404266,False,normal,none,-11.157588671545966,7.9564105324448064,-0.346201878152101,291.02244420932163,72.53671793671134,-0.3283354775723225,267.20606628404266,,
LOT-026-C0044,LOT-026,Discrete_Transistor_X,100.0,5.26,nominal,259.8528654108956,254.0702423040382,262.0573961991853,252.5470206511935,False,normal,none,-5.7826231068574145,7.987153895147088,-9.5103755479918,291.02244420932163,72.53671793671134,-0.5304268603894947,252.5470206511935,,
LOT-026-C0045,LOT-026,Discrete_Transistor_X,100.0,5.26,nominal,288.33771001410474,270.3388029731608,637.4792215491126,651.195451740829,True,sudden_failure,critical,-17.998907040943948,367.1404185759518,13.716230191716363,291.02244420932163,72.53671793671134,4.965388809647552,651.195451740829,,
LOT-026-C0046,LOT-026,Discrete_Transistor_X,100.0,5.26,nominal,254.55628889003046,264.30017491318483,269.12984665677834,265.26650491320925,False,normal,none,9.743886023154374,4.829671743593508,-3.8633417435690944,291.02244420932163,72.53671793671134,-0.35507450610854185,265.26650491320925,,
LOT-026-C0047,LOT-026,Discrete_Transistor_X,100.0,5.26,nominal,242.89167822373636,234.57804439768685,241.2002664384036,,False,normal,none,-8.31363382604951,6.622222040716736,,291.02244420932163,72.53671793671134,,,,
LOT-026-C0048,LOT-026,Discrete_Transistor_X,100.0,5.26,nominal,270.1686994426421,270.12856639567775,274.973969436512,264.9305732940963,False,normal,none,-0.04013304696434261,4.845403040834242,-10.043396142415702,291.02244420932163,72.53671793671134,-0.3597057001943572,264.9305732940963,,
LOT-026-C0049,LOT-026,Discrete_Transistor_X,100.0,5.26,nominal,265.22150186714924,284.3607548102462,323.9232283084573,374.81519235234265,True,gradual_degradation,low,19.13925294309695,39.56247349821109,50.891964043885366,291.02244420932163,72.53671793671134,1.1551769989942282,374.81519235234265,,
LOT-026-C0050,LOT-026,Discrete_Transistor_X,100.0,5.26,nominal,246.31465198731826,255.2670945108176,297.4946288550408,315.2164105380682,True,gradual_degradation,low,8.952442523499343,42.22753434422319,17.721781683027416,291.02244420932163,72.53671793671134,0.3335409571447102,315.2164105380682,,
LOT-026-C0051,LOT-026,Discrete_Transistor_X,100.0,5.26,nominal,253.87363301807795,264.8754456226823,27.53583788588336,263.63170493330165,True,intermittent_anomaly,medium,11.001812604604368,-237.33960773679897,236.0958670474183,291.02244420932163,72.53671793671134,-0.377612057109043,263.63170493330165,,
LOT-026-C0052,LOT-026,Discrete_Transistor_X,100.0,5.26,nominal,255.79101065888452,255.1880819770063,261.6973705366231,250.8005679180461,False,normal,none,-0.6029286818782111,6.509288559616806,-10.896802618576999,291.02244420932163,72.53671793671134,-0.5545036698016764,250.8005679180461,,
LOT-026-C0053,LOT-026,Discrete_Transistor_X,100.0,5.26,nominal,260.68976781312796,272.25752317496557,267.9692539393549,269.34516357318256,False,normal,none,11.567755361837612,-4.288269235610642,1.3759096338276322,291.02244420932163,72.53671793671134,-0.29884562264111003,269.34516357318256,,
LOT-026-C0054,LOT-026,Discrete_Transistor_X,100.0,5.26,nominal,267.6595127519824,263.5224773544586,263.9736923401163,266.74635382868695,False,normal,none,-4.137035397523789,0.4512149856577139,2.772661488570634,291.02244420932163,72.53671793671134,-0.3346731292945415,266.74635382868695,,
LOT-026-C0055,LOT-026,Discrete_Transistor_X,100.0,5.26,nominal,255.72080250133573,260.3563095515049,258.97819126809156,255.24373183244336,False,normal,none,4.6355070501691955,-1.3781182834133574,-3.734459435648205,291.02244420932163,72.53671793671134,-0.4932496726429694,255.24373183244336,,
LOT-026-C0056,LOT-026,Discrete_Transistor_X,100.0,5.26,nominal,259.6062548183699,258.4341166037386,254.05300332508324,264.95978628695815,False,normal,none,-1.1721382146313317,-4.381113278655334,10.90678296187491,291.02244420932163,72.53671793671134,-0.35930296632807796,264.95978628695815,,
LOT-026-C0057,LOT-026,Discrete_Transistor_X,100.0,5.26,nominal,282.89061223906504,272.1208291600863,281.5398021244862,275.67395218815085,False,normal,none,-10.769783078978719,9.41897296439987,-5.865849936335337,291.02244420932163,72.53671793671134,-0.21159617443075412,275.67395218815085,,
LOT-026-C0058,LOT-026,Discrete_Transistor_X,100.0,5.26,nominal,255.569717885724,255.1087847425876,258.9008771559695,256.80400527297866,False,normal,none,-0.4609331431364012,3.7920924133819085,-2.096871882990854,291.02244420932163,72.53671793671134,-0.47173955356235914,256.80400527297866,,
LOT-026-C0059,LOT-026,Discrete_Transistor_X,100.0,5.26,nominal,263.4862528086368,257.0369826577354,255.62037465366828,251.87799608713155,False,normal,none,-6.449270150901384,-1.4166080040671147,-3.742378566536729,291.02244420932163,72.53671793671134,-0.5396501142544637,251.87799608713155,,
LOT-027-C0000,LOT-027,Discrete_Transistor_X,150.0,5.07,elevated,247.8112976166725,251.50290515813106,258.1915523428087,252.08631961316024,False,normal,none,3.691607541458552,6.68864718467762,-6.105232729648435,319.50609714682747,170.7791838896236,-0.39477748984467187,252.08631961316024,,
LOT-027-C0001,LOT-027,Discrete_Transistor_X,150.0,5.07,elevated,253.65051036117816,249.64845898933413,254.12281342864085,263.43066397422547,False,normal,none,-4.002051371844033,4.4743544393067225,9.307850545584614,319.50609714682747,170.7791838896236,-0.3283505161193659,263.43066397422547,,
LOT-027-C0002,LOT-027,Discrete_Transistor_X,150.0,5.07,elevated,263.78055617860235,261.2248649742831,270.41395629095405,262.69156195434505,False,normal,none,-2.5556912043192597,9.189091316670954,-7.722394336609,319.50609714682747,170.7791838896236,-0.3326783387675764,262.69156195434505,,
LOT-027-C0003,LOT-027,Discrete_Transistor_X,150.0,5.07,elevated,245.87362446682258,243.50472107738295,250.8955737014984,249.01997880637197,False,normal,none,-2.368903389439623,7.390852624115439,-1.8755948951264259,319.50609714682747,170.7791838896236,-0.4127324931240533,249.01997880637197,,
LOT-027-C0004,LOT-027,Discrete_Transistor_X,150.0,5.07,elevated,243.8046231741649,255.8878372468561,246.00145918226485,250.58442249846865,False,normal,none,12.083214072691192,-9.886378064591241,4.582963316203802,319.50609714682747,170.7791838896236,-0.4035718702866248,250.58442249846865,,
LOT-027-C0005,LOT-027,Discrete_Transistor_X,150.0,5.07,elevated,260.893564160695,328.6869183631431,628.1504634605691,838.9125731050606,True,gradual_degradation,low,67.79335420244809,299.463545097426,210.7621096444915,319.50609714682747,170.7791838896236,3.041392189190523,838.9125731050606,,
LOT-027-C0006,LOT-027,Discrete_Transistor_X,150.0,5.07,elevated,249.25320960082277,253.66913044182232,249.8026642730833,259.7454661653837,False,normal,none,4.415920840999547,-3.8664661687390094,9.942801892300366,319.50609714682747,170.7791838896236,-0.3499292455927634,259.7454661653837,,
LOT-027-C0007,LOT-027,Discrete_Transistor_X,150.0,5.07,elevated,259.4863923602839,259.92295480466345,253.81636995392776,262.97143831034015,False,normal,none,0.43656244437954683,-6.106584850735686,9.155068356412386,319.50609714682747,170.7791838896236,-0.3310395186864593,262.97143831034015,,
LOT-027-C0008,LOT-027,Discrete_Transistor_X,150.0,5.07,elevated,268.54445004399736,271.73125235958406,405.4045367248179,734.1648388709581,True,accelerating_degradation,medium,3.1868023155867036,133.67328436523383,328.7603021461402,319.50609714682747,170.7791838896236,2.4280403049128574,734.1648388709581,,
LOT-027-C0009,LOT-027,Discrete_Transistor_X,150.0,5.07,elevated,232.8503153281514,238.72812702844325,240.10788827506863,238.91551344094137,False,normal,none,5.877811700291858,1.3797612466253781,-1.1923748341272642,319.50609714682747,170.7791838896236,-0.47189933732188727,238.91551344094137,,
LOT-027-C0010,LOT-027,Discrete_Transistor_X,150.0,5.07,elevated,251.79512722382324,257.3359201846073,256.04330314817724,257.514380688923,False,normal,none,5.540792960784046,-1.2926170364300447,1.471077540745739,319.50609714682747,170.7791838896236,-0.3629933991133861,257.514380688923,,
LOT-027-C0011,LOT-027,Discrete_Transistor_X,150.0,5.07,elevated,252.69105603079777,252.1018100058771,239.12198430836546,241.945982461032,False,normal,none,-0.5892460249206692,-12.979825697511643,2.8239981526665474,319.50609714682747,170.7791838896236,-0.45415438181226697,241.945982461032,,
LOT-027-C0012,LOT-027,Discrete_Transistor_X,150.0,5.07,elevated,241.32960923950262,234.89966251169602,242.13092167267556,245.90178641610774,False,normal,none,-6.429946727806595,7.231259160979533,3.7708647434321847,319.50609714682747,170.7791838896236,-0.43099111410610197,245.90178641610774,,
LOT-027-C0013,LOT-027,Discrete_Transistor_X,150.0,5.07,elevated,188.33159717262308,193.77646503746433,195.33394509918992,194.9462166847542,True,lot_relative_anomaly,medium,5.444867864841257,1.5574800617255846,-0.3877284144357134,319.50609714682747,170.7791838896236,-0.729362195234389,194.9462166847542,,
LOT-027-C0014,LOT-027,Discrete_Transistor_X,150.0,5.07,elevated,249.86798607347455,334.94045625292375,556.396363481853,780.530982525531,True,gradual_degradation,low,85.0724701794492,221.45590722892922,224.13461904367807,319.50609714682747,170.7791838896236,2.6995379347676756,780.530982525531,,
LOT-027-C0015,LOT-027,Discrete_Transistor_X,150.0,5.07,elevated,252.18792925332306,259.7729120663574,267.1881066943371,269.8316353531236,False,normal,none,7.5849828130343155,7.415194627979702,2.643528658786522,319.50609714682747,170.7791838896236,-0.29086953493002404,269.8316353531236,,
LOT-027-C0016,LOT-027,Discrete_Transistor_X,150.0,5.07,elevated,239.819165259957,244.54956470986681,248.7960854941215,241.44579769542406,False,normal,none,4.730399449909811,4.246520784254699,-7.350287798697451,319.50609714682747,170.7791838896236,-0.4570832209963868,241.44579769542406,,
LOT-027-C0017,LOT-027,Discrete_Transistor_X,150.0,5.07,elevated,251.83374373392547,253.76658564285682,356.7620813765117,257.37931404070616,True,intermittent_anomaly,medium,1.9328419089313513,102.99549573365485,-99.38276733580551,319.50609714682747,170.7791838896236,-0.36378428384032163,257.37931404070616,,
LOT-027-C0018,LOT-027,Discrete_Transistor_X,150.0,5.07,elevated,244.86930236664995,243.96578966511322,247.5988606118465,251.65710036893014,False,normal,none,-0.9035127015367266,3.633070946733284,4.058239757083641,319.50609714682747,170.7791838896236,-0.397290789384196,251.65710036893014,,
LOT-027-C0019,LOT-027,Discrete_Transistor_X,150.0,5.07,elevated,253.99102387875644,259.04759497085456,252.67724551871092,256.50356194396863,False,normal,none,5.056571092098125,-6.370349452143643,3.8263164252577155,319.50609714682747,170.7791838896236,-0.3689122630049459,256.50356194396863,,
LOT-027-C0020,LOT-027,Discrete_Transistor_X,150.0,5.07,elevated,255.56860889479697,339.9943029407212,549.284518635479,751.8405946129078,True,gradual_degradation,low,84.42569404592422,209.29021569475782,202.5560759774288,319.50609714682747,170.7791838896236,2.531540950245451,751.8405946129078,,
LOT-027-C0021,LOT-027,Discrete_Transistor_X,150.0,5.07,elevated,254.08112226450584,246.98998408007097,245.72875795396394,250.7781242278702,False,normal,none,-7.091138184434868,-1.261226126107033,5.049366273906259,319.50609714682747,170.7791838896236,-0.40243764698733364,250.7781242278702,,
LOT-027-C0022,LOT-027,Discrete_Transistor_X,150.0,5.07,elevated,248.5756951902795,252.68813228212124,254.2906875344058,245.10758967189005,False,normal,none,4.112437091841741,1.60255525228456,-9.183097862515751,319.50609714682747,170.7791838896236,-0.43564154471555483,245.10758967189005,,
LOT-027-C0023,LOT-027,Discrete_Transistor_X,150.0,5.07,elevated,253.54725211178916,257.25061512954966,252.61866372633148,260.28237724036273,False,normal,none,3.703363017760495,-4.631951403218181,7.663713514031258,319.50609714682747,170.7791838896236,-0.34678535496891505,260.28237724036273,,
LOT-027-C0024,LOT-027,Discrete_Transistor_X,150.0,5.07,elevated,260.4659425203406,256.08426201326176,261.7104505682107,255.54308055201375,False,normal,none,-4.3816805070788405,5.626188554948953,-6.167370016196969,319.50609714682747,170.7791838896236,-0.3745363757924602,255.54308055201375,,
LOT-027-C0025,LOT-027,Discrete_Transistor_X,150.0,5.07,elevated,235.23874391433296,241.1372674871375,,239.81890072020533,False,normal,none,5.8985235728045495,,,319.50609714682747,170.7791838896236,-0.4666095399432569,239.81890072020533,,
LOT-027-C0026,LOT-027,Discrete_Transistor_X,150.0,5.07,elevated,258.91285192569086,256.04727338878024,254.37973419109076,253.009247299803,False,normal,none,-2.8655785369106184,-1.6675391976894787,-1.3704868912877544,319.50609714682747,170.7791838896236,-0.3893732733258761,253.009247299803,,
LOT-027-C0027,LOT-027,Discrete_Transistor_X,150.0,5.07,elevated,254.48222973180427,260.79835220865715,249.29065268174688,260.41624814693034,False,normal,none,6.3161224768528825,-11.507699526910272,11.125595465183466,319.50609714682747,170.7791838896236,-0.34600147192463176,260.41624814693034,,
LOT-027-C0028,LOT-027,Discrete_Transistor_X,150.0,5.07,elevated,250.15366336231762,,247.14877444907626,261.1781523487739,False,normal,none,,,14.029377899697636,319.50609714682747,170.7791838896236,-0.3415401307676441,261.1781523487739,,
LOT-027-C0029,LOT-027,Discrete_Transistor_X,150.0,5.07,elevated,241.63764555866632,235.96808836046205,242.62090337420796,237.14104819621485,False,normal,none,-5.669557198204274,6.652815013745908,-5.479855177993102,319.50609714682747,170.7791838896236,-0.48228974442134603,237.14104819621485,,
LOT-027-C0030,LOT-027,Discrete_Transistor_X,150.0,5.07,elevated,246.60931274240878,250.43951564691682,247.4750647508881,250.60267358208918,False,normal,none,3.8302029045080417,-2.9644508960287226,3.127608831201087,319.50609714682747,170.7791838896236,-0.40346500080051506,250.60267358208918,,
LOT-027-C0031,LOT-027,Discrete_Transistor_X,150.0,5.07,elevated,242.856825444544,246.48026225508448,245.97616499736327,246.83508803574756,False,normal,none,3.6234368105404826,-0.504097257721213,0.8589230383842903,319.50609714682747,170.7791838896236,-0.42552615287146445,246.83508803574756,,
LOT-027-C0032,LOT-027,Discrete_Transistor_X,150.0,5.07,elevated,247.65011376124235,249.60510104720754,251.88486443746976,253.60628454671843,False,normal,none,1.9549872859651884,2.279763390262218,1.721420109248669,319.50609714682747,170.7791838896236,-0.3858773130260465,253.60628454671843,,
LOT-027-C0033,LOT-027,Discrete_Transistor_X,150.0,5.07,elevated,244.79024301871783,243.58304157336255,242.5106504058754,231.3355460796141,False,normal,none,-1.207201445355281,-1.0723911674871545,-11.175104326261305,319.50609714682747,170.7791838896236,-0.5162839466676392,231.3355460796141,,
LOT-027-C0034,LOT-027,Discrete_Transistor_X,150.0,5.07,elevated,249.88352052621647,,247.19253770004238,258.49935023584726,False,normal,none,,,11.30681253580488,319.50609714682747,170.7791838896236,-0.35722589557758705,258.49935023584726,,
LOT-027-C0035,LOT-027,Discrete_Transistor_X,150.0,5.07,elevated,254.5728496673999,,253.62480041227084,260.85795522283814,False,normal,none,,,7.233154810567299,319.50609714682747,170.7791838896236,-0.34341504970473596,260.85795522283814,,
LOT-027-C0036,LOT-027,Discrete_Transistor_X,150.0,5.07,elevated,242.4699837509507,248.60274611184283,243.33743067166597,239.66527875428037,False,normal,none,6.132762360892144,-5.265315440176863,-3.672151917385605,319.50609714682747,170.7791838896236,-0.4675090756034358,239.66527875428037,,
LOT-027-C0037,LOT-027,Discrete_Transistor_X,150.0,5.07,elevated,258.06709525207543,257.6623322300991,251.30212924328146,268.9044092780474,False,normal,none,-0.4047630219763505,-6.360202986817626,17.602280034765954,319.50609714682747,170.7791838896236,-0.2962989207249314,268.9044092780474,,
LOT-027-C0038,LOT-027,Discrete_Transistor_X,150.0,5.07,elevated,325.06676613487207,328.06016494614903,315.3139984088572,334.7827813389749,True,lot_relative_anomaly,medium,2.993398811276961,-12.746166537291856,19.468782930117754,319.50609714682747,170.7791838896236,0.08945284691148858,334.7827813389749,,
LOT-027-C0039,LOT-027,Discrete_Transistor_X,150.0,5.07,elevated,,327.09173166336603,575.8904877430646,803.2110347111749,True,gradual_degradation,low,,248.79875607969853,227.3205469681103,319.50609714682747,170.7791838896236,2.8323413108530313,803.2110347111749,,
LOT-027-C0040,LOT-027,Discrete_Transistor_X,150.0,5.07,elevated,270.7118525909141,286.83359645294314,274.6550228106827,286.493311470764,False,normal,none,16.121743862029064,-12.17857364226046,11.838288660081332,319.50609714682747,170.7791838896236,-0.1933068476155734,286.493311470764,,
LOT-027-C0041,LOT-027,Discrete_Transistor_X,150.0,5.07,elevated,257.1307760768801,267.30560302574355,271.87110400797746,262.48337215548736,False,normal,none,10.174826948863426,4.565500982233914,-9.387731852490106,319.50609714682747,170.7791838896236,-0.33389739716870004,262.48337215548736,,
LOT-027-C0042,LOT-027,Discrete_Transistor_X,150.0,5.07,elevated,251.31209296266985,252.2238236076683,246.5600937476815,247.37886598974845,False,normal,none,0.9117306449984426,-5.663729859986802,0.8187722420669559,319.50609714682747,170.7791838896236,-0.422342053137434,247.37886598974845,,
LOT-027-C0043,LOT-027,Discrete_Transistor_X,150.0,5.07,elevated,258.4923039225497,268.66544151340406,266.53864904592785,274.5476905112361,False,normal,none,10.173137590854367,-2.126792467476207,8.009041465308258,319.50609714682747,170.7791838896236,-0.2632546052254732,274.5476905112361,,
LOT-027-C0044,LOT-027,Discrete_Transistor_X,150.0,5.07,elevated,326.85169635835894,319.56412148998413,338.33827407330523,331.4071885582565,True,lot_relative_anomaly,medium,-7.287574868374804,18.774152583321097,-6.931085515048721,319.50609714682747,170.7791838896236,0.06968701419208584,331.4071885582565,,
LOT-027-C0045,LOT-027,Discrete_Transistor_X,150.0,5.07,elevated,263.0447686483948,254.76351257028426,,274.0470141313147,False,normal,none,-8.281256078110516,,,319.50609714682747,170.7791838896236,-0.2661863230643698,274.0470141313147,,
LOT-027-C0046,LOT-027,Discrete_Transistor_X,150.0,5.07,elevated,257.4709773674232,253.3684174372937,257.5502340875441,251.14469738996104,False,normal,none,-4.102559930129502,4.181816650250397,-6.405536697583045,319.50609714682747,170.7791838896236,-0.40029117249470597,251.14469738996104,,
LOT-027-C0047,LOT-027,Discrete_Transistor_X,150.0,5.07,elevated,240.54602788754417,249.21078803546018,245.20371082082738,248.73381991381257,False,normal,none,8.664760147916013,-4.007077214632801,3.5301090929851853,319.50609714682747,170.7791838896236,-0.4144081006895769,248.73381991381257,,
LOT-027-C0048,LOT-027,Discrete_Transistor_X,150.0,5.07,elevated,252.01335109651347,264.4037171894155,264.39047494335944,248.55334668052052,False,normal,none,12.390366092902013,-0.013242246056051954,-15.837128262838917,319.50609714682747,170.7791838896236,-0.41546486433712243,248.55334668052052,,
LOT-027-C0049,LOT-027,Discrete_Transistor_X,150.0,5.07,elevated,263.9075463024431,249.97029792311668,252.41511286387836,255.32465230104143,False,normal,none,-13.937248379326434,2.444814940761688,2.909539437163062,319.50609714682747,170.7791838896236,-0.3758153855991442,255.32465230104143,,
LOT-027-C0050,LOT-027,Discrete_Transistor_X,150.0,5.07,elevated,242.10387801045454,244.71931166861023,249.46327777368268,251.638230771554,False,normal,none,2.6154336581556947,4.743966105072445,2.1749529978713156,319.50609714682747,170.7791838896236,-0.39740128058661534,251.638230771554,,
LOT-027-C0051,LOT-027,Discrete_Transistor_X,150.0,5.07,elevated,260.6516215073792,342.241944468362,611.356631975477,874.7084971515923,True,gradual_degradation,low,81.5903229609828,269.1146875071149,263.3518651761153,319.50609714682747,170.7791838896236,3.2509957440925468,874.7084971515923,,
LOT-027-C0052,LOT-027,Discrete_Transistor_X,150.0,5.07,elevated,240.87272299004425,240.39444005317964,238.86518923486608,240.82969825519848,False,normal,none,-0.4782829368646162,-1.5292508183135567,1.9645090203324003,319.50609714682747,170.7791838896236,-0.460690800246934,240.82969825519848,,
LOT-027-C0053,LOT-027,Discrete_Transistor_X,150.0,5.07,elevated,252.78255008623597,557.2661889301409,550.5815450549617,557.3929688807084,True,sudden_failure,critical,304.4836388439049,-6.684643875179177,6.811423825746715,319.50609714682747,170.7791838896236,1.3929500441203053,557.3929688807084,,
LOT-027-C0054,LOT-027,Discrete_Transistor_X,150.0,5.07,elevated,263.4534994960137,263.78814985559774,264.5690907030073,264.9042298591657,False,normal,none,0.3346503595840318,0.7809408474095676,0.33513915615839096,319.50609714682747,170.7791838896236,-0.319722029606088,264.9042298591657,,
LOT-027-C0055,LOT-027,Discrete_Transistor_X,150.0,5.07,elevated,240.34979198338985,249.50911457325392,256.1216192183015,249.42443208472898,False,normal,none,9.159322589864075,6.612504645047551,-6.697187133572498,319.50609714682747,170.7791838896236,-0.410364211058609,249.42443208472898,,
LOT-027-C0056,LOT-027,Discrete_Transistor_X,150.0,5.07,elevated,267.16658472145286,310.01364011435714,428.9653926782079,536.5750938333948,True,gradual_degradation,low,42.84705539290428,118.95175256385073,107.60970115518694,319.50609714682747,170.7791838896236,1.2710506734056146,536.5750938333948,,
LOT-027-C0057,LOT-027,Discrete_Transistor_X,150.0,5.07,elevated,242.85090710395107,250.6145908453786,248.06010640492602,247.02058477612673,False,normal,none,7.7636837414275135,-2.554484440452569,-1.0395216287992923,319.50609714682747,170.7791838896236,-0.42443997400496364,247.02058477612673,,
LOT-027-C0058,LOT-027,Discrete_Transistor_X,150.0,5.07,elevated,255.4309896532984,244.02587057270256,252.17842628925692,255.64390668974968,False,normal,none,-11.405119080595853,8.15255571655436,3.4654804004927655,319.50609714682747,170.7791838896236,-0.37394598687362623,255.64390668974968,,
LOT-027-C0059,LOT-027,Discrete_Transistor_X,150.0,5.07,elevated,232.0195764448583,236.4241313027697,628.2714625968317,238.5189276852262,False,measurement_anomaly,low,4.404554857911393,391.84733129406203,-389.7525349116055,319.50609714682747,170.7791838896236,-0.47422155099385027,238.5189276852262,,
LOT-028-C0000,LOT-028,Discrete_Transistor_X,125.0,5.2,nominal,256.94891705168726,254.52690527672712,250.8438043455391,250.64961938239648,False,normal,none,-2.42201177496014,-3.6831009311880223,-0.19418496314261802,283.4358573994519,118.74129022812097,-0.27611488770307124,250.64961938239648,,
LOT-028-C0001,LOT-028,Discrete_Transistor_X,125.0,5.2,nominal,230.57237688398035,237.91803538888675,241.0814863412999,246.66050856600933,False,normal,none,7.345658504906396,3.163450952413143,5.579022224709433,283.4358573994519,118.74129022812097,-0.30970986387962646,246.66050856600933,,
LOT-028-C0002,LOT-028,Discrete_Transistor_X,125.0,5.2,nominal,230.73935025638883,234.28411051888034,224.77412758182803,224.25764286775902,False,normal,none,3.5447602624915078,-9.509982937052314,-0.5164847140690085,283.4358573994519,118.74129022812097,-0.4983794130752839,224.25764286775902,,
LOT-028-C0003,LOT-028,Discrete_Transistor_X,125.0,5.2,nominal,243.5028693973957,247.39394966520098,250.38889464508568,248.36811684832247,False,normal,none,3.891080267805279,2.994944979884707,-2.0207777967632126,283.4358573994519,118.74129022812097,-0.2953289498855764,248.36811684832247,,
LOT-028-C0004,LOT-028,Discrete_Transistor_X,125.0,5.2,nominal,252.93284806526466,258.9905300276708,251.06643987078942,267.29770506407044,False,normal,none,6.057681962406122,-7.924090156881363,16.23126519328102,283.4358573994519,118.74129022812097,-0.13591019858700779,267.29770506407044,,
LOT-028-C0005,LOT-028,Discrete_Transistor_X,125.0,5.2,nominal,236.95714019854537,243.47749875307835,251.5271561969872,239.8637053919629,False,normal,none,6.520358554532976,8.049657443908842,-11.663450805024297,283.4358573994519,118.74129022812097,-0.36695029946011143,239.8637053919629,,
LOT-028-C0006,LOT-028,Discrete_Transistor_X,125.0,5.2,nominal,252.5969696992862,264.41577786691664,257.5441677941209,257.7460075663439,False,normal,none,11.818808167630436,-6.871610072795761,0.20183977222302474,283.4358573994519,118.74129022812097,-0.21635144593556027,257.7460075663439,,
LOT-028-C0007,LOT-028,Discrete_Transistor_X,125.0,5.2,nominal,252.0460018152842,269.4419883821736,253.4160590752745,248.92354324155198,False,normal,none,17.395986566889377,-16.025929306899087,-4.492515833722507,283.4358573994519,118.74129022812097,-0.29065133191323966,248.92354324155198,,
LOT-028-C0008,LOT-028,Discrete_Transistor_X,125.0,5.2,nominal,240.1343794555395,242.34095158811306,238.49596784772592,243.28282817267757,False,normal,none,2.2065721325735694,-3.8449837403871356,4.786860324951647,283.4358573994519,118.74129022812097,-0.3381555746079055,243.28282817267757,,
LOT-028-C0009,LOT-028,Discrete_Transistor_X,125.0,5.2,nominal,234.48390142349658,241.514727049463,244.99743608072723,234.5055578787545,False,normal,none,7.030825625966429,3.4827090312642213,-10.491878201972725,283.4358573994519,118.74129022812097,-0.4120748513570509,234.5055578787545,,
LOT-028-C0010,LOT-028,Discrete_Transistor_X,125.0,5.2,nominal,264.9923401830819,268.51931793773633,264.922628870336,267.1233341090029,False,normal,none,3.5269777546544105,-3.596689067400348,2.200705238666899,283.4358573994519,118.74129022812097,-0.137378693284451,267.1233341090029,,
LOT-028-C0011,LOT-028,Discrete_Transistor_X,125.0,5.2,nominal,245.3181338463118,252.2902481857772,248.06644445163747,242.53794998088188,False,normal,none,6.972114339465378,-4.223803734139722,-5.528494470755589,283.4358573994519,118.74129022812097,-0.3444286931698199,242.53794998088188,,
LOT-028-C0012,LOT-028,Discrete_Transistor_X,125.0,5.2,nominal,233.74776610904857,233.55652080004816,333.1048775727449,506.0560314958916,True,accelerating_degradation,medium,-0.19124530900040781,99.54835677269674,172.9511539231467,283.4358573994519,118.74129022812097,1.8748337134349038,506.0560314958916,,
LOT-028-C0013,LOT-028,Discrete_Transistor_X,125.0,5.2,nominal,254.43768027418702,,246.64666271531584,258.55263414906676,False,normal,none,,,11.90597143375092,283.4358573994519,118.74129022812097,-0.20955830278229656,258.55263414906676,,
LOT-028-C0014,LOT-028,Discrete_Transistor_X,125.0,5.2,nominal,239.9748325932296,238.62323072627186,232.82344078739283,244.74051867511108,False,normal,none,-1.3516018669577363,-5.79978993887903,11.91707788771825,283.4358573994519,118.74129022812097,-0.325879385763797,244.74051867511108,,
LOT-028-C0015,LOT-028,Discrete_Transistor_X,125.0,5.2,nominal,230.57094175300213,228.88248542458322,230.55491939009804,237.41016059682553,False,normal,none,-1.6884563284189085,1.6724339655148128,6.855241206727499,283.4358573994519,118.74129022812097,-0.38761324484687376,237.41016059682553,,
LOT-028-C0016,LOT-028,Discrete_Transistor_X,125.0,5.2,nominal,236.41015939834267,236.7780164577806,239.66662491178073,236.81747663925978,False,normal,none,0.367857059437938,2.8886084540001207,-2.8491482725209494,283.4358573994519,118.74129022812097,-0.39260463374307925,236.81747663925978,,
LOT-028-C0017,LOT-028,Discrete_Transistor_X,125.0,5.2,nominal,252.9833499328103,257.90148858853325,255.82354953350088,252.21830059521304,False,normal,none,4.918138655722942,-2.077939055032374,-3.6052489382878434,283.4358573994519,118.74129022812097,-0.2629039716872281,252.21830059521304,,
LOT-028-C0018,LOT-028,Discrete_Transistor_X,125.0,5.2,nominal,250.13403227834775,244.33634020978005,241.64358338632084,240.7149472087264,False,normal,none,-5.797692068567699,-2.692756823459206,-0.9286361775944556,283.4358573994519,118.74129022812097,-0.3597814215143849,240.7149472087264,,
LOT-028-C0019,LOT-028,Discrete_Transistor_X,125.0,5.2,nominal,244.07413692460517,238.93472949857355,245.7902928758524,233.7823022555592,False,normal,none,-5.1394074260316245,6.855563377278855,-12.007990620293214,283.4358573994519,118.74129022812097,-0.41816587177468173,233.7823022555592,,
LOT-028-C0020,LOT-028,Discrete_Transistor_X,125.0,5.2,nominal,228.48743541230394,232.14650133737695,221.1210606735844,235.40381800902497,False,normal,none,3.6590659250730084,-11.025440663792551,14.282757335440579,283.4358573994519,118.74129022812097,-0.40451000067583653,235.40381800902497,,
LOT-028-C0021,LOT-028,Discrete_Transistor_X,125.0,5.2,nominal,250.69534349064574,249.42268776010084,246.60951641309998,246.47713923393766,False,normal,none,-1.2726557305448978,-2.8131713470008606,-0.13237717916231873,283.4358573994519,118.74129022812097,-0.3112541399416381,246.47713923393766,,
LOT-028-C0022,LOT-028,Discrete_Transistor_X,125.0,5.2,nominal,241.72563237861308,235.31670713375212,237.1880419694359,246.17417101483963,False,normal,none,-6.408925244860967,1.8713348356837685,8.986129045403743,283.4358573994519,118.74129022812097,-0.31380563840115444,246.17417101483963,,
LOT-028-C0023,LOT-028,Discrete_Transistor_X,125.0,5.2,nominal,232.81538451371844,,235.9958468880213,234.31742273933176,False,normal,none,,,-1.678424148689544,283.4358573994519,118.74129022812097,-0.41365926347739507,234.31742273933176,,
LOT-028-C0024,LOT-028,Discrete_Transistor_X,125.0,5.2,nominal,249.9797650535693,259.521650378082,246.7129539487845,244.76535133029546,False,normal,none,9.541885324512663,-12.80869642929747,-1.947602618489043,283.4358573994519,118.74129022812097,-0.32567025332859545,244.76535133029546,,
LOT-028-C0025,LOT-028,Discrete_Transistor_X,125.0,5.2,nominal,248.14589258632876,240.94558685371067,248.37448066265193,238.87184488884952,False,normal,none,-7.200305732618091,7.428893808941268,-9.50263577380241,283.4358573994519,118.74129022812097,-0.3753034216234958,238.87184488884952,,
LOT-028-C0026,LOT-028,Discrete_Transistor_X,125.0,5.2,nominal,227.49381612199915,223.3822599686468,226.22417669739735,222.45193733356408,False,normal,none,-4.111556153352353,2.8419167287505616,-3.772239363833279,283.4358573994519,118.74129022812097,-0.5135864697842508,222.45193733356408,,
LOT-028-C0027,LOT-028,Discrete_Transistor_X,125.0,5.2,nominal,247.69579611633407,254.33003827351928,243.13249073478786,257.2920320487438,False,normal,none,6.634242157185213,-11.197547538731413,14.159541313955941,283.4358573994519,118.74129022812097,-0.22017467807939112,257.2920320487438,,
LOT-028-C0028,LOT-028,Discrete_Transistor_X,125.0,5.2,nominal,242.0773561761331,246.6616020444299,244.80967920216278,800.763061391846,False,measurement_anomaly,low,4.584245868296819,-1.851922842267129,555.9533821896832,283.4358573994519,118.74129022812097,4.356759161017418,800.763061391846,,
LOT-028-C0029,LOT-028,Discrete_Transistor_X,125.0,5.2,nominal,230.15321225729318,234.13107851943704,234.91151960670453,221.67294455731192,False,normal,none,3.9778662621438627,0.7804410872674907,-13.238575049392608,283.4358573994519,118.74129022812097,-0.5201468901296554,221.67294455731192,,
LOT-028-C0030,LOT-028,Discrete_Transistor_X,125.0,5.2,nominal,244.11952794571653,247.6666169488885,247.22742843895384,242.70068451292497,False,normal,none,3.547089003171976,-0.4391885099346666,-4.526743926028871,283.4358573994519,118.74129022812097,-0.3430581965908249,242.70068451292497,,
LOT-028-C0031,LOT-028,Discrete_Transistor_X,125.0,5.2,nominal,250.3299233578588,283.6064897811658,379.25495572652875,495.45587932496477,True,gradual_degradation,low,33.276566423307,95.64846594536294,116.20092359843602,283.4358573994519,118.74129022812097,1.785562726480305,495.45587932496477,,
LOT-028-C0032,LOT-028,Discrete_Transistor_X,125.0,5.2,nominal,239.90167711468197,256.0789396425003,244.4677021510977,241.31288581090885,False,normal,none,16.17726252781833,-11.61123749140259,-3.1548163401888587,283.4358573994519,118.74129022812097,-0.3547457797335542,241.31288581090885,,
LOT-028-C0033,LOT-028,Discrete_Transistor_X,125.0,5.2,nominal,588.5384370896885,242.0377229973578,250.75077143329986,246.1659926176669,False,measurement_anomaly,low,-346.50071409233067,8.713048435942056,-4.584778815632973,283.4358573994519,118.74129022812097,-0.31387451416591183,246.1659926176669,,
LOT-028-C0034,LOT-028,Discrete_Transistor_X,125.0,5.2,nominal,242.51653524159835,250.52521540881258,256.08212351517795,253.45436319555935,False,normal,none,8.008680167214237,5.55690810636537,-2.627760319618602,283.4358573994519,118.74129022812097,-0.25249425996882213,253.45436319555935,,
LOT-028-C0035,LOT-028,Discrete_Transistor_X,125.0,5.2,nominal,266.212270063304,275.2199879128409,267.6160574918628,271.75038991636075,False,normal,none,9.007717849536903,-7.603930420978088,4.134332424497927,283.4358573994519,118.74129022812097,-0.09841115470988648,271.75038991636075,,
LOT-028-C0036,LOT-028,Discrete_Transistor_X,125.0,5.2,nominal,211.70272357722808,223.364476287931,215.73486608253555,212.91816454963612,False,normal,none,11.661752710702928,-7.6296102053954655,-2.8167015328994296,283.4358573994519,118.74129022812097,-0.5938767611025619,212.91816454963612,,
LOT-028-C0037,LOT-028,Discrete_Transistor_X,125.0,5.2,nominal,245.0628802072911,242.0609914927323,244.21286012004373,242.97451891925306,False,normal,none,-3.0018887145587883,2.1518686273114156,-1.2383412007906713,283.4358573994519,118.74129022812097,-0.34075205349770193,242.97451891925306,,
LOT-028-C0038,LOT-028,Discrete_Transistor_X,125.0,5.2,nominal,256.74522645059375,272.6343680419316,253.7386576517609,,False,normal,none,15.889141591337875,-18.895710390170734,,283.4358573994519,118.74129022812097,,,,
LOT-028-C0039,LOT-028,Discrete_Transistor_X,125.0,5.2,nominal,233.90516678932917,245.788068417547,246.6548827759309,238.2552024512299,False,normal,none,11.882901628217837,0.8668143583838912,-8.399680324700995,283.4358573994519,118.74129022812097,-0.38049658094014926,238.2552024512299,,
LOT-028-C0040,LOT-028,Discrete_Transistor_X,125.0,5.2,nominal,248.86343194055092,239.39907543416865,252.83293112630173,238.76949406071617,False,normal,none,-9.464356506382273,13.43385569213308,-14.06343706558556,283.4358573994519,118.74129022812097,-0.376165386555296,238.76949406071617,,
LOT-028-C0041,LOT-028,Discrete_Transistor_X,125.0,5.2,nominal,248.11011035197166,675.3304294316442,245.5416945367835,251.93900559989964,False,measurement_anomaly,low,427.22031907967255,-429.78873489486074,6.397311063116149,283.4358573994519,118.74129022812097,-0.2652561020605534,251.93900559989964,,
LOT-028-C0042,LOT-028,Discrete_Transistor_X,125.0,5.2,nominal,229.93386033314846,244.46481978716338,231.1183589338356,232.89442511301658,False,normal,none,14.53095945401492,-13.346460853327784,1.7760661791809866,283.4358573994519,118.74129022812097,-0.4256432803562868,232.89442511301658,,
LOT-028-C0043,LOT-028,Discrete_Transistor_X,125.0,5.2,nominal,240.83872926803093,233.99493408094764,246.05340649746682,239.91103250589956,False,normal,none,-6.843795187083288,12.05847241651918,-6.142373991567268,283.4358573994519,118.74129022812097,-0.36655172610920933,239.91103250589956,,
LOT-028-C0044,LOT-028,Discrete_Transistor_X,125.0,5.2,nominal,248.82057462006597,252.63291089570626,303.4684116227898,486.7421663067724,True,accelerating_degradation,medium,3.812336275640291,50.83550072708354,183.2737546839826,283.4358573994519,118.74129022812097,1.7121787081539759,486.7421663067724,,
LOT-028-C0045,LOT-028,Discrete_Transistor_X,125.0,5.2,nominal,234.8118239906767,270.6741101853092,367.6268067665493,492.53096553167285,True,gradual_degradation,low,35.8622861946325,96.9526965812401,124.90415876512355,283.4358573994519,118.74129022812097,1.7609300667907168,492.53096553167285,,
LOT-028-C0046,LOT-028,Discrete_Transistor_X,125.0,5.2,nominal,244.2415280270419,266.33767911259787,347.91781536217496,435.1516095563971,True,gradual_degradation,low,22.09615108555596,81.5801362495771,87.23379419422213,283.4358573994519,118.74129022812097,1.2777000474348479,435.1516095563971,,
LOT-028-C0047,LOT-028,Discrete_Transistor_X,125.0,5.2,nominal,224.51270077649605,217.3133327038976,215.11726915061945,225.41166989973314,False,normal,none,-7.199368072598446,-2.196063553278151,10.294400749113692,283.4358573994519,118.74129022812097,-0.48866057786844846,225.41166989973314,,
LOT-028-C0048,LOT-028,Discrete_Transistor_X,125.0,5.2,nominal,229.09073105176034,236.99095314485547,229.55918429674986,748.8401598049961,False,measurement_anomaly,low,7.900222093095124,-7.431768848105605,519.2809755082462,283.4358573994519,118.74129022812097,3.9194816016520306,748.8401598049961,,
LOT-028-C0049,LOT-028,Discrete_Transistor_X,125.0,5.2,nominal,242.6299214974142,246.57514476396605,250.5622105229654,244.61743720236973,False,normal,none,3.9452232665518636,3.9870657589993357,-5.944773320595658,283.4358573994519,118.74129022812097,-0.32691593735006397,244.61743720236973,,
LOT-028-C0050,LOT-028,Discrete_Transistor_X,125.0,5.2,nominal,234.84500424455956,246.69767936173218,233.11294686634784,245.98198841116474,False,normal,none,11.852675117172623,-13.584732495384344,12.869041544816895,283.4358573994519,118.74129022812097,-0.31542413693107335,245.98198841116474,,
LOT-028-C0051,LOT-028,Discrete_Transistor_X,125.0,5.2,nominal,225.24033243626158,229.0538389496056,240.2575394908401,235.83448975036194,False,normal,none,3.8135065133440094,11.203700541234497,-4.423049740478149,283.4358573994519,118.74129022812097,-0.4008830252529691,235.83448975036194,,
LOT-028-C0052,LOT-028,Discrete_Transistor_X,125.0,5.2,nominal,,226.7991443924301,224.349755471714,225.77183085436286,False,normal,none,,-2.4493889207161033,1.4220753826488703,283.4358573994519,118.74129022812097,-0.48562742104542767,225.77183085436286,,
LOT-028-C0053,LOT-028,Discrete_Transistor_X,125.0,5.2,nominal,254.3883795191726,282.2359001199562,369.8932941003512,460.02002087650334,True,gradual_degradation,low,27.84752060078364,87.657393980395,90.12672677615211,283.4358573994519,118.74129022812097,1.487133609023492,460.02002087650334,,
LOT-028-C0054,LOT-028,Discrete_Transistor_X,125.0,5.2,nominal,213.98964027532358,207.4596361500813,204.6436894398376,206.6340550535611,False,normal,none,-6.530004125242272,-2.8159467102437077,1.9903656137234975,283.4358573994519,118.74129022812097,-0.6467994595506101,206.6340550535611,,
LOT-028-C0055,LOT-028,Discrete_Transistor_X,125.0,5.2,nominal,244.1264805279767,247.0177577150824,243.12746560385753,245.85600295969755,False,normal,none,2.8912771871057146,-3.8902921112248805,2.728537355840018,283.4358573994519,118.74129022812097,-0.3164851448687937,245.85600295969755,,
LOT-028-C0056,LOT-028,Discrete_Transistor_X,125.0,5.2,nominal,245.61861486574796,255.23929740103858,245.99395843438043,249.74963339011904,False,normal,none,9.620682535290626,-9.245338966658153,3.7556749557386127,283.4358573994519,118.74129022812097,-0.2836942730251308,249.74963339011904,,
LOT-028-C0057,LOT-028,Discrete_Transistor_X,125.0,5.2,nominal,228.40883007254624,229.41069779217926,236.3206008346479,232.2650578501557,False,normal,none,1.001867719633026,6.909903042468642,-4.055542984492206,283.4358573994519,118.74129022812097,-0.4309436039560368,232.2650578501557,,
LOT-028-C0058,LOT-028,Discrete_Transistor_X,125.0,5.2,nominal,240.54834301811704,240.5914724616183,231.52328686654786,226.0957879808245,False,normal,none,0.04312944350127168,-9.068185595070446,-5.427498885723367,283.4358573994519,118.74129022812097,-0.48289916092766016,226.0957879808245,,
LOT-028-C0059,LOT-028,Discrete_Transistor_X,125.0,5.2,nominal,234.72098184853152,232.33372659939246,232.94846632855536,223.0120593278026,False,normal,none,-2.3872552491390593,0.614739729162892,-9.936407000752752,283.4358573994519,118.74129022812097,-0.508869307008249,223.0120593278026,,
LOT-029-C0000,LOT-029,Discrete_Transistor_X,100.0,5.02,elevated,259.39974097501994,248.73405821603782,,258.7524280674659,False,normal,none,-10.665682758982115,,,284.5310474967906,57.84665857797676,-0.445637138998709,258.7524280674659,,
LOT-029-C0001,LOT-029,Discrete_Transistor_X,100.0,5.02,elevated,269.30662436193256,261.89286598076353,262.0735313821693,255.89794285075644,False,normal,none,-7.413758381169032,0.18066540140574716,-6.175588531412842,284.5310474967906,57.84665857797676,-0.4949828624489524,255.89794285075644,,
LOT-029-C0002,LOT-029,Discrete_Transistor_X,100.0,5.02,elevated,253.65438499172694,251.5996827233747,247.02441924844476,250.88455195385865,False,normal,none,-2.05470226835223,-4.5752634749299546,3.860132705413889,284.5310474967906,57.84665857797676,-0.5816497680255257,250.88455195385865,,
LOT-029-C0003,LOT-029,Discrete_Transistor_X,100.0,5.02,elevated,259.84539781769786,264.0189876995808,261.66780231423854,261.32327481799865,False,normal,none,4.173589881882947,-2.351185385342262,-0.3445274962398912,284.5310474967906,57.84665857797676,-0.4011946973135554,261.32327481799865,,
LOT-029-C0004,LOT-029,Discrete_Transistor_X,100.0,5.02,elevated,260.2108967273076,243.5450392479063,257.28718082119644,263.34460301290744,False,normal,none,-16.665857479401325,13.742141573290155,6.057422191710998,284.5310474967906,57.84665857797676,-0.36625182862246136,263.34460301290744,,
LOT-029-C0005,LOT-029,Discrete_Transistor_X,100.0,5.02,elevated,267.0433956090356,301.9678208068732,358.83691915281406,437.79688986818326,True,gradual_degradation,low,34.92442519783759,56.86909834594087,78.9599707153692,284.5310474967906,57.84665857797676,2.6495193696415793,437.79688986818326,,
LOT-029-C0006,LOT-029,Discrete_Transistor_X,100.0,5.02,elevated,271.0040149764815,262.9065664130911,276.5347316359523,270.7598671473783,False,normal,none,-8.097448563390401,13.628165222861185,-5.774864488573996,284.5310474967906,57.84665857797676,-0.2380635405388002,270.7598671473783,,
LOT-029-C0007,LOT-029,Discrete_Transistor_X,100.0,5.02,elevated,320.41575675720156,320.956716451392,321.6235017374454,319.1853195542465,True,lot_relative_anomaly,medium,0.5409596941904624,0.6667852860533685,-2.438182183198876,284.5310474967906,57.84665857797676,0.5990712844846908,319.1853195542465,,
LOT-029-C0008,LOT-029,Discrete_Transistor_X,100.0,5.02,elevated,256.558939132351,252.8821684392121,253.3034946177654,257.0987487143301,False,normal,none,-3.6767706931388773,0.4213261785533007,3.7952540965646904,284.5310474967906,57.84665857797676,-0.4742244315716531,257.0987487143301,,
LOT-029-C0009,LOT-029,Discrete_Transistor_X,100.0,5.02,elevated,264.0969610336002,265.3867176527159,263.9915903165062,274.0245449182656,False,normal,none,1.2897566191156784,-1.3951273362097254,10.0329546017594,284.5310474967906,57.84665857797676,-0.18162678427419235,274.0245449182656,,
LOT-029-C0010,LOT-029,Discrete_Transistor_X,100.0,5.02,elevated,277.63251232020133,275.2188253181197,281.4327541109607,285.02327736421745,False,normal,none,-2.4136870020816446,6.2139287928409885,3.5905232532567766,284.5310474967906,57.84665857797676,0.008509218674459956,285.02327736421745,,
LOT-029-C0011,LOT-029,Discrete_Transistor_X,100.0,5.02,elevated,279.85863510728984,270.408737593202,276.606597315792,283.7853236298863,False,normal,none,-9.449897514087866,6.19785972259001,7.17872631409432,284.5310474967906,57.84665857797676,-0.01289139053553257,283.7853236298863,,
LOT-029-C0012,LOT-029,Discrete_Transistor_X,100.0,5.02,elevated,249.7877879163001,254.0901208311556,259.7478214485248,253.2353693667685,False,normal,none,4.302332914855498,5.6577006173692155,-6.512452081756294,284.5310474967906,57.84665857797676,-0.5410109918075185,253.2353693667685,,
LOT-029-C0013,LOT-029,Discrete_Transistor_X,100.0,5.02,elevated,160.09941802046396,167.89916349850247,163.16963557855516,162.9834076918192,True,lot_relative_anomaly,medium,7.799745478038517,-4.729527919947316,-0.18622788673596347,284.5310474967906,57.84665857797676,-2.1012041627456552,162.9834076918192,,
LOT-029-C0014,LOT-029,Discrete_Transistor_X,100.0,5.02,elevated,263.4133356848483,265.0070518679527,,275.24166734227595,False,normal,none,1.5937161831044477,,,284.5310474967906,57.84665857797676,-0.16058628765899546,275.24166734227595,,
LOT-029-C0015,LOT-029,Discrete_Transistor_X,100.0,5.02,elevated,286.40689861626595,283.6995517492627,318.112222751736,360.40666504934,True,gradual_degradation,low,-2.7073468670032526,34.4126710024733,42.29444229760401,284.5310474967906,57.84665857797676,1.3116681139027202,360.40666504934,,
LOT-029-C0016,LOT-029,Discrete_Transistor_X,100.0,5.02,elevated,269.7149670515627,256.31308883981376,,264.6698066756854,False,normal,none,-13.401878211748965,,,284.5310474967906,57.84665857797676,-0.3433429226397316,264.6698066756854,,
LOT-029-C0017,LOT-029,Discrete_Transistor_X,100.0,5.02,elevated,243.85373386172853,237.4514009611602,238.75872829266646,241.13373938686317,False,normal,none,-6.402332900568325,1.307327331506258,2.375011094196708,284.5310474967906,57.84665857797676,-0.7502128761928104,241.13373938686317,,
LOT-029-C0018,LOT-029,Discrete_Transistor_X,100.0,5.02,elevated,248.386676096428,253.2737424403402,252.7579179336659,253.89042133829102,False,normal,none,4.887066343912181,-0.5158245066742779,1.132503404625112,284.5310474967906,57.84665857797676,-0.5296870538718553,253.89042133829102,,
LOT-029-C0019,LOT-029,Discrete_Transistor_X,100.0,5.02,elevated,263.97996066738403,253.19802282822386,253.95141875685616,249.97667574915565,False,normal,none,-10.781937839160179,0.7533959286323011,-3.9747430077005106,284.5310474967906,57.84665857797676,-0.5973442995165572,249.97667574915565,,
LOT-029-C0020,LOT-029,Discrete_Transistor_X,100.0,5.02,elevated,282.9748642473946,272.7232001302281,,281.10868842221015,False,normal,none,-10.251664117166456,,,284.5310474967906,57.84665857797676,-0.059162606081510506,281.10868842221015,,
LOT-029-C0021,LOT-029,Discrete_Transistor_X,100.0,5.02,elevated,257.1013669441697,254.42908672448755,251.34798562282097,248.73319279517187,False,normal,none,-2.6722802196821362,-3.081101101666576,-2.6147928276490973,284.5310474967906,57.84665857797676,-0.6188404928067465,248.73319279517187,,
LOT-029-C0022,LOT-029,Discrete_Transistor_X,100.0,5.02,elevated,248.48689206223654,248.904419212595,304.56276713879146,365.15411211056676,True,accelerating_degradation,medium,0.41752715035846677,55.658347926196456,60.5913449717753,284.5310474967906,57.84665857797676,1.3937376262640475,365.15411211056676,,
LOT-029-C0023,LOT-029,Discrete_Transistor_X,100.0,5.02,elevated,273.1610713474817,276.7625876395696,281.54867316964817,281.80183090229343,False,normal,none,3.601516292087865,4.786085530078594,0.2531577326452634,284.5310474967906,57.84665857797676,-0.04718019435501585,281.80183090229343,,
LOT-029-C0024,LOT-029,Discrete_Transistor_X,100.0,5.02,elevated,285.00790764925364,286.43279742394634,275.0061346436677,296.43466653389873,False,normal,none,1.4248897746927014,-11.426662780278662,21.428531890231056,284.5310474967906,57.84665857797676,0.20577885274154853,296.43466653389873,,
LOT-029-C0025,LOT-029,Discrete_Transistor_X,100.0,5.02,elevated,260.84466872037143,251.98065816420606,261.3728209426346,264.6116595301986,False,normal,none,-8.864010556165368,9.392162778428514,3.2388385875640324,284.5310474967906,57.84665857797676,-0.3443481171819261,264.6116595301986,,
LOT-029-C0026,LOT-029,Discrete_Transistor_X,100.0,5.02,elevated,273.2898508883106,266.4243041158816,267.763801320899,271.481689920475,False,normal,none,-6.8655467724289565,1.3394972050173806,3.7178885995759856,284.5310474967906,57.84665857797676,-0.22558533020062368,271.481689920475,,
LOT-029-C0027,LOT-029,Discrete_Transistor_X,100.0,5.02,elevated,245.85724300413864,238.85928047274862,245.17670596657217,239.5809463515414,False,normal,none,-6.997962531390016,6.317425493823549,-5.595759615030772,284.5310474967906,57.84665857797676,-0.7770561385954022,239.5809463515414,,
LOT-029-C0028,LOT-029,Discrete_Transistor_X,100.0,5.02,elevated,242.95293592050604,253.24439602905835,245.41310773344628,257.43625362576654,False,normal,none,10.291460108552315,-7.831288295612069,12.023145892320258,284.5310474967906,57.84665857797676,-0.46838995608537265,257.43625362576654,,
LOT-029-C0029,LOT-029,Discrete_Transistor_X,100.0,5.02,elevated,277.1819899254473,277.7982201990552,277.2947845857079,266.95917418008776,False,normal,none,0.6162302736079255,-0.5034356133473352,-10.335610405620116,284.5310474967906,57.84665857797676,-0.3037664361030662,266.95917418008776,,
LOT-029-C0030,LOT-029,Discrete_Transistor_X,100.0,5.02,elevated,254.24446524437676,,261.99436703749006,258.0215028551465,False,missing_invalid,unknown,,,-3.972864182343585,284.5310474967906,57.84665857797676,-0.4582727039611029,258.0215028551465,,
LOT-029-C0031,LOT-029,Discrete_Transistor_X,100.0,5.02,elevated,367.6913258436449,368.72942577555335,360.96341916201,365.12035252666794,True,lot_relative_anomaly,medium,1.038099931908448,-7.766006613543368,4.156933364657959,284.5310474967906,57.84665857797676,1.3931540215282043,365.12035252666794,,
LOT-029-C0032,LOT-029,Discrete_Transistor_X,100.0,5.02,elevated,256.6833610913412,266.01624396277276,262.9769372407098,265.55852784781035,False,normal,none,9.332882871431536,-3.0393067220629746,2.5815906071005656,284.5310474967906,57.84665857797676,-0.32797952579068135,265.55852784781035,,
LOT-029-C0033,LOT-029,Discrete_Transistor_X,100.0,5.02,elevated,242.950523033648,237.56208015899892,237.66275013809866,244.77172081508405,False,normal,none,-5.388442874649087,0.10066997909973452,7.108970676985393,284.5310474967906,57.84665857797676,-0.6873227885429435,244.77172081508405,,
LOT-029-C0034,LOT-029,Discrete_Transistor_X,100.0,5.02,elevated,267.0902224671284,270.4084518187978,260.3555160598672,265.6299741262469,False,normal,none,3.3182293516694017,-10.052935758930573,5.27445806637968,284.5310474967906,57.84665857797676,-0.32674442803062237,265.6299741262469,,
LOT-029-C0035,LOT-029,Discrete_Transistor_X,100.0,5.02,elevated,267.2448154812058,273.7601884921837,268.68736099222986,267.81640309111793,False,normal,none,6.515373010977896,-5.07282749995386,-0.8709579011119217,284.5310474967906,57.84665857797676,-0.2889474485918923,267.81640309111793,,
LOT-029-C0036,LOT-029,Discrete_Transistor_X,100.0,5.02,elevated,261.2673464860961,249.69378089768114,260.7389744229758,268.07197784370317,False,normal,none,-11.573565588414937,11.04519352529465,7.33300342072738,284.5310474967906,57.84665857797676,-0.2845293065787159,268.07197784370317,,
LOT-029-C0037,LOT-029,Discrete_Transistor_X,100.0,5.02,elevated,255.5902406714096,268.3710547584386,299.3944902719173,347.5524764526264,True,gradual_degradation,low,12.780814087029029,31.02343551347866,48.157986180709145,284.5310474967906,57.84665857797676,1.0894566860916175,347.5524764526264,,
LOT-029-C0038,LOT-029,Discrete_Transistor_X,100.0,5.02,elevated,264.52415430734715,540.9948620478967,549.721202789928,533.5872148593276,True,sudden_failure,critical,276.4707077405496,8.726340742031311,-16.133987930600483,284.5310474967906,57.84665857797676,4.305454688049294,533.5872148593276,,
LOT-029-C0039,LOT-029,Discrete_Transistor_X,100.0,5.02,elevated,253.79455738802332,243.6612029689303,245.7001311859005,249.0478349782977,False,normal,none,-10.133354419093024,2.0389282169701914,3.3477037923971977,284.5310474967906,57.84665857797676,-0.6134012472070776,249.0478349782977,,
LOT-029-C0040,LOT-029,Discrete_Transistor_X,100.0,5.02,elevated,257.9134702970645,270.4814939119557,261.2942102754108,269.83791582101475,False,normal,none,12.56802361489116,-9.187283636544862,8.543705545603927,284.5310474967906,57.84665857797676,-0.254001389829106,269.83791582101475,,
LOT-029-C0041,LOT-029,Discrete_Transistor_X,100.0,5.02,elevated,258.6082790680051,267.3302678185025,269.18899837673916,266.89219954860613,False,normal,none,8.72198875049736,1.8587305582366866,-2.296798828133035,284.5310474967906,57.84665857797676,-0.3049242321301495,266.89219954860613,,
LOT-029-C0042,LOT-029,Discrete_Transistor_X,100.0,5.02,elevated,271.10617743871205,282.85691225524374,265.8310208678444,265.4514476052008,False,normal,none,11.75073481653169,-17.025891387399327,-0.37957326264358926,284.5310474967906,57.84665857797676,-0.3298306308543417,265.4514476052008,,
LOT-029-C0043,LOT-029,Discrete_Transistor_X,100.0,5.02,elevated,271.7257731801282,275.87804529089607,274.35884656676507,290.42841034304143,False,normal,none,4.1522721107678535,-1.5191987241310017,16.069563776276368,284.5310474967906,57.84665857797676,0.10194820221640329,290.42841034304143,,
LOT-029-C0044,LOT-029,Discrete_Transistor_X,100.0,5.02,elevated,262.7636988554931,277.8996887718299,311.70503330716633,336.4796312982734,True,gradual_degradation,low,15.135989916336825,33.80534453533642,24.774597991107044,284.5310474967906,57.84665857797676,0.8980394905862461,336.4796312982734,,
LOT-029-C0045,LOT-029,Discrete_Transistor_X,100.0,5.02,elevated,377.5410736386544,365.7710745666765,367.7774329470923,371.7402599958213,True,lot_relative_anomaly,medium,-11.769999071977907,2.0063583804158043,3.962827048729025,284.5310474967906,57.84665857797676,1.5075929127604402,371.7402599958213,,
LOT-029-C0046,LOT-029,Discrete_Transistor_X,100.0,5.02,elevated,260.0710091417246,256.42260195341163,259.2169499011631,260.5721786730616,False,normal,none,-3.6484071883129445,2.7943479477514757,1.3552287718985099,284.5310474967906,57.84665857797676,-0.41417895886644296,260.5721786730616,,
LOT-029-C0047,LOT-029,Discrete_Transistor_X,100.0,5.02,elevated,272.5628014577628,301.39120152171614,361.47130158364,416.6507665371715,True,gradual_degradation,low,28.828400063953325,60.08010006192387,55.179464953531465,284.5310474967906,57.84665857797676,2.283964576143749,416.6507665371715,,
LOT-029-C0048,LOT-029,Discrete_Transistor_X,100.0,5.02,elevated,237.87120536845933,248.1563158418854,235.3906721942207,250.49157089375473,False,normal,none,10.285110473426073,-12.765643647664689,15.100898699534014,284.5310474967906,57.84665857797676,-0.5884432643097439,250.49157089375473,,
LOT-029-C0049,LOT-029,Discrete_Transistor_X,100.0,5.02,elevated,256.74722499118445,255.01169637939688,247.74554347923987,256.34620087908775,False,normal,none,-1.7355286117875721,-7.26615290015701,8.600657399847876,284.5310474967906,57.84665857797676,-0.4872337886156373,256.34620087908775,,
LOT-029-C0050,LOT-029,Discrete_Transistor_X,100.0,5.02,elevated,274.27893697348065,293.4725379650169,371.93525869217325,413.66414894201125,True,gradual_degradation,low,19.193600991536243,78.46272072715635,41.728890249838,284.5310474967906,57.84665857797676,2.2323346692730817,413.66414894201125,,
LOT-029-C0051,LOT-029,Discrete_Transistor_X,100.0,5.02,elevated,272.75544517746636,263.8091772584203,265.64333388758524,268.28604712702685,False,normal,none,-8.946267919046079,1.8341566291649656,2.642713239441605,284.5310474967906,57.84665857797676,-0.2808286730661489,268.28604712702685,,
LOT-029-C0052,LOT-029,Discrete_Transistor_X,100.0,5.02,elevated,278.05471552822604,264.41494080396336,265.9978935973832,264.36639334960057,False,normal,none,-13.63977472426268,1.5829527934198495,-1.6315002477826397,284.5310474967906,57.84665857797676,-0.3485880540534296,264.36639334960057,,
LOT-029-C0053,LOT-029,Discrete_Transistor_X,100.0,5.02,elevated,266.7383728945417,264.1328173073477,260.9820303185861,260.802081230534,False,normal,none,-2.605555587194033,-3.150786988761581,-0.17994908805212617,284.5310474967906,57.84665857797676,-0.41020461422625143,260.802081230534,,
LOT-029-C0054,LOT-029,Discrete_Transistor_X,100.0,5.02,elevated,269.47126236767525,267.29633080549314,268.8739745134248,270.39748384617513,False,normal,none,-2.1749315621821097,1.5776437079316565,1.5235093327503364,284.5310474967906,57.84665857797676,-0.24432809081899817,270.39748384617513,,
LOT-029-C0055,LOT-029,Discrete_Transistor_X,100.0,5.02,elevated,265.55213931164724,256.22804391892004,260.05934478577,244.73218677871355,False,normal,none,-9.324095392727202,3.831300866849972,-15.327158007056454,284.5310474967906,57.84665857797676,-0.6880062167191311,244.73218677871355,,
LOT-029-C0056,LOT-029,Discrete_Transistor_X,100.0,5.02,elevated,269.32794632207833,,262.86319803513146,271.60930994378936,False,normal,none,,,8.746111908657895,284.5310474967906,57.84665857797676,-0.2233791522388952,271.60930994378936,,
LOT-029-C0057,LOT-029,Discrete_Transistor_X,100.0,5.02,elevated,266.99801574916216,264.4022321584959,262.9418648198195,265.38291468797786,False,normal,none,-2.595783590666258,-1.4603673386764058,2.441049868158359,284.5310474967906,57.84665857797676,-0.3310153650966936,265.38291468797786,,
LOT-029-C0058,LOT-029,Discrete_Transistor_X,100.0,5.02,elevated,264.3141615894515,270.1253369081247,263.3295901873711,254.2326830087828,False,normal,none,5.811175318673236,-6.795746720753641,-9.096907178588282,284.5310474967906,57.84665857797676,-0.5237703478959965,254.2326830087828,,
LOT-029-C0059,LOT-029,Discrete_Transistor_X,100.0,5.02,elevated,252.78915249904173,261.2690587162012,,255.60429502985832,False,normal,none,8.479906217159453,,,284.5310474967906,57.84665857797676,-0.5000591767619439,255.60429502985832,,
LOT-030-C0000,LOT-030,Discrete_Transistor_X,100.0,5.09,nominal,193.94854170180926,193.43511269387514,192.88645785065148,189.3224004543202,True,lot_relative_anomaly,medium,-0.5134290079341213,-0.5486548432236589,-3.564057396331293,267.8380915687472,45.011570390611425,-1.7443446303487316,189.3224004543202,,
LOT-030-C0001,LOT-030,Discrete_Transistor_X,100.0,5.09,nominal,251.44787544447823,259.76349958647364,251.92202170421334,245.1794838503854,False,normal,none,8.315624141995414,-7.841477882260307,-6.74253785382794,267.8380915687472,45.011570390611425,-0.5033951830991428,245.1794838503854,,
LOT-030-C0002,LOT-030,Discrete_Transistor_X,100.0,5.09,nominal,250.12468904635875,259.6262796417536,249.3358728648938,250.71687459299284,False,normal,none,9.501590595394873,-10.29040677685984,1.3810017280990508,267.8380915687472,45.011570390611425,-0.3803736867471195,250.71687459299284,,
LOT-030-C0003,LOT-030,Discrete_Transistor_X,100.0,5.09,nominal,251.0464964941235,243.89183644699648,622.0806359249734,254.18302671245084,False,measurement_anomaly,low,-7.15466004712701,378.18879947797694,-367.8976092125226,267.8380915687472,45.011570390611425,-0.30336788380848273,254.18302671245084,,
LOT-030-C0004,LOT-030,Discrete_Transistor_X,100.0,5.09,nominal,262.9358883796894,,346.4090950722557,388.97591100399825,True,gradual_degradation,low,,,42.56681593174255,267.8380915687472,45.011570390611425,2.691259566907227,388.97591100399825,,
LOT-030-C0005,LOT-030,Discrete_Transistor_X,100.0,5.09,nominal,248.48072366335361,242.18089516133335,245.91002875686502,241.18873808779347,False,normal,none,-6.299828502020262,3.729133595531664,-4.72129066907155,267.8380915687472,45.011570390611425,-0.5920556259132936,241.18873808779347,,
LOT-030-C0006,LOT-030,Discrete_Transistor_X,100.0,5.09,nominal,253.36291860843917,256.9638842937093,307.9193111090072,422.10894061901575,True,accelerating_degradation,medium,3.600965685270154,50.95542681529787,114.18962951000856,267.8380915687472,45.011570390611425,3.4273598479569287,422.10894061901575,,
LOT-030-C0007,LOT-030,Discrete_Transistor_X,100.0,5.09,nominal,243.64647015509135,246.43868183363597,241.6268637853006,248.38746637299045,False,normal,none,2.792211678544618,-4.811818048335368,6.760602587689846,267.8380915687472,45.011570390611425,-0.4321250075694711,248.38746637299045,,
LOT-030-C0008,LOT-030,Discrete_Transistor_X,100.0,5.09,nominal,256.9495368202087,254.21855667682797,257.3808235252148,253.48281310457165,False,normal,none,-2.730980143380748,3.162266848386821,-3.8980104206431463,267.8380915687472,45.011570390611425,-0.31892418637252845,253.48281310457165,,
LOT-030-C0009,LOT-030,Discrete_Transistor_X,100.0,5.09,nominal,272.3087103026533,259.3618173548992,266.6642414342258,262.7768882191176,False,normal,none,-12.946892947754122,7.302424079326613,-3.8873532151081918,267.8380915687472,45.011570390611425,-0.11244227441318626,262.7768882191176,,
LOT-030-C0010,LOT-030,Discrete_Transistor_X,100.0,5.09,nominal,258.46896423783204,271.8544789115568,103.88601635933696,261.0576117959287,True,intermittent_anomaly,medium,13.385514673724742,-167.96846255221982,157.17159543659176,267.8380915687472,45.011570390611425,-0.1506385961204488,261.0576117959287,,
LOT-030-C0011,LOT-030,Discrete_Transistor_X,100.0,5.09,nominal,254.27860714199704,263.12551171864453,264.80386764082596,249.2559539949211,False,normal,none,8.84690457664749,1.6783559221814244,-15.547913645904856,267.8380915687472,45.011570390611425,-0.4128302437033385,249.2559539949211,,
LOT-030-C0012,LOT-030,Discrete_Transistor_X,100.0,5.09,nominal,249.9029117296832,242.97045931677562,243.036071607939,243.37081169140384,False,normal,none,-6.932452412907594,0.06561229116337586,0.33474008346485107,267.8380915687472,45.011570390611425,-0.5435775660572545,243.37081169140384,,
LOT-030-C0013,LOT-030,Discrete_Transistor_X,100.0,5.09,nominal,275.64935512550613,303.34489883213547,345.5141308690567,390.1593136801834,True,gradual_degradation,low,27.695543706629337,42.169232036921244,44.64518281112669,267.8380915687472,45.011570390611425,2.717550644199478,390.1593136801834,,
LOT-030-C0014,LOT-030,Discrete_Transistor_X,100.0,5.09,nominal,249.19080261631973,260.43672562904857,260.2219951609859,257.2234709972695,False,normal,none,11.245923012728838,-0.21473046806266893,-2.998524163716411,267.8380915687472,45.011570390611425,-0.23581982320020795,257.2234709972695,,
LOT-030-C0015,LOT-030,Discrete_Transistor_X,100.0,5.09,nominal,266.7205407067752,264.25517427769796,260.5398464213558,263.3406860328862,False,normal,none,-2.4653664290772213,-3.715327856342185,2.800839611530421,267.8380915687472,45.011570390611425,-0.09991665469194709,263.3406860328862,,
LOT-030-C0016,LOT-030,Discrete_Transistor_X,100.0,5.09,nominal,274.6848163765167,256.4657362617387,259.01279377124246,265.3246521959472,False,normal,none,-18.219080114778023,2.547057509503759,6.311858424704724,267.8380915687472,45.011570390611425,-0.05583985075366898,265.3246521959472,,
LOT-030-C0017,LOT-030,Discrete_Transistor_X,100.0,5.09,nominal,254.50506014567878,254.91527573773485,253.09888793839357,250.51278596123768,False,normal,none,0.41021559205606195,-1.8163877993412711,-2.5861019771558915,267.8380915687472,45.011570390611425,-0.38490782385862377,250.51278596123768,,
LOT-030-C0018,LOT-030,Discrete_Transistor_X,100.0,5.09,nominal,254.0477353052726,253.77569076873687,254.92675550135198,256.7445515813634,False,normal,none,-0.2720445365357307,1.1510647326151116,1.8177960800114192,267.8380915687472,45.011570390611425,-0.24645974115352567,256.7445515813634,,
LOT-030-C0019,LOT-030,Discrete_Transistor_X,100.0,5.09,nominal,277.1593134232176,267.35804606405117,306.3022108058461,368.5281348561981,True,accelerating_degradation,medium,-9.801267359166445,38.94416474179491,62.225924050352035,267.8380915687472,45.011570390611425,2.236981345322113,368.5281348561981,,
LOT-030-C0020,LOT-030,Discrete_Transistor_X,100.0,5.09,nominal,244.50619054156806,246.9742638186653,508.22755094324816,251.4540875613322,False,measurement_anomaly,low,2.4680732770972327,261.25328712458287,-256.773463381916,267.8380915687472,45.011570390611425,-0.3639953875244575,251.4540875613322,,
LOT-030-C0021,LOT-030,Discrete_Transistor_X,100.0,5.09,nominal,251.62939197132826,256.1571994053358,253.73517045057102,256.4051458442291,False,normal,none,4.527807434007542,-2.4220289547647837,2.6699753936580635,267.8380915687472,45.011570390611425,-0.25400015207873766,256.4051458442291,,
LOT-030-C0022,LOT-030,Discrete_Transistor_X,100.0,5.09,nominal,270.4429116960027,277.0521267430989,277.85596709518165,276.39847140794495,False,normal,none,6.6092150470962,0.8038403520827728,-1.457495687236701,267.8380915687472,45.011570390611425,0.19018176359790595,276.39847140794495,,
LOT-030-C0023,LOT-030,Discrete_Transistor_X,100.0,5.09,nominal,242.49972347252327,243.41751735040393,239.87260731209727,253.1213716781646,False,normal,none,0.9177938778806549,-3.5449100383066536,13.24876436606732,267.8380915687472,45.011570390611425,-0.3269541534070144,253.1213716781646,,
LOT-030-C0024,LOT-030,Discrete_Transistor_X,100.0,5.09,nominal,262.04517965914073,263.69510575118983,271.54988769853884,260.2855953798704,False,normal,none,1.6499260920490997,7.854781947349011,-11.264292318668424,267.8380915687472,45.011570390611425,-0.16779010648453366,260.2855953798704,,
LOT-030-C0025,LOT-030,Discrete_Transistor_X,100.0,5.09,nominal,254.12912707450278,263.97789377840604,248.71452412372014,263.6678386083366,False,normal,none,9.848766703903266,-15.263369654685903,14.953314484616442,267.8380915687472,45.011570390611425,-0.0926484662548109,263.6678386083366,,
LOT-030-C0026,LOT-030,Discrete_Transistor_X,100.0,5.09,nominal,252.89077968129158,252.56081758980508,259.7311106084666,249.207041867478,False,normal,none,-0.32996209148649314,7.170293018661539,-10.52406874098861,267.8380915687472,45.011570390611425,-0.4139169004677799,249.207041867478,,
LOT-030-C0027,LOT-030,Discrete_Transistor_X,100.0,5.09,nominal,264.70439768540854,267.4097633316738,257.3040510381612,273.08761544976545,False,normal,none,2.70536564626525,-10.105712293512568,15.783564411604232,267.8380915687472,45.011570390611425,0.11662609936651346,273.08761544976545,,
LOT-030-C0028,LOT-030,Discrete_Transistor_X,100.0,5.09,nominal,254.517531432871,256.2792175303566,263.19725543752014,263.2318870892645,False,normal,none,1.7616860974856081,6.918037907163523,0.034631651744348346,267.8380915687472,45.011570390611425,-0.10233378750196788,263.2318870892645,,
LOT-030-C0029,LOT-030,Discrete_Transistor_X,100.0,5.09,nominal,257.0214553963832,123.22427970408333,268.6201060913366,266.3165345401553,True,intermittent_anomaly,medium,-133.79717569229987,145.39582638725327,-2.303571551181278,267.8380915687472,45.011570390611425,-0.03380368681625114,266.3165345401553,,
LOT-030-C0030,LOT-030,Discrete_Transistor_X,100.0,5.09,nominal,270.10094613819393,268.7469538284444,260.9248505927663,264.06312529685175,False,normal,none,-1.3539923097495148,-7.822103235678128,3.138274704085461,267.8380915687472,45.011570390611425,-0.0838665756190285,264.06312529685175,,
LOT-030-C0031,LOT-030,Discrete_Transistor_X,100.0,5.09,nominal,258.27220616405504,253.76459330733402,251.9403353916512,253.12588073173922,False,normal,none,-4.5076128567210105,-1.8242579156828356,1.1855453400880265,267.8380915687472,45.011570390611425,-0.3268539779735538,253.12588073173922,,
LOT-030-C0032,LOT-030,Discrete_Transistor_X,100.0,5.09,nominal,241.90132816497572,239.74149430442975,243.0477504668079,251.88700637925385,False,normal,none,-2.159833860545973,3.306256162378162,8.839255912445935,267.8380915687472,45.011570390611425,-0.35437744231248686,251.88700637925385,,
LOT-030-C0033,LOT-030,Discrete_Transistor_X,100.0,5.09,nominal,262.19821417820043,256.91542008268755,250.25189854578304,253.60303841157875,False,normal,none,-5.282794095512884,-6.663521536904511,3.351139865795716,267.8380915687472,45.011570390611425,-0.3162531996470313,253.60303841157875,,
LOT-030-C0034,LOT-030,Discrete_Transistor_X,100.0,5.09,nominal,233.02111249012992,238.10790967421758,249.71887180490236,242.0808463346227,False,normal,none,5.086797184087658,11.610962130684783,-7.638025470279672,267.8380915687472,45.011570390611425,-0.5722360941998367,242.0808463346227,,
LOT-030-C0035,LOT-030,Discrete_Transistor_X,100.0,5.09,nominal,270.6398532835265,265.0476107151402,267.8914355133823,252.35415092140963,False,normal,none,-5.592242568386325,2.8438247982421103,-15.537284591972679,267.8380915687472,45.011570390611425,-0.34399912095862406,252.35415092140963,,
LOT-030-C0036,LOT-030,Discrete_Transistor_X,100.0,5.09,nominal,264.20245344371233,262.90840612624567,257.0396974583192,261.25258059637537,False,normal,none,-1.2940473174666636,-5.868708667926455,4.212883138056156,267.8380915687472,45.011570390611425,-0.14630706983165903,261.25258059637537,,
LOT-030-C0037,LOT-030,Discrete_Transistor_X,100.0,5.09,nominal,246.1145729556516,238.89641025560243,254.30214728440464,248.85837434238712,False,normal,none,-7.218162700049163,15.405737028802207,-5.443772942017517,267.8380915687472,45.011570390611425,-0.4216630759969859,248.85837434238712,,
LOT-030-C0038,LOT-030,Discrete_Transistor_X,100.0,5.09,nominal,243.8953871337271,228.27386466719688,239.11670864618918,233.93679308581574,False,normal,none,-15.621522466530223,10.842843978992306,-5.179915560373445,267.8380915687472,45.011570390611425,-0.7531685339732699,233.93679308581574,,
LOT-030-C0039,LOT-030,Discrete_Transistor_X,100.0,5.09,nominal,269.3686772590719,258.8856618345875,256.3607009160073,252.87106282785223,False,normal,none,-10.483015424484392,-2.5249609185801773,-3.4896380881550897,267.8380915687472,45.011570390611425,-0.332515142462499,252.87106282785223,,
LOT-030-C0040,LOT-030,Discrete_Transistor_X,100.0,5.09,nominal,270.9174955847802,257.310019577913,261.9088777367712,265.0480794098429,False,normal,none,-13.607476006867216,4.5988581588582065,3.139201673071682,267.8380915687472,45.011570390611425,-0.06198433279915588,265.0480794098429,,
LOT-030-C0041,LOT-030,Discrete_Transistor_X,100.0,5.09,nominal,264.6015181505908,271.3382555572586,274.11627596291277,277.24999864300486,False,normal,none,6.736737406667828,2.7780204056541606,3.1337226800920917,267.8380915687472,45.011570390611425,0.20909972686091438,277.24999864300486,,
LOT-030-C0042,LOT-030,Discrete_Transistor_X,100.0,5.09,nominal,269.7176275035694,272.7763896474569,339.05019810515483,463.7458039004387,True,accelerating_degradation,medium,3.0587621438874635,66.27380845769795,124.69560579528388,267.8380915687472,45.011570390611425,4.352385633995881,463.7458039004387,,
LOT-030-C0043,LOT-030,Discrete_Transistor_X,100.0,5.09,nominal,265.94670942671814,261.12211546622876,270.3033409499682,270.1860065249501,False,normal,none,-4.824593960489381,9.18122548373941,-0.11733442501810032,267.8380915687472,45.011570390611425,0.05216247591069643,270.1860065249501,,
LOT-030-C0044,LOT-030,Discrete_Transistor_X,100.0,5.09,nominal,268.0690681870167,268.5885171740089,274.2079491995646,265.0543379275916,False,normal,none,0.519448986992245,5.619432025555682,-9.153611271973034,267.8380915687472,45.011570390611425,-0.06184529037752151,265.0543379275916,,
LOT-030-C0045,LOT-030,Discrete_Transistor_X,100.0,5.09,nominal,275.60829733025867,272.45718523188793,274.9551962996162,269.3698042407099,False,normal,none,-3.1511120983707315,2.498011067728271,-5.5853920589062795,267.8380915687472,45.011570390611425,0.03402930976792188,269.3698042407099,,
LOT-030-C0046,LOT-030,Discrete_Transistor_X,100.0,5.09,nominal,267.08198188742875,268.44819058456227,243.33373537354709,259.68645389471493,False,normal,none,1.3662086971335157,-25.114455211015184,16.352718521167844,267.8380915687472,45.011570390611425,-0.18110093923167228,259.68645389471493,,
LOT-030-C0047,LOT-030,Discrete_Transistor_X,100.0,5.09,nominal,241.72532981164906,250.50548910961345,250.2623516418713,245.14764309583154,False,normal,none,8.780159297964389,-0.2431374677421445,-5.114708546039765,267.8380915687472,45.011570390611425,-0.5041025735384796,245.14764309583154,,
LOT-030-C0048,LOT-030,Discrete_Transistor_X,100.0,5.09,nominal,257.89898312308213,258.5996395982529,251.9867486501847,257.4693693565758,False,normal,none,0.7006564751707742,-6.6128909480682125,5.482620706391089,267.8380915687472,45.011570390611425,-0.23035681986190218,257.4693693565758,,
LOT-030-C0049,LOT-030,Discrete_Transistor_X,100.0,5.09,nominal,257.94227416398803,263.3242884643691,258.20184975879147,255.01503518610446,False,normal,none,5.3820143003810585,-5.122438705577622,-3.1868145726870125,267.8380915687472,45.011570390611425,-0.28488355930184084,255.01503518610446,,
LOT-030-C0050,LOT-030,Discrete_Transistor_X,100.0,5.09,nominal,243.12457480549412,244.21669627527947,252.441627946285,243.46082862577134,False,normal,none,1.0921214697853543,8.224931671005521,-8.980799320513654,267.8380915687472,45.011570390611425,-0.5415777039421066,243.46082862577134,,
LOT-030-C0051,LOT-030,Discrete_Transistor_X,100.0,5.09,nominal,269.1996666177075,261.7471322980896,259.85194094067435,268.2358700819765,False,normal,none,-7.452534319617939,-1.8951913574152286,8.383929141302133,267.8380915687472,45.011570390611425,0.008837250284257293,268.2358700819765,,
LOT-030-C0052,LOT-030,Discrete_Transistor_X,100.0,5.09,nominal,247.4005540922125,249.731715107963,254.7905170311678,249.00229840656283,False,normal,none,2.331161015750496,5.058801923204811,-5.78821862460498,267.8380915687472,45.011570390611425,-0.41846558559781233,249.00229840656283,,
LOT-030-C0053,LOT-030,Discrete_Transistor_X,100.0,5.09,nominal,258.77782722784076,255.7656736314881,258.35591291462373,249.39182699115088,False,normal,none,-3.012153596352647,2.5902392831356167,-8.964085923472851,267.8380915687472,45.011570390611425,-0.4098116199350347,249.39182699115088,,
LOT-030-C0054,LOT-030,Discrete_Transistor_X,100.0,5.09,nominal,261.95581401068637,256.89997799064383,250.3562639736226,253.97020941269665,False,normal,none,-5.055836020042534,-6.5437140170212444,3.613945439074058,267.8380915687472,45.011570390611425,-0.308095941459157,253.97020941269665,,
LOT-030-C0055,LOT-030,Discrete_Transistor_X,100.0,5.09,nominal,242.83554605573596,248.99175631932644,251.27974949034487,251.57941954645023,False,normal,none,6.156210263590481,2.287993171018428,0.2996700561053558,267.8380915687472,45.011570390611425,-0.3612109482340616,251.57941954645023,,
LOT-030-C0056,LOT-030,Discrete_Transistor_X,100.0,5.09,nominal,,257.9716873837231,252.3230181814582,259.526475775897,False,normal,none,,-5.6486692022649265,7.203457594438788,267.8380915687472,45.011570390611425,-0.18465509469502653,259.526475775897,,
LOT-030-C0057,LOT-030,Discrete_Transistor_X,100.0,5.09,nominal,248.7888642590167,238.55987410098416,242.88962001539298,258.3814010559172,False,normal,none,-10.22899015803253,4.329745914408818,15.491781040524216,267.8380915687472,45.011570390611425,-0.21009465856811083,258.3814010559172,,
LOT-030-C0058,LOT-030,Discrete_Transistor_X,100.0,5.09,nominal,250.27144554740016,254.6891080871,245.2816507016999,263.3752715939938,False,normal,none,4.4176625396998475,-9.407457385400107,18.09362089229387,267.8380915687472,45.011570390611425,-0.099148284230587,263.3752715939938,,
LOT-030-C0059,LOT-030,Discrete_Transistor_X,100.0,5.09,nominal,253.08225545344234,254.88588336367303,253.7863407676161,256.3403962952469,False,normal,none,1.8036279102306878,-1.0995425960569207,2.5540555276307657,267.8380915687472,45.011570390611425,-0.25543866107587565,256.3403962952469,,
LOT-031-C0000,LOT-031,Discrete_Transistor_X,85.0,5.19,nominal,235.80670508786417,232.33940729176615,237.85478266160388,231.72108782389952,False,normal,none,-3.4672977960980234,5.515375369837727,-6.133694837704354,278.6465768296298,54.937905295516416,-0.8541550456522402,231.72108782389952,,
LOT-031-C0001,LOT-031,Discrete_Transistor_X,85.0,5.19,nominal,259.0713371061795,243.01663172865395,249.22245588989566,251.9489185869164,False,normal,none,-16.05470537752555,6.205824161241708,2.726462697020736,278.6465768296298,54.937905295516416,-0.4859606149725597,251.9489185869164,,
LOT-031-C0002,LOT-031,Discrete_Transistor_X,85.0,5.19,nominal,256.1686005429363,258.2106436205766,250.61590281261377,256.44484705258543,False,normal,none,2.042043077640301,-7.594740807962836,5.828944239971662,278.6465768296298,54.937905295516416,-0.4041240680295156,256.44484705258543,,
LOT-031-C0003,LOT-031,Discrete_Transistor_X,85.0,5.19,nominal,252.78919578363752,252.74134235229863,250.12119344567014,260.3277516137094,False,normal,none,-0.047853431338893415,-2.6201489066284864,10.206558168039237,278.6465768296298,54.937905295516416,-0.3334460081319381,260.3277516137094,,
LOT-031-C0004,LOT-031,Discrete_Transistor_X,85.0,5.19,nominal,262.8599979402413,251.7550945979829,250.34493947844683,250.1218614714923,False,normal,none,-11.104903342258439,-1.410155119536057,-0.2230780069545233,278.6465768296298,54.937905295516416,-0.5192173819642417,250.1218614714923,,
LOT-031-C0005,LOT-031,Discrete_Transistor_X,85.0,5.19,nominal,279.29631398280077,280.2561703983618,272.7851355781041,,False,normal,none,0.9598564155610347,-7.471034820257728,,278.6465768296298,54.937905295516416,,,,
LOT-031-C0006,LOT-031,Discrete_Transistor_X,85.0,5.19,nominal,270.3642981846873,274.92768548380565,281.90248573633596,289.18130754705885,False,normal,none,4.563387299118347,6.974800252530315,7.278821810722889,278.6465768296298,54.937905295516416,0.19175705117917582,289.18130754705885,,
LOT-031-C0007,LOT-031,Discrete_Transistor_X,85.0,5.19,nominal,265.104013427687,264.0814842797339,296.48852781480787,388.6358123639288,True,accelerating_degradation,medium,-1.0225291479530938,32.40704353507397,92.14728454912091,278.6465768296298,54.937905295516416,2.0020646026210143,388.6358123639288,,
LOT-031-C0008,LOT-031,Discrete_Transistor_X,85.0,5.19,nominal,248.87606443356813,237.07840258405366,256.3948079924364,241.4366528478509,False,normal,none,-11.79766184951447,19.316405408382764,-14.958155144585533,278.6465768296298,54.937905295516416,-0.6773087503359119,241.4366528478509,,
LOT-031-C0009,LOT-031,Discrete_Transistor_X,85.0,5.19,nominal,245.90086118784612,251.34855940345963,250.2394601216947,245.17066682122396,False,normal,none,5.447698215613514,-1.1090992817649408,-5.06879330047073,278.6465768296298,54.937905295516416,-0.6093408517914108,245.17066682122396,,
LOT-031-C0010,LOT-031,Discrete_Transistor_X,85.0,5.19,nominal,262.5623401640068,249.957972850523,252.44056417428578,250.53227632214072,False,normal,none,-12.604367313483806,2.48259132376279,-1.9082878521450652,278.6465768296298,54.937905295516416,-0.5117468595910143,250.53227632214072,,
LOT-031-C0011,LOT-031,Discrete_Transistor_X,85.0,5.19,nominal,267.77964862058803,260.18984425268206,258.0928493391947,269.7897367745891,False,normal,none,-7.58980436790597,-2.0969949134873787,11.696887435394387,278.6465768296298,54.937905295516416,-0.16121546694215777,269.7897367745891,,
LOT-031-C0012,LOT-031,Discrete_Transistor_X,85.0,5.19,nominal,244.5059682816838,233.88481773732246,242.29745489753748,228.91386948861398,False,normal,none,-10.621150544361342,8.412637160215013,-13.383585408923494,278.6465768296298,54.937905295516416,-0.9052530684142155,228.91386948861398,,
LOT-031-C0013,LOT-031,Discrete_Transistor_X,85.0,5.19,nominal,238.95303655317042,246.99000773765488,275.7291354647604,306.41000440766027,True,gradual_degradation,low,8.036971184484457,28.73912772710554,30.68086894289985,278.6465768296298,54.937905295516416,0.5053601412119421,306.41000440766027,,
LOT-031-C0014,LOT-031,Discrete_Transistor_X,85.0,5.19,nominal,263.0545870423361,262.21867454078284,263.44964849281973,261.8518721329933,False,normal,none,-0.8359125015532527,1.2309739520368908,-1.5977763598264119,278.6465768296298,54.937905295516416,-0.3057034047129409,261.8518721329933,,
LOT-031-C0015,LOT-031,Discrete_Transistor_X,85.0,5.19,nominal,255.9921673809536,249.21687367916627,253.0081383953692,257.3237004553838,False,normal,none,-6.775293701787319,3.7912647162029316,4.315562060014599,278.6465768296298,54.937905295516416,-0.38812685448322315,257.3237004553838,,
LOT-031-C0016,LOT-031,Discrete_Transistor_X,85.0,5.19,nominal,254.77273029083904,242.6808475547023,247.43817671205937,238.27667173092448,False,normal,none,-12.09188273613674,4.757329157357077,-9.161504981134897,278.6465768296298,54.937905295516416,-0.7348278912629015,238.27667173092448,,
LOT-031-C0017,LOT-031,Discrete_Transistor_X,85.0,5.19,nominal,236.86115486659875,242.5522752981151,236.16835198114174,249.16102893684214,False,normal,none,5.691120431516339,-6.383923316973352,12.992676955700404,278.6465768296298,54.937905295516416,-0.5367068098825752,249.16102893684214,,
LOT-031-C0018,LOT-031,Discrete_Transistor_X,85.0,5.19,nominal,257.1356493667777,273.8521190647589,264.3731615010444,267.2498451106611,False,normal,none,16.716469697981154,-9.47895756371446,2.8766836096166912,278.6465768296298,54.937905295516416,-0.20744751110666734,267.2498451106611,,
LOT-031-C0019,LOT-031,Discrete_Transistor_X,85.0,5.19,nominal,272.4830369677357,261.3768541971776,269.56941775722765,267.1260702737432,False,normal,none,-11.10618277055812,8.192563560050075,-2.4433474834844446,278.6465768296298,54.937905295516416,-0.20970050630646803,267.1260702737432,,
LOT-031-C0020,LOT-031,Discrete_Transistor_X,85.0,5.19,nominal,239.85729064217335,245.37783662922138,248.88381214963698,251.85112077539512,False,normal,none,5.520545987048024,3.5059755204156033,2.967308625758136,278.6465768296298,54.937905295516416,-0.48774076678204736,251.85112077539512,,
LOT-031-C0021,LOT-031,Discrete_Transistor_X,85.0,5.19,nominal,252.12690393090082,262.54254470425684,259.7190874450382,258.5481009246744,False,normal,none,10.415640773356017,-2.8234572592186282,-1.17098652036384,278.6465768296298,54.937905295516416,-0.3658398658784629,258.5481009246744,,
LOT-031-C0022,LOT-031,Discrete_Transistor_X,85.0,5.19,nominal,248.0845758583098,252.0785906483705,252.9857612298361,261.7314271505119,False,normal,none,3.994014790060703,0.907170581465607,8.745665920675776,278.6465768296298,54.937905295516416,-0.30789578867504425,261.7314271505119,,
LOT-031-C0023,LOT-031,Discrete_Transistor_X,85.0,5.19,nominal,255.23140483815573,253.6943796085209,267.6435540824309,264.2964509569297,False,normal,none,-1.5370252296348212,13.949174473910006,-3.347103125501235,278.6465768296298,54.937905295516416,-0.26120627999027946,264.2964509569297,,
LOT-031-C0024,LOT-031,Discrete_Transistor_X,85.0,5.19,nominal,255.31591696509875,251.74121048886167,245.80598715736693,254.44764869196604,False,normal,none,-3.5747064762370826,-5.93522333149474,8.641661534599109,278.6465768296298,54.937905295516416,-0.44047780867317987,254.44764869196604,,
LOT-031-C0025,LOT-031,Discrete_Transistor_X,85.0,5.19,nominal,258.110059889784,256.6138728660336,,264.92960738831994,False,normal,none,-1.4961870237503945,,,278.6465768296298,54.937905295516416,-0.24968133327117087,264.92960738831994,,
LOT-031-C0026,LOT-031,Discrete_Transistor_X,85.0,5.19,nominal,256.2186813038804,252.2842598690181,259.2274961150013,258.4763106562922,False,normal,none,-3.934421434862287,6.943236245983229,-0.7511854587091307,278.6465768296298,54.937905295516416,-0.3671466188024417,258.4763106562922,,
LOT-031-C0027,LOT-031,Discrete_Transistor_X,85.0,5.19,nominal,252.278633517655,581.9966365804507,583.7959442663381,580.4258752760798,True,sudden_failure,critical,329.71800306279573,1.7993076858873565,-3.3700689902583463,278.6465768296298,54.937905295516416,5.4930980135327205,580.4258752760798,,
LOT-031-C0028,LOT-031,Discrete_Transistor_X,85.0,5.19,nominal,272.0156201977337,269.00094171949337,266.9181223822,280.9270256731399,False,normal,none,-3.0146784782403415,-2.0828193372933583,14.008903290939884,278.6465768296298,54.937905295516416,0.041509570327505955,280.9270256731399,,
LOT-031-C0029,LOT-031,Discrete_Transistor_X,85.0,5.19,nominal,246.91698274544652,242.04885075767024,240.35333150928682,243.71366480280665,False,normal,none,-4.86813198777628,-1.6955192483834196,3.3603332935198296,278.6465768296298,54.937905295516416,-0.6358617395205653,243.71366480280665,,
LOT-031-C0030,LOT-031,Discrete_Transistor_X,85.0,5.19,nominal,,241.9744715357845,251.43448550132427,256.5238008749592,False,normal,none,,9.460013965539787,5.089315373634918,278.6465768296298,54.937905295516416,-0.4026869214555962,256.5238008749592,,
LOT-031-C0031,LOT-031,Discrete_Transistor_X,85.0,5.19,nominal,262.5136666251386,259.5426466015656,257.5543667984765,260.8638181897753,False,normal,none,-2.9710200235730326,-1.9882798030890854,3.3094513912988077,278.6465768296298,54.937905295516416,-0.3236883267426973,260.8638181897753,,
LOT-031-C0032,LOT-031,Discrete_Transistor_X,85.0,5.19,nominal,293.3123807579729,288.18375262684236,292.5457675075524,284.7924746032348,False,normal,none,-5.12862813113054,4.362014880710035,-7.753292904317618,278.6465768296298,54.937905295516416,0.1118698963956779,284.7924746032348,,
LOT-031-C0033,LOT-031,Discrete_Transistor_X,85.0,5.19,nominal,302.60474078144824,304.0782384040572,301.62820991491844,302.2726943755795,True,lot_relative_anomaly,medium,1.4734976226089316,-2.450028489138731,0.6444844606610332,278.6465768296298,54.937905295516416,0.4300512991688064,302.2726943755795,,
LOT-031-C0034,LOT-031,Discrete_Transistor_X,85.0,5.19,nominal,274.94819888116933,265.34510747058016,259.7348782439475,261.97030601605377,False,normal,none,-9.603091410589172,-5.6102292266326685,2.235427772106277,278.6465768296298,54.937905295516416,-0.3035476275237055,261.97030601605377,,
LOT-031-C0035,LOT-031,Discrete_Transistor_X,85.0,5.19,nominal,273.01954987016046,255.6459267192119,258.622499663845,260.14934917718705,False,normal,none,-17.37362315094856,2.9765729446331193,1.5268495133420288,278.6465768296298,54.937905295516416,-0.336693355033184,260.14934917718705,,
LOT-031-C0036,LOT-031,Discrete_Transistor_X,85.0,5.19,nominal,247.7226642662675,255.83187537298556,252.94580843117302,259.2538462988154,False,normal,none,8.109211106718078,-2.886066941812544,6.308037867642383,278.6465768296298,54.937905295516416,-0.3529936284701606,259.2538462988154,,
LOT-031-C0037,LOT-031,Discrete_Transistor_X,85.0,5.19,nominal,252.31598779458116,469.67305698214574,251.53593867698504,250.4544891562425,True,intermittent_anomaly,medium,217.35706918756458,-218.1371183051607,-1.0814495207425523,278.6465768296298,54.937905295516416,-0.5131627702537853,250.4544891562425,,
LOT-031-C0038,LOT-031,Discrete_Transistor_X,85.0,5.19,nominal,262.4462844596979,271.33943227183744,269.2326622404125,255.15927189640283,False,normal,none,8.893147812139546,-2.106770031424958,-14.073390344009653,278.6465768296298,54.937905295516416,-0.4275245808315121,255.15927189640283,,
LOT-031-C0039,LOT-031,Discrete_Transistor_X,85.0,5.19,nominal,244.63266323550394,256.73498745171855,275.4143272799268,321.7166966337654,True,accelerating_degradation,medium,12.102324216214612,18.679339828208242,46.30236935383863,278.6465768296298,54.937905295516416,0.7839781945171954,321.7166966337654,,
LOT-031-C0040,LOT-031,Discrete_Transistor_X,85.0,5.19,nominal,260.82744391668774,247.21256559457834,257.6451199873903,258.723575047439,False,normal,none,-13.614878322109405,10.432554392811937,1.078455060048725,278.6465768296298,54.937905295516416,-0.36264582122348865,258.723575047439,,
LOT-031-C0041,LOT-031,Discrete_Transistor_X,85.0,5.19,nominal,331.1238842402705,329.3136842194557,333.76931471388986,321.43082055401436,True,lot_relative_anomaly,medium,-1.8102000208148183,4.4556304944341605,-12.338494159875495,278.6465768296298,54.937905295516416,0.7787745727516165,321.43082055401436,,
LOT-031-C0042,LOT-031,Discrete_Transistor_X,85.0,5.19,nominal,253.5279025170669,251.48837042972565,257.10216078567515,252.5312743420607,False,normal,none,-2.0395320873412572,5.613790355949504,-4.570886443614455,278.6465768296298,54.937905295516416,-0.4753603608854816,252.5312743420607,,
LOT-031-C0043,LOT-031,Discrete_Transistor_X,85.0,5.19,nominal,339.5869756356864,340.5783223601572,333.0607856281876,342.7966631280694,True,lot_relative_anomaly,medium,0.9913467244708158,-7.517536731969585,9.73587749988178,278.6465768296298,54.937905295516416,1.1676835138393054,342.7966631280694,,
LOT-031-C0044,LOT-031,Discrete_Transistor_X,85.0,5.19,nominal,262.8006818500455,261.38535935665243,311.3803316192215,392.2020651728849,True,accelerating_degradation,medium,-1.4153224933930915,49.99497226256909,80.82173355366336,278.6465768296298,54.937905295516416,2.0669788506210587,392.2020651728849,,
LOT-031-C0045,LOT-031,Discrete_Transistor_X,85.0,5.19,nominal,242.591065600763,245.02182911511474,294.2986789164403,322.0936163011711,True,gradual_degradation,low,2.430763514351753,49.27684980132554,27.794937384730815,278.6465768296298,54.937905295516416,0.790839025220117,322.0936163011711,,
LOT-031-C0046,LOT-031,Discrete_Transistor_X,85.0,5.19,nominal,307.61543757856424,299.9943590123309,299.3025037268835,303.83772256137627,True,lot_relative_anomaly,medium,-7.6210785662333365,-0.6918552854473887,4.535218834492753,278.6465768296298,54.937905295516416,0.4585385190105231,303.83772256137627,,
LOT-031-C0047,LOT-031,Discrete_Transistor_X,85.0,5.19,nominal,249.2126735390275,245.85086644459918,256.57276242788936,252.79518073870412,False,normal,none,-3.3618070944283147,10.721895983290182,-3.77758168918524,278.6465768296298,54.937905295516416,-0.4705566393889331,252.79518073870412,,
LOT-031-C0048,LOT-031,Discrete_Transistor_X,85.0,5.19,nominal,248.13420206440924,249.3879170722391,247.34314100701346,249.41286238669193,False,normal,none,1.253715007829868,-2.0447760652256477,2.0697213796784695,278.6465768296298,54.937905295516416,-0.532122844613147,249.41286238669193,,
LOT-031-C0049,LOT-031,Discrete_Transistor_X,85.0,5.19,nominal,267.9366819353134,272.4202670076685,256.49738779974666,261.80042687790484,False,normal,none,4.483585072355083,-15.922879207921824,5.303039078158179,278.6465768296298,54.937905295516416,-0.30663983020662783,261.80042687790484,,
LOT-031-C0050,LOT-031,Discrete_Transistor_X,85.0,5.19,nominal,250.76140687876938,248.37573033013953,252.920300897045,257.68385668242155,False,normal,none,-2.3856765486298457,4.544570566905463,4.763555785376553,278.6465768296298,54.937905295516416,-0.3815711581001806,257.68385668242155,,
LOT-031-C0051,LOT-031,Discrete_Transistor_X,85.0,5.19,nominal,270.1822986554345,272.0588965201596,262.31044409427494,266.70331272650907,False,normal,none,1.8765978647250563,-9.748452425884636,4.392868632234126,278.6465768296298,54.937905295516416,-0.21739569499195008,266.70331272650907,,
LOT-031-C0052,LOT-031,Discrete_Transistor_X,85.0,5.19,nominal,242.8710093667117,245.69849408056618,249.7781654730177,254.35796721319653,False,normal,none,2.8274847138544885,4.07967139245153,4.579801740178823,278.6465768296298,54.937905295516416,-0.44211022400257954,254.35796721319653,,
LOT-031-C0053,LOT-031,Discrete_Transistor_X,85.0,5.19,nominal,248.90561397682956,253.83535550139172,257.09840932882156,252.6622615422554,False,normal,none,4.929741524562161,3.263053827429843,-4.436147786566153,278.6465768296298,54.937905295516416,-0.47297608359114146,252.6622615422554,,
LOT-031-C0054,LOT-031,Discrete_Transistor_X,85.0,5.19,nominal,275.2292664592622,260.2814926271693,255.804056393222,273.0775013853266,False,normal,none,-14.947773832092878,-4.477436233947316,17.27344499210463,278.6465768296298,54.937905295516416,-0.10137036376517379,273.0775013853266,,
LOT-031-C0055,LOT-031,Discrete_Transistor_X,85.0,5.19,nominal,278.33372251465664,275.51742674184334,325.68353138598513,409.430934916219,True,accelerating_degradation,medium,-2.816295772813305,50.1661046441418,83.74740353023384,278.6465768296298,54.937905295516416,2.380585087529042,409.430934916219,,
LOT-031-C0056,LOT-031,Discrete_Transistor_X,85.0,5.19,nominal,263.21527319748395,256.2283372885512,266.7965069658799,261.8437695812439,False,normal,none,-6.9869359089327645,10.56816967732874,-4.952737384636009,278.6465768296298,54.937905295516416,-0.3058508903461447,261.8437695812439,,
LOT-031-C0057,LOT-031,Discrete_Transistor_X,85.0,5.19,nominal,251.61559588304624,256.12087147179517,242.32412978155665,246.67092351799602,False,normal,none,4.50527558874893,-13.79674169023852,4.346793736439366,278.6465768296298,54.937905295516416,-0.5820326264649804,246.67092351799602,,
LOT-031-C0058,LOT-031,Discrete_Transistor_X,85.0,5.19,nominal,257.7410266615606,273.62870948621173,289.5313843427469,332.7253348009208,True,gradual_degradation,low,15.887682824651108,15.902674856535157,43.1939504581739,278.6465768296298,54.937905295516416,0.9843614837587276,332.7253348009208,,
LOT-031-C0059,LOT-031,Discrete_Transistor_X,85.0,5.19,nominal,281.7746166094554,282.7260818452312,279.4150923487349,283.24000219140174,False,normal,none,0.9514652357757996,-3.3109894964962905,3.824909842666841,278.6465768296298,54.937905295516416,0.08361122137918184,283.24000219140174,,
LOT-032-C0000,LOT-032,Discrete_Transistor_X,85.0,4.56,nominal,235.02731347424142,234.67402217516806,246.07399558077182,242.46218716491643,False,normal,none,-0.3532912990733621,11.39997340560376,-3.6118084158553927,263.05649188014024,54.432198951937345,-0.37834783660693583,242.46218716491643,,
LOT-032-C0001,LOT-032,Discrete_Transistor_X,85.0,4.56,nominal,254.47434140214162,257.22711161986217,260.27308254418307,258.89088435550053,False,normal,none,2.7527702177205526,3.0459709243208977,-1.382198188682537,263.05649188014024,54.432198951937345,-0.07652837116350687,258.89088435550053,,
LOT-032-C0002,LOT-032,Discrete_Transistor_X,85.0,4.56,nominal,259.8665828482646,268.390967855854,260.7987097813775,267.7428068863873,False,normal,none,8.524385007589387,-7.59225807447649,6.944097105009803,263.05649188014024,54.432198951937345,0.08609453772729268,267.7428068863873,,
LOT-032-C0003,LOT-032,Discrete_Transistor_X,85.0,4.56,nominal,246.33938746737638,241.2842957611906,239.83400282180824,245.75064849194428,False,normal,none,-5.055091706185777,-1.450292939382365,5.916645670136035,263.05649188014024,54.432198951937345,-0.31793393839327927,245.75064849194428,,
LOT-032-C0004,LOT-032,Discrete_Transistor_X,85.0,4.56,nominal,246.9712703785704,245.90749086020207,251.15985820115142,249.43247550815312,False,normal,none,-1.0637795183683352,5.252367340949348,-1.7273826929983045,263.05649188014024,54.432198951937345,-0.2502933306812919,249.43247550815312,,
LOT-032-C0005,LOT-032,Discrete_Transistor_X,85.0,4.56,nominal,264.4080680545813,277.88580696644425,260.4796642647015,277.8930769044814,False,normal,none,13.477738911862957,-17.406142701742738,17.413412639779892,263.05649188014024,54.432198951937345,0.2725700102147554,277.8930769044814,,
LOT-032-C0006,LOT-032,Discrete_Transistor_X,85.0,4.56,nominal,273.50392353762265,271.80125375372836,566.9598354484248,564.3913858831656,True,sudden_failure,critical,-1.7026697838942937,295.1585816946964,-2.5684495652591295,263.05649188014024,54.432198951937345,5.535967677313546,564.3913858831656,,
LOT-032-C0007,LOT-032,Discrete_Transistor_X,85.0,4.56,nominal,252.55550211748135,256.8860945966805,259.912470942316,253.78559782314971,False,normal,none,4.33059247919914,3.0263763456355264,-6.126873119166305,263.05649188014024,54.432198951937345,-0.1703200354844485,253.78559782314971,,
LOT-032-C0008,LOT-032,Discrete_Transistor_X,85.0,4.56,nominal,246.9132055565857,246.50270969220344,239.5852882511392,246.54536391168728,False,normal,none,-0.4104958643822556,-6.917421441064249,6.960075660548085,263.05649188014024,54.432198951937345,-0.3033338407480469,246.54536391168728,,
LOT-032-C0009,LOT-032,Discrete_Transistor_X,85.0,4.56,nominal,338.04604856773494,339.73530615703726,327.3196603886078,315.62251412097083,True,lot_relative_anomaly,medium,1.689257589302315,-12.415645768429442,-11.697146267636981,263.05649188014024,54.432198951937345,0.965715573740562,315.62251412097083,,
LOT-032-C0010,LOT-032,Discrete_Transistor_X,85.0,4.56,nominal,252.80261310312386,247.79631161859672,251.16714580577388,239.21782660693265,False,normal,none,-5.0063014845271425,3.3708341871771665,-11.949319198841238,263.05649188014024,54.432198951937345,-0.4379515384681907,239.21782660693265,,
LOT-032-C0011,LOT-032,Discrete_Transistor_X,85.0,4.56,nominal,266.16274066682047,265.8610274980139,257.39634023963066,269.877875878615,False,normal,none,-0.3017131688065433,-8.464687258383265,12.481535638984326,263.05649188014024,54.432198951937345,0.1253189128827572,269.877875878615,,
LOT-032-C0012,LOT-032,Discrete_Transistor_X,85.0,4.56,nominal,259.76875207623704,262.2898900289481,260.2423178237675,256.4155077129631,False,normal,none,2.521137952711058,-2.047572205180586,-3.826810110804388,263.05649188014024,54.432198951937345,-0.1220047011703678,256.4155077129631,,
LOT-032-C0013,LOT-032,Discrete_Transistor_X,85.0,4.56,nominal,247.08600100105284,249.0982674371345,233.1429053198942,245.1605829195663,False,normal,none,2.01226643608166,-15.955362117240298,12.017677599672112,263.05649188014024,54.432198951937345,-0.3287743156651764,245.1605829195663,,
LOT-032-C0014,LOT-032,Discrete_Transistor_X,85.0,4.56,nominal,244.50156227712998,241.57146993852578,253.6439797971963,247.84979109725714,False,normal,none,-2.9300923386041973,12.072509858670514,-5.794188699939156,263.05649188014024,54.432198951937345,-0.27936958410058627,247.84979109725714,,
LOT-032-C0015,LOT-032,Discrete_Transistor_X,85.0,4.56,nominal,256.0886750977236,256.81745923261497,511.29844277569765,504.1213961972475,True,sudden_failure,critical,0.7287841348913844,254.4809835430827,-7.177046578450131,263.05649188014024,54.432198951937345,4.428718827434535,504.1213961972475,,
LOT-032-C0016,LOT-032,Discrete_Transistor_X,85.0,4.56,nominal,257.50398396805855,279.974278434934,268.7609476218607,256.4637166346272,False,normal,none,22.47029446687543,-11.213330813073298,-12.29723098723349,263.05649188014024,54.432198951937345,-0.12111903197837653,256.4637166346272,,
LOT-032-C0017,LOT-032,Discrete_Transistor_X,85.0,4.56,nominal,226.08410645097413,229.07988174497686,240.08312814956398,229.12581262113554,False,normal,none,2.9957752940027262,11.003246404587117,-10.957315528428438,263.05649188014024,54.432198951937345,-0.6233567614816533,229.12581262113554,,
LOT-032-C0018,LOT-032,Discrete_Transistor_X,85.0,4.56,nominal,263.99101176052216,266.7298118176633,253.86837722798674,252.65349866879748,False,normal,none,2.738800057141134,-12.861434589676549,-1.214878559189259,263.05649188014024,54.432198951937345,-0.19111837132518597,252.65349866879748,,
LOT-032-C0019,LOT-032,Discrete_Transistor_X,85.0,4.56,nominal,265.6774598152748,263.14992649071127,267.8894330368322,264.0386148887822,False,normal,none,-2.527533324563535,4.739506546120936,-3.8508181480499957,263.05649188014024,54.432198951937345,0.018043052229235867,264.0386148887822,,
LOT-032-C0020,LOT-032,Discrete_Transistor_X,85.0,4.56,nominal,250.87651806255877,250.41174381227808,249.63326554769787,249.377796980315,False,normal,none,-0.46477425028069774,-0.7784782645802011,-0.25546856738287715,263.05649188014024,54.432198951937345,-0.25129785610725164,249.377796980315,,
LOT-032-C0021,LOT-032,Discrete_Transistor_X,85.0,4.56,nominal,241.32295302544648,248.92722115146373,237.90040322658,250.29366437060241,False,normal,none,7.604268126017246,-11.026817924883716,12.393261144022404,263.05649188014024,54.432198951937345,-0.23447201757928568,250.29366437060241,,
LOT-032-C0022,LOT-032,Discrete_Transistor_X,85.0,4.56,nominal,257.0423161613554,253.92609354639944,251.37232868946484,253.55237917325246,False,normal,none,-3.116222614955973,-2.553764856934606,2.1800504837876247,263.05649188014024,54.432198951937345,-0.17460460701357558,253.55237917325246,,
LOT-032-C0023,LOT-032,Discrete_Transistor_X,85.0,4.56,nominal,242.5234353884145,237.2494462956034,245.5344385330096,243.50378622399913,False,normal,none,-5.273989092811092,8.284992237406186,-2.0306523090104633,263.05649188014024,54.432198951937345,-0.3592121213659915,243.50378622399913,,
LOT-032-C0024,LOT-032,Discrete_Transistor_X,85.0,4.56,nominal,254.8338916572927,251.68808909794913,244.98189888003955,252.48719547029657,False,normal,none,-3.145802559343565,-6.70619021790958,7.505296590257018,263.05649188014024,54.432198951937345,-0.194173607044172,252.48719547029657,,
LOT-032-C0025,LOT-032,Discrete_Transistor_X,85.0,4.56,nominal,234.97402150236746,239.46532164863694,281.84155700551526,347.699120995863,True,accelerating_degradation,medium,4.491300146269481,42.37623535687831,65.85756399034773,263.05649188014024,54.432198951937345,1.5550102833519672,347.699120995863,,
LOT-032-C0026,LOT-032,Discrete_Transistor_X,85.0,4.56,nominal,256.91236783595116,274.1064257735771,249.9587615981581,257.9097272993333,False,normal,none,17.194057937625928,-24.14766417541898,7.950965701175221,263.05649188014024,54.432198951937345,-0.09455367741713719,257.9097272993333,,
LOT-032-C0027,LOT-032,Discrete_Transistor_X,85.0,4.56,nominal,280.9110252442956,275.12397987454904,267.8668408496956,276.6158437224716,False,normal,none,-5.787045369746579,-7.257139024853416,8.749002872775975,263.05649188014024,54.432198951937345,0.24910534763263958,276.6158437224716,,
LOT-032-C0028,LOT-032,Discrete_Transistor_X,85.0,4.56,nominal,247.72517650669826,253.73663259730168,257.28973655999124,252.707066718285,False,normal,none,6.011456090603417,3.553103962689562,-4.582669841706235,263.05649188014024,54.432198951937345,-0.1901342470289248,252.707066718285,,
LOT-032-C0029,LOT-032,Discrete_Transistor_X,85.0,4.56,nominal,236.67489202798336,253.05700858877447,249.86289415240063,235.35024538035367,False,normal,none,16.382116560791104,-3.1941144363738374,-14.512648772046958,263.05649188014024,54.432198951937345,-0.5090047257552591,235.35024538035367,,
LOT-032-C0030,LOT-032,Discrete_Transistor_X,85.0,4.56,nominal,247.2515438964279,243.62488945789957,245.6286727827482,237.19958594429602,False,normal,none,-3.626654438528334,2.0037833248486265,-8.429086838452179,263.05649188014024,54.432198951937345,-0.47502960441990244,237.19958594429602,,
LOT-032-C0031,LOT-032,Discrete_Transistor_X,85.0,4.56,nominal,251.28984338838862,256.9010479181842,257.5297314062982,256.72168622107125,False,normal,none,5.611204529795572,0.6286834881140066,-0.8080451852269448,263.05649188014024,54.432198951937345,-0.11637974913823546,256.72168622107125,,
LOT-032-C0032,LOT-032,Discrete_Transistor_X,85.0,4.56,nominal,253.80171804918706,243.1287428618485,237.54830533899724,254.59481924975825,False,normal,none,-10.672975187338551,-5.58043752285127,17.046513910761007,263.05649188014024,54.432198951937345,-0.15545344103870398,254.59481924975825,,
LOT-032-C0033,LOT-032,Discrete_Transistor_X,85.0,4.56,nominal,243.23880491661168,256.20432589015815,251.4326178231238,250.13370504218366,False,normal,none,12.965520973546461,-4.7717080670343535,-1.2989127809401282,263.05649188014024,54.432198951937345,-0.23741070702227496,250.13370504218366,,
LOT-032-C0034,LOT-032,Discrete_Transistor_X,85.0,4.56,nominal,249.574859835561,255.83926899054393,255.9765987111481,246.82517559520932,False,normal,none,6.264409154982928,0.13732972060418547,-9.151423115938798,263.05649188014024,54.432198951937345,-0.29819328628010944,246.82517559520932,,
LOT-032-C0035,LOT-032,Discrete_Transistor_X,85.0,4.56,nominal,264.6867367447736,257.7638368972956,256.22142822454344,259.41532964741106,False,normal,none,-6.922899847477993,-1.542408672752174,3.1939014228676115,263.05649188014024,54.432198951937345,-0.0668935354962284,259.41532964741106,,
LOT-032-C0036,LOT-032,Discrete_Transistor_X,85.0,4.56,nominal,244.21360475941663,238.87906542220975,248.19908065799257,236.15552610158758,False,normal,none,-5.334539337206877,9.320015235782819,-12.043554556404985,263.05649188014024,54.432198951937345,-0.49421052789555187,236.15552610158758,,
LOT-032-C0037,LOT-032,Discrete_Transistor_X,85.0,4.56,nominal,242.60877799505172,248.4995421692031,250.7573233531878,248.5616596553401,False,normal,none,5.890764174151371,2.25778118398469,-2.195663697847692,263.05649188014024,54.432198951937345,-0.266291505834604,248.5616596553401,,
LOT-032-C0038,LOT-032,Discrete_Transistor_X,85.0,4.56,nominal,257.9538867025431,260.87240841253856,249.86173092392502,256.51880142265645,False,normal,none,2.9185217099954457,-11.010677488613538,6.657070498731429,263.05649188014024,54.432198951937345,-0.12010704295184646,256.51880142265645,,
LOT-032-C0039,LOT-032,Discrete_Transistor_X,85.0,4.56,nominal,250.4760009927969,260.602680815367,255.5791184048651,254.0698407930477,False,normal,none,10.126679822570111,-5.02356241050191,-1.5092776118174243,263.05649188014024,54.432198951937345,-0.1650980717319101,254.0698407930477,,
LOT-032-C0040,LOT-032,Discrete_Transistor_X,85.0,4.56,nominal,257.2640646523577,251.04849012223247,266.0024508130872,263.6557425600247,False,normal,none,-6.215574530125252,14.953960690854728,-2.346708253062502,263.05649188014024,54.432198951937345,0.011009121281570425,263.6557425600247,,
LOT-032-C0041,LOT-032,Discrete_Transistor_X,85.0,4.56,nominal,241.87069384380422,240.81228205577068,238.0255175292833,231.35804933461773,False,normal,none,-1.0584117880335384,-2.7867645264873886,-6.66746819466556,263.05649188014024,54.432198951937345,-0.5823472715756287,231.35804933461773,,
LOT-032-C0042,LOT-032,Discrete_Transistor_X,85.0,4.56,nominal,252.24243089557916,252.2429017590414,245.00438642379444,248.5835382821923,False,normal,none,0.0004708634622261343,-7.2385153352469445,3.5791518583978643,263.05649188014024,54.432198951937345,-0.2658895631008274,248.5835382821923,,
LOT-032-C0043,LOT-032,Discrete_Transistor_X,85.0,4.56,nominal,,267.55854542917217,,260.9965372124307,False,missing_invalid,unknown,,,,263.05649188014024,54.432198951937345,-0.03784441391993776,260.9965372124307,,
LOT-032-C0044,LOT-032,Discrete_Transistor_X,85.0,4.56,nominal,243.41595263338024,234.70519041056872,240.0442742028413,233.93883230462149,False,normal,none,-8.710762222811525,5.339083792272589,-6.105441898219823,263.05649188014024,54.432198951937345,-0.5349344714371934,233.93883230462149,,
LOT-032-C0045,LOT-032,Discrete_Transistor_X,85.0,4.56,nominal,250.9087149895719,249.70343569230062,252.9235517608377,246.4586137918393,False,normal,none,-1.2052792972712894,3.220116068537095,-6.464937968998413,263.05649188014024,54.432198951937345,-0.3049275687531304,246.4586137918393,,
LOT-032-C0046,LOT-032,Discrete_Transistor_X,85.0,4.56,nominal,229.85825939844284,236.63526404957113,233.9427820633026,228.06111267926107,False,normal,none,6.777004651128294,-2.6924819862685467,-5.8816693840415155,263.05649188014024,54.432198951937345,-0.642916874105701,228.06111267926107,,
LOT-032-C0047,LOT-032,Discrete_Transistor_X,85.0,4.56,nominal,258.3667146794536,249.2434607502393,259.86691026554087,258.98884060058964,False,normal,none,-9.123253929214286,10.623449515301559,-0.8780696649512265,263.05649188014024,54.432198951937345,-0.07472877006387829,258.98884060058964,,
LOT-032-C0048,LOT-032,Discrete_Transistor_X,85.0,4.56,nominal,237.9613186227318,247.10321614865472,242.53056663480308,249.7276812468614,False,normal,none,9.141897525922928,-4.572649513851644,7.1971146120583285,263.05649188014024,54.432198951937345,-0.24486996465176677,249.7276812468614,,
LOT-032-C0049,LOT-032,Discrete_Transistor_X,85.0,4.56,nominal,248.13779243877894,247.75898383896038,257.49622370741344,249.92103266628584,False,normal,none,-0.3788085998185693,9.73723986845306,-7.575191041127596,263.05649188014024,54.432198951937345,-0.24131781311008174,249.92103266628584,,
LOT-032-C0050,LOT-032,Discrete_Transistor_X,85.0,4.56,nominal,258.3166397387748,262.9410948428238,268.79103022435874,266.6520409442812,False,normal,none,4.624455104048991,5.8499353815349195,-2.13898928007751,263.05649188014024,54.432198951937345,0.06605555412736104,266.6520409442812,,
LOT-032-C0051,LOT-032,Discrete_Transistor_X,85.0,4.56,nominal,237.5778238578659,244.12953292600366,241.96805717075657,236.93531403716165,False,normal,none,6.551709068137768,-2.1614757552470962,-5.03274313359492,263.05649188014024,54.432198951937345,-0.47988467021226033,236.93531403716165,,
LOT-032-C0052,LOT-032,Discrete_Transistor_X,85.0,4.56,nominal,255.52581194073468,255.0783073393078,248.9458105585995,267.2359277528198,False,normal,none,-0.44750460142688553,-6.132496780708294,18.2901171942203,263.05649188014024,54.432198951937345,0.07678241836913348,267.2359277528198,,
LOT-032-C0053,LOT-032,Discrete_Transistor_X,85.0,4.56,nominal,244.71105591985477,243.91784114361622,246.83437774977355,251.6908281641323,False,normal,none,-0.7932147762385569,2.9165366061573366,4.856450414358761,263.05649188014024,54.432198951937345,-0.2088040522861038,251.6908281641323,,
LOT-032-C0054,LOT-032,Discrete_Transistor_X,85.0,4.56,nominal,228.02203310619228,226.1928326161476,226.3071239468139,238.45882116697254,False,normal,none,-1.829200490044684,0.1142913306663047,12.151697220158638,263.05649188014024,54.432198951937345,-0.45189559096973103,238.45882116697254,,
LOT-032-C0055,LOT-032,Discrete_Transistor_X,85.0,4.56,nominal,249.525246596732,259.0280971661575,255.51097679776157,252.47794323352144,False,normal,none,9.502850569425533,-3.5171203683959504,-3.033033564240128,263.05649188014024,54.432198951937345,-0.19434358431779447,252.47794323352144,,
LOT-032-C0056,LOT-032,Discrete_Transistor_X,85.0,4.56,nominal,243.99565315605793,236.07595426032046,236.6596919955405,235.83327598748335,False,normal,none,-7.9196988957374685,0.5837377352200406,-0.8264160080571514,263.05649188014024,54.432198951937345,-0.5001307390997469,235.83327598748335,,
LOT-032-C0057,LOT-032,Discrete_Transistor_X,85.0,4.56,nominal,249.28331389923562,247.31436289880122,254.18190842049756,245.73742777942462,False,normal,none,-1.9689510004344015,6.867545521696343,-8.444480641072943,263.05649188014024,54.432198951937345,-0.31817682243570655,245.73742777942462,,
LOT-032-C0058,LOT-032,Discrete_Transistor_X,85.0,4.56,nominal,279.8101659800275,280.62429956851844,276.05016955393376,276.60433041723303,False,normal,none,0.8141335884909608,-4.574130014584682,0.5541608632992734,263.05649188014024,54.432198951937345,0.2488938311872222,276.60433041723303,,
LOT-032-C0059,LOT-032,Discrete_Transistor_X,85.0,4.56,nominal,250.5174209898554,236.44517998832097,239.46636891454693,232.9391023630452,False,normal,none,-14.072241001534422,3.0211889262259604,-6.527266551501725,263.05649188014024,54.432198951937345,-0.5533009890650964,232.9391023630452,,
LOT-033-C0000,LOT-033,Discrete_Transistor_X,125.0,4.9,elevated,274.9899839818319,563.4016748319125,570.064679532938,555.0347242548039,True,sudden_failure,critical,288.41169085008056,6.663004701025557,-15.029955278134139,300.9803733757947,98.19093608714421,2.5873503299076055,555.0347242548039,,
LOT-033-C0001,LOT-033,Discrete_Transistor_X,125.0,4.9,elevated,272.7129870096737,279.6861493496401,265.1088725746631,271.21481519323083,False,normal,none,6.973162339966393,-14.577276774977008,6.105942618567724,300.9803733757947,98.19093608714421,-0.3031395703993191,271.21481519323083,,
LOT-033-C0002,LOT-033,Discrete_Transistor_X,125.0,4.9,elevated,263.76250131692984,266.94739214323283,267.9862732357595,256.23414587638797,False,normal,none,3.18489082630299,1.0388810925266512,-11.752127359371514,300.9803733757947,98.19093608714421,-0.4557062930909895,256.23414587638797,,
LOT-033-C0003,LOT-033,Discrete_Transistor_X,125.0,4.9,elevated,254.47964715077137,254.5365597561506,351.77079117221746,548.7055046655823,True,accelerating_degradation,medium,0.05691260537923881,97.23423141606685,196.93471349336488,300.9803733757947,98.19093608714421,2.5228920423971943,548.7055046655823,,
LOT-033-C0004,LOT-033,Discrete_Transistor_X,125.0,4.9,elevated,264.1109374256814,265.635082393245,266.45465487741296,272.8223159297192,False,normal,none,1.5241449675635863,0.8195724841679635,6.367661052306232,300.9803733757947,98.19093608714421,-0.2867683980635985,272.8223159297192,,
LOT-033-C0005,LOT-033,Discrete_Transistor_X,125.0,4.9,elevated,263.3129241799851,279.6942739055708,259.07629687086126,274.1919007230373,False,normal,none,16.38134972558572,-20.617977034709554,15.115603852176037,300.9803733757947,98.19093608714421,-0.27282021865014844,274.1919007230373,,
LOT-033-C0006,LOT-033,Discrete_Transistor_X,125.0,4.9,elevated,292.91846396814225,291.81737673895526,280.5508348355167,291.5022258721471,False,normal,none,-1.1010872291869873,-11.266541903438565,10.951391036630412,300.9803733757947,98.19093608714421,-0.09652772324357706,291.5022258721471,,
LOT-033-C0007,LOT-033,Discrete_Transistor_X,125.0,4.9,elevated,284.3184283821389,273.9103959772979,282.0229222076622,283.2785443139409,False,normal,none,-10.40803240484098,8.112526230364267,1.2556221062787358,300.9803733757947,98.19093608714421,-0.18027966497990683,283.2785443139409,,
LOT-033-C0008,LOT-033,Discrete_Transistor_X,125.0,4.9,elevated,257.5179466303305,256.11188524149156,249.2367447613218,499.7838009332498,True,sudden_failure,critical,-1.406061388838964,-6.875140480169762,250.54705617192798,300.9803733757947,98.19093608714421,2.0246616997419955,499.7838009332498,,
LOT-033-C0009,LOT-033,Discrete_Transistor_X,125.0,4.9,elevated,281.3907234112089,289.4338230158731,300.5410413425774,289.5820706801136,False,normal,none,8.043099604664178,11.107218326704299,-10.958970662463798,300.9803733757947,98.19093608714421,-0.11608304340397747,289.5820706801136,,
LOT-033-C0010,LOT-033,Discrete_Transistor_X,125.0,4.9,elevated,261.16827731569464,259.31504203861857,256.73728084679794,263.0035433965431,False,normal,none,-1.8532352770760667,-2.5777611918206276,6.266262549745136,300.9803733757947,98.19093608714421,-0.386765128153451,263.0035433965431,,
LOT-033-C0011,LOT-033,Discrete_Transistor_X,125.0,4.9,elevated,312.1030114914235,324.84499111136495,322.7332873777146,325.8201853686253,True,lot_relative_anomaly,medium,12.741979619941446,-2.1117037336503586,3.0868979909106997,300.9803733757947,98.19093608714421,0.25297459198051936,325.8201853686253,,
LOT-033-C0012,LOT-033,Discrete_Transistor_X,125.0,4.9,elevated,251.6424129387063,259.1596154302232,254.10683660183375,265.727504257062,False,normal,none,7.517202491516912,-5.0527788283894495,11.620667655228232,300.9803733757947,98.19093608714421,-0.3590236586342951,265.727504257062,,
LOT-033-C0013,LOT-033,Discrete_Transistor_X,125.0,4.9,elevated,265.1570407568949,262.7727906991319,268.329751009461,261.486215808235,False,normal,none,-2.3842500577629835,5.556960310329089,-6.843535201226018,300.9803733757947,98.19093608714421,-0.40221795556067186,261.486215808235,,
LOT-033-C0014,LOT-033,Discrete_Transistor_X,125.0,4.9,elevated,251.19961986147143,244.00141530069263,229.9443593522674,248.4131754124052,False,normal,none,-7.198204560778805,-14.057055948425216,18.468816060137783,300.9803733757947,98.19093608714421,-0.5353569286348007,248.4131754124052,,
LOT-033-C0015,LOT-033,Discrete_Transistor_X,125.0,4.9,elevated,262.01149057561923,250.1553585418572,249.09530946631662,255.94892416774655,False,normal,none,-11.856132033762037,-1.0600490755405758,6.853614701429933,300.9803733757947,98.19093608714421,-0.4586110592538081,255.94892416774655,,
LOT-033-C0016,LOT-033,Discrete_Transistor_X,125.0,4.9,elevated,257.14428243504017,257.03786732624025,255.04774632835773,259.378505017348,False,normal,none,-0.10641510879992211,-1.9901209978825136,4.330758688990272,300.9803733757947,98.19093608714421,-0.4236833868405651,259.378505017348,,
LOT-033-C0017,LOT-033,Discrete_Transistor_X,125.0,4.9,elevated,263.3402401820276,273.1005740561028,266.13752471202355,267.9395866978363,False,normal,none,9.760333874075172,-6.963049344079252,1.8020619858127702,300.9803733757947,98.19093608714421,-0.3364952814853989,267.9395866978363,,
LOT-033-C0018,LOT-033,Discrete_Transistor_X,125.0,4.9,elevated,262.6420042479451,264.8150028041857,,265.291967605333,False,normal,none,2.1729985562406,,,300.9803733757947,98.19093608714421,-0.3634592681628816,265.291967605333,,
LOT-033-C0019,LOT-033,Discrete_Transistor_X,125.0,4.9,elevated,264.3672992755095,254.39248108828036,261.6317347279835,251.98510114380588,False,normal,none,-9.974818187229118,7.239253639703122,-9.646633584177607,300.9803733757947,98.19093608714421,-0.49897958186798086,251.98510114380588,,
LOT-033-C0020,LOT-033,Discrete_Transistor_X,125.0,4.9,elevated,279.58780382708363,264.0517226694526,260.4203556276959,266.8593586461767,False,normal,none,-15.536081157631031,-3.6313670417566755,6.439003018480776,300.9803733757947,98.19093608714421,-0.3474965825698587,266.8593586461767,,
LOT-033-C0021,LOT-033,Discrete_Transistor_X,125.0,4.9,elevated,282.57527758379433,279.47391523497345,292.29890836904946,285.10055415085003,False,normal,none,-3.101362348820885,12.82499313407601,-7.198354218199427,300.9803733757947,98.19093608714421,-0.1617238806120699,285.10055415085003,,
LOT-033-C0022,LOT-033,Discrete_Transistor_X,125.0,4.9,elevated,261.6060414585532,272.49804004510526,274.6608401152088,260.390062624376,False,normal,none,10.891998586552063,2.1628000701035717,-14.270777490832813,300.9803733757947,98.19093608714421,-0.413381442003923,260.390062624376,,
LOT-033-C0023,LOT-033,Discrete_Transistor_X,125.0,4.9,elevated,264.941027889445,266.73807298633403,264.0639674957862,269.6216902015781,False,normal,none,1.7970450968890077,-2.674105490547845,5.557722705791889,300.9803733757947,98.19093608714421,-0.31936433670808373,269.6216902015781,,
LOT-033-C0024,LOT-033,Discrete_Transistor_X,125.0,4.9,elevated,254.71796412527863,257.7889392155531,249.9918840601571,256.42235612418415,False,normal,none,3.0709750902744872,-7.797055155396009,6.430472064027043,300.9803733757947,98.19093608714421,-0.45378951486994124,256.42235612418415,,
LOT-033-C0025,LOT-033,Discrete_Transistor_X,125.0,4.9,elevated,276.4314312102645,280.1986405647125,269.96101052828953,287.0427766175892,False,normal,none,3.767209354447971,-10.237630036422956,17.081766089299663,300.9803733757947,98.19093608714421,-0.14194382204316647,287.0427766175892,,
LOT-033-C0026,LOT-033,Discrete_Transistor_X,125.0,4.9,elevated,257.52425253534574,262.19064692979464,409.2704745645888,269.7165817413513,True,intermittent_anomaly,medium,4.666394394448901,147.07982763479419,-139.5538928232375,300.9803733757947,98.19093608714421,-0.31839793855001924,269.7165817413513,,
LOT-033-C0027,LOT-033,Discrete_Transistor_X,125.0,4.9,elevated,261.1217610478856,267.1814011524242,356.11931015296625,594.8451389474401,True,accelerating_degradation,medium,6.059640104538573,88.93790900054205,238.72582879447384,300.9803733757947,98.19093608714421,2.992789123741942,594.8451389474401,,
LOT-033-C0028,LOT-033,Discrete_Transistor_X,125.0,4.9,elevated,259.98464527102124,257.0929113803715,252.50276257250383,255.1452204195554,False,normal,none,-2.891733890649732,-4.590148807867678,2.64245784705156,300.9803733757947,98.19093608714421,-0.4667961706318876,255.1452204195554,,
LOT-033-C0029,LOT-033,Discrete_Transistor_X,125.0,4.9,elevated,268.23422340082294,262.2104042606818,348.1031489041651,660.1705510348985,True,accelerating_degradation,medium,-6.023819140141143,85.8927446434833,312.0674021307334,300.9803733757947,98.19093608714421,3.658078759329918,660.1705510348985,,
LOT-033-C0030,LOT-033,Discrete_Transistor_X,125.0,4.9,elevated,269.6837329269864,272.05240970283006,266.7996027137546,275.7932474859816,False,normal,none,2.368676775843653,-5.252806989075452,8.993644772227015,300.9803733757947,98.19093608714421,-0.2565117198542602,275.7932474859816,,
LOT-033-C0031,LOT-033,Discrete_Transistor_X,125.0,4.9,elevated,554.3208215991683,243.81093680947,245.72397582700876,237.56348428426088,False,measurement_anomaly,low,-310.5098847896983,1.9130390175387504,-8.160491542747877,300.9803733757947,98.19093608714421,-0.6458527804974944,237.56348428426088,,
LOT-033-C0032,LOT-033,Discrete_Transistor_X,125.0,4.9,elevated,358.4655366795071,363.8737943032017,345.4545303342769,349.7167190459567,True,lot_relative_anomaly,medium,5.408257623694567,-18.41926396892478,4.262188711679812,300.9803733757947,98.19093608714421,0.49634261177537414,349.7167190459567,,
LOT-033-C0033,LOT-033,Discrete_Transistor_X,125.0,4.9,elevated,273.304651466565,280.3784719793505,268.070415254667,277.57664277060246,False,normal,none,7.07382051278546,-12.308056724683468,9.50622751593545,300.9803733757947,98.19093608714421,-0.23834919533124233,277.57664277060246,,
LOT-033-C0034,LOT-033,Discrete_Transistor_X,125.0,4.9,elevated,261.5029066130564,270.10328583735344,257.3599994895567,256.6092317940669,False,normal,none,8.600379224297058,-12.743286347796754,-0.7507676954897988,300.9803733757947,98.19093608714421,-0.45188632830986114,256.6092317940669,,
LOT-033-C0035,LOT-033,Discrete_Transistor_X,125.0,4.9,elevated,270.3394726793526,263.7066230385114,257.0912645325095,270.32965026446084,False,normal,none,-6.632849640841187,-6.615358506001883,13.238385731951325,300.9803733757947,98.19093608714421,-0.3121543019422022,270.32965026446084,,
LOT-033-C0036,LOT-033,Discrete_Transistor_X,125.0,4.9,elevated,251.2518754333306,257.42018780963997,257.6832289396429,257.4095165435511,False,normal,none,6.168312376309359,0.2630411300029323,-0.27371239609180975,300.9803733757947,98.19093608714421,-0.4437360368331208,257.4095165435511,,
LOT-033-C0037,LOT-033,Discrete_Transistor_X,125.0,4.9,elevated,257.97727305461774,258.7370313916874,250.3627711740289,261.109332924034,False,normal,none,0.7597583370696839,-8.37426021765853,10.7465617500051,300.9803733757947,98.19093608714421,-0.4060562210790544,261.109332924034,,
LOT-033-C0038,LOT-033,Discrete_Transistor_X,125.0,4.9,elevated,260.60022355591195,267.0059699344254,272.72946788142684,265.9673628627914,False,normal,none,6.40574637851347,5.72349794700142,-6.762105018635452,300.9803733757947,98.19093608714421,-0.35658088117144926,265.9673628627914,,
LOT-033-C0039,LOT-033,Discrete_Transistor_X,125.0,4.9,elevated,264.4223452203485,256.416155025975,268.6909061881373,264.7289559106119,False,normal,none,-8.006190194373517,12.274751162162318,-3.961950277525432,300.9803733757947,98.19093608714421,-0.36919311404679755,264.7289559106119,,
LOT-033-C0040,LOT-033,Discrete_Transistor_X,125.0,4.9,elevated,254.35520403852172,287.9342103651411,420.724803580174,534.8035670503695,True,gradual_degradation,low,33.57900632661938,132.7905932150329,114.07876347019544,300.9803733757947,98.19093608714421,2.381311381603056,534.8035670503695,,
LOT-033-C0041,LOT-033,Discrete_Transistor_X,125.0,4.9,elevated,323.39017064779193,323.1279265670612,319.392277958233,327.69163479892933,True,lot_relative_anomaly,medium,-0.26224408073073846,-3.7356486088281713,8.299356840696305,300.9803733757947,98.19093608714421,0.2720338810033181,327.69163479892933,,
LOT-033-C0042,LOT-033,Discrete_Transistor_X,125.0,4.9,elevated,266.9347095584438,267.19363403699936,,269.21101865471985,False,normal,none,0.25892447855557066,,,300.9803733757947,98.19093608714421,-0.32354671405596597,269.21101865471985,,
LOT-033-C0043,LOT-033,Discrete_Transistor_X,125.0,4.9,elevated,262.2262391633531,253.283222684046,264.3995250332028,257.4296226276008,False,normal,none,-8.943016479307119,11.116302349156797,-6.969902405601999,300.9803733757947,98.19093608714421,-0.4435312716597666,257.4296226276008,,
LOT-033-C0044,LOT-033,Discrete_Transistor_X,125.0,4.9,elevated,266.990736347801,314.1680629236714,400.42865377778645,515.4887229770164,True,gradual_degradation,low,47.17732657587044,86.26059085411504,115.06006919922999,300.9803733757947,98.19093608714421,2.1846043855906014,515.4887229770164,,
LOT-033-C0045,LOT-033,Discrete_Transistor_X,125.0,4.9,elevated,255.29674129179568,245.4797558877456,244.67485981424184,249.5355614153113,False,normal,none,-9.816985404050087,-0.8048960735037554,4.860701601069451,300.9803733757947,98.19093608714421,-0.5239262808822425,249.5355614153113,,
LOT-033-C0046,LOT-033,Discrete_Transistor_X,125.0,4.9,elevated,191.58670093066186,196.2794999913071,193.85208483012812,194.6202891481883,True,lot_relative_anomaly,medium,4.692799060645228,-2.4274151611789705,0.7682043180601852,300.9803733757947,98.19093608714421,-1.0831965603547369,194.6202891481883,,
LOT-033-C0047,LOT-033,Discrete_Transistor_X,125.0,4.9,elevated,255.90833554434784,265.13355545856143,256.16149932119714,254.59940598078333,False,normal,none,9.225219914213596,-8.97205613736429,-1.56209334041381,300.9803733757947,98.19093608714421,-0.47235487554419897,254.59940598078333,,
LOT-033-C0048,LOT-033,Discrete_Transistor_X,125.0,4.9,elevated,262.1271865993685,260.6461397810172,267.6340935157398,263.22509444599933,False,normal,none,-1.481046818351274,6.987953734722566,-4.408999069740446,300.9803733757947,98.19093608714421,-0.384508799226516,263.22509444599933,,
LOT-033-C0049,LOT-033,Discrete_Transistor_X,125.0,4.9,elevated,272.9195114400468,282.2648379196569,265.61580568416184,278.01717819993485,False,normal,none,9.345326479610094,-16.649032235495042,12.401372515773005,300.9803733757947,98.19093608714421,-0.23386267705483632,278.01717819993485,,
LOT-033-C0050,LOT-033,Discrete_Transistor_X,125.0,4.9,elevated,254.56032223930714,270.5029538670865,260.4359274115864,260.01439288021095,False,normal,none,15.942631627779349,-10.06702645550007,-0.42153453137547103,300.9803733757947,98.19093608714421,-0.41720735261375425,260.01439288021095,,
LOT-033-C0051,LOT-033,Discrete_Transistor_X,125.0,4.9,elevated,247.2444911016701,248.18056875473408,254.47652701941786,246.9538647496695,False,normal,none,0.9360776530639896,6.295958264683776,-7.522662269748366,300.9803733757947,98.19093608714421,-0.550218897782753,246.9538647496695,,
LOT-033-C0052,LOT-033,Discrete_Transistor_X,125.0,4.9,elevated,254.67568642606307,259.3029371998418,257.9315005050446,256.8168199646957,False,normal,none,4.627250773778712,-1.3714366947971826,-1.1146805403488997,300.9803733757947,98.19093608714421,-0.4497722006836149,256.8168199646957,,
LOT-033-C0053,LOT-033,Discrete_Transistor_X,125.0,4.9,elevated,253.1375809779124,256.43806141217874,262.1125433918182,263.5022668897,False,normal,none,3.3004804342663476,5.674481979639438,1.389723497881846,300.9803733757947,98.19093608714421,-0.38168600870484604,263.5022668897,,
LOT-033-C0054,LOT-033,Discrete_Transistor_X,125.0,4.9,elevated,254.43066662462672,252.41114021083095,253.56993403647158,251.81780683785223,False,normal,none,-2.0195264137957736,1.158793825640629,-1.7521271986193483,300.9803733757947,98.19093608714421,-0.5006833471300329,251.81780683785223,,
LOT-033-C0055,LOT-033,Discrete_Transistor_X,125.0,4.9,elevated,255.96744315063128,260.85516133412904,256.46932072899045,256.2347564056986,False,normal,none,4.887718183497753,-4.385840605138583,-0.23456432329186327,300.9803733757947,98.19093608714421,-0.45570007531432954,256.2347564056986,,
LOT-033-C0056,LOT-033,Discrete_Transistor_X,125.0,4.9,elevated,264.46975096409534,274.4955022133978,276.9453790383874,267.02580059094487,False,normal,none,10.02575124930246,2.4498768249895875,-9.919578447442518,300.9803733757947,98.19093608714421,-0.34580149795817466,267.02580059094487,,
LOT-033-C0057,LOT-033,Discrete_Transistor_X,125.0,4.9,elevated,282.4518983803584,279.995338143802,272.87871085866703,273.838219954328,False,normal,none,-2.456560236556413,-7.116627285134939,0.9595090956609624,300.9803733757947,98.19093608714421,-0.2764221882697822,273.838219954328,,
LOT-033-C0058,LOT-033,Discrete_Transistor_X,125.0,4.9,elevated,255.66388238729766,255.0966237409123,254.5359477153863,245.8726396790016,False,normal,none,-0.567258646385369,-0.5606760255259928,-8.663308036384706,300.9803733757947,98.19093608714421,-0.5612303527474792,245.8726396790016,,
LOT-033-C0059,LOT-033,Discrete_Transistor_X,125.0,4.9,elevated,266.38922804472776,260.342206618193,271.17992779504436,262.66054758526036,False,normal,none,-6.047021426534741,10.837721176851346,-8.519380209784003,300.9803733757947,98.19093608714421,-0.3902582796086761,262.66054758526036,,
LOT-034-C0000,LOT-034,Discrete_Transistor_X,150.0,4.86,nominal,255.69858555923457,254.6206810724517,257.900474356658,247.88837994145993,False,normal,none,-1.0779044867828702,3.279793284206278,-10.01209441519805,303.4402800690733,176.7050500796685,-0.3143764148368566,247.88837994145993,,
LOT-034-C0001,LOT-034,Discrete_Transistor_X,150.0,4.86,nominal,,257.00750943557523,244.61997667945937,250.87630779577768,False,normal,none,,-12.38753275611586,6.256331116318307,303.4402800690733,176.7050500796685,-0.29746728941587613,250.87630779577768,,
LOT-034-C0002,LOT-034,Discrete_Transistor_X,150.0,4.86,nominal,252.48666217289932,336.79685118374664,567.8459514636245,808.0747784940761,True,gradual_degradation,low,84.31018901084732,231.04910027987785,240.2288270304516,303.4402800690733,176.7050500796685,2.8558012246819513,808.0747784940761,,
LOT-034-C0003,LOT-034,Discrete_Transistor_X,150.0,4.86,nominal,251.44502405224424,259.0182282193686,250.61725334175378,248.30233857804143,False,normal,none,7.5732041671243735,-8.400974877614829,-2.314914763712352,303.4402800690733,176.7050500796685,-0.31203376171859615,248.30233857804143,,
LOT-034-C0004,LOT-034,Discrete_Transistor_X,150.0,4.86,nominal,265.228463391495,255.3468870483423,256.32913584753135,254.0387037918333,False,normal,none,-9.881576343152688,0.9822487991890512,-2.2904320556980338,303.4402800690733,176.7050500796685,-0.279570822989875,254.0387037918333,,
LOT-034-C0005,LOT-034,Discrete_Transistor_X,150.0,4.86,nominal,241.7742691290655,244.39820572073788,241.868964953043,239.561454357555,False,normal,none,2.62393659167239,-2.529240767694887,-2.3075105954879973,303.4402800690733,176.7050500796685,-0.3614997176522017,239.561454357555,,
LOT-034-C0006,LOT-034,Discrete_Transistor_X,150.0,4.86,nominal,231.52967800032127,232.17554972357303,236.21064225956772,236.19204248495552,False,normal,none,0.6458717232517586,4.035092535994693,-0.018599774612198416,303.4402800690733,176.7050500796685,-0.38056771752589147,236.19204248495552,,
LOT-034-C0007,LOT-034,Discrete_Transistor_X,150.0,4.86,nominal,268.86777796001724,317.5476043133671,518.440362750822,729.255099237694,True,gradual_degradation,low,48.67982635334988,200.89275843745492,210.814736486872,303.4402800690733,176.7050500796685,2.4097490081728825,729.255099237694,,
LOT-034-C0008,LOT-034,Discrete_Transistor_X,150.0,4.86,nominal,270.3189478791367,269.76776548557314,276.24532371150326,263.96869022900535,False,normal,none,-0.5511823935635789,6.4775582259301245,-12.276633482497914,303.4402800690733,176.7050500796685,-0.22337556183183202,263.96869022900535,,
LOT-034-C0009,LOT-034,Discrete_Transistor_X,150.0,4.86,nominal,268.3871318764045,269.18761958137554,256.52010952445113,262.70095491324565,False,normal,none,0.800487704971033,-12.667510056924414,6.180845388794523,303.4402800690733,176.7050500796685,-0.2305498633879456,262.70095491324565,,
LOT-034-C0010,LOT-034,Discrete_Transistor_X,150.0,4.86,nominal,267.1050078209198,249.62051145986183,259.49561904003644,249.30377941079712,False,normal,none,-17.484496361057978,9.875107580174614,-10.191839629239325,303.4402800690733,176.7050500796685,-0.3063664600070481,249.30377941079712,,
LOT-034-C0011,LOT-034,Discrete_Transistor_X,150.0,4.86,nominal,261.5748258148817,275.77934005917484,271.6199557556474,277.51678827922836,False,normal,none,14.204514244293136,-4.159384303527418,5.89683252358094,303.4402800690733,176.7050500796685,-0.1467048722045985,277.51678827922836,,
LOT-034-C0012,LOT-034,Discrete_Transistor_X,150.0,4.86,nominal,266.70682639851736,269.8977221506353,272.0866714674633,268.2849400499055,False,normal,none,3.1908957521179104,2.1889493168280296,-3.8017314175577894,303.4402800690733,176.7050500796685,-0.19894926604145047,268.2849400499055,,
LOT-034-C0013,LOT-034,Discrete_Transistor_X,150.0,4.86,nominal,,262.60703320086736,249.41532604403878,258.6396083316721,False,normal,none,,-13.191707156828585,9.224282287633315,303.4402800690733,176.7050500796685,-0.2535336240656539,258.6396083316721,,
LOT-034-C0014,LOT-034,Discrete_Transistor_X,150.0,4.86,nominal,258.4390300537777,273.5280940415677,274.5800847324118,272.7562574755704,False,normal,none,15.089063987790041,1.051990690844093,-1.8238272568414118,303.4402800690733,176.7050500796685,-0.17364541975268297,272.7562574755704,,
LOT-034-C0015,LOT-034,Discrete_Transistor_X,150.0,4.86,nominal,243.40952565390853,244.4253960953529,247.03139510218,246.40265846201407,False,normal,none,1.0158704414443775,2.6059990068270906,-0.6287366401659256,303.4402800690733,176.7050500796685,-0.32278433231729087,246.40265846201407,,
LOT-034-C0016,LOT-034,Discrete_Transistor_X,150.0,4.86,nominal,263.656419052896,264.16732005314236,263.7083749325236,269.5076780125269,False,normal,none,0.5109010002463492,-0.4589451206187505,5.7993030800033125,303.4402800690733,176.7050500796685,-0.19202961115852477,269.5076780125269,,
LOT-034-C0017,LOT-034,Discrete_Transistor_X,150.0,4.86,nominal,255.49902702789183,263.2036050592078,255.18034388623846,253.55682271757018,False,normal,none,7.704578031315975,-8.023261172969342,-1.623521168668276,303.4402800690733,176.7050500796685,-0.2822978592236774,253.55682271757018,,
LOT-034-C0018,LOT-034,Discrete_Transistor_X,150.0,4.86,nominal,232.6787080102733,237.45251774989995,235.7731447729598,234.5841408506949,False,normal,none,4.773809739626643,-1.679372976940158,-1.1890039222649023,303.4402800690733,176.7050500796685,-0.389667070563825,234.5841408506949,,
LOT-034-C0019,LOT-034,Discrete_Transistor_X,150.0,4.86,nominal,227.62569945029952,231.58992254980166,227.9328743462391,225.22853803867474,False,normal,none,3.964223099502135,-3.6570482035625673,-2.704336307564347,303.4402800690733,176.7050500796685,-0.44261180987830484,225.22853803867474,,
LOT-034-C0020,LOT-034,Discrete_Transistor_X,150.0,4.86,nominal,262.5579340887713,259.1222766681242,271.0014837532657,268.5085855826504,False,normal,none,-3.4356574206470896,11.879207085141502,-2.4928981706152626,303.4402800690733,176.7050500796685,-0.19768362291102448,268.5085855826504,,
LOT-034-C0021,LOT-034,Discrete_Transistor_X,150.0,4.86,nominal,246.00657540065677,242.13291321926408,246.9147942813568,249.586862379306,False,normal,none,-3.873662181392689,4.781881062092708,2.6720680979492215,303.4402800690733,176.7050500796685,-0.3047644516412359,249.586862379306,,
LOT-034-C0022,LOT-034,Discrete_Transistor_X,150.0,4.86,nominal,268.07842491460724,260.48133536621583,277.608398292929,258.4551851921151,False,normal,none,-7.597089548391409,17.127062926713165,-19.1532131008139,303.4402800690733,176.7050500796685,-0.2545773018749403,258.4551851921151,,
LOT-034-C0023,LOT-034,Discrete_Transistor_X,150.0,4.86,nominal,259.74271049461964,263.6435152418698,249.68633996414977,268.48021526101127,False,normal,none,3.900804747250163,-13.95717527772004,18.7938752968615,303.4402800690733,176.7050500796685,-0.1978441747550514,268.48021526101127,,
LOT-034-C0024,LOT-034,Discrete_Transistor_X,150.0,4.86,nominal,241.63531863525816,253.83494040415772,391.40219877398346,883.2746316814554,True,accelerating_degradation,medium,12.199621768899561,137.56725836982574,491.87243290747193,303.4402800690733,176.7050500796685,3.2813683103621565,883.2746316814554,,
LOT-034-C0025,LOT-034,Discrete_Transistor_X,150.0,4.86,nominal,255.7035476522958,246.9754444551447,241.93049725636897,260.5778334347532,False,normal,none,-8.728103197151114,-5.044947198775731,18.647336178384222,303.4402800690733,176.7050500796685,-0.2425649216872712,260.5778334347532,,
LOT-034-C0026,LOT-034,Discrete_Transistor_X,150.0,4.86,nominal,246.4632037245484,244.38882881835715,241.1541553262204,242.79695593357752,False,normal,none,-2.0743749061912524,-3.23467349213675,1.6428006073571169,303.4402800690733,176.7050500796685,-0.3431895359422631,242.79695593357752,,
LOT-034-C0027,LOT-034,Discrete_Transistor_X,150.0,4.86,nominal,259.46360938884254,268.08623938422505,262.1760293031887,260.8019283272204,False,normal,none,8.62262999538251,-5.910210081036325,-1.3741009759683038,303.4402800690733,176.7050500796685,-0.24129673556374953,260.8019283272204,,
LOT-034-C0028,LOT-034,Discrete_Transistor_X,150.0,4.86,nominal,245.25737090218476,247.67259984033404,249.09282251191604,242.6733878459278,False,normal,none,2.4152289381492835,1.420222671581996,-6.419434665988234,303.4402800690733,176.7050500796685,-0.34388882601684784,242.6733878459278,,
LOT-034-C0029,LOT-034,Discrete_Transistor_X,150.0,4.86,nominal,258.6384761371504,258.2429876975021,267.0941461544151,257.4535929756919,False,normal,none,-0.39548843964831804,8.851158456913026,-9.640553178723223,303.4402800690733,176.7050500796685,-0.2602454602890413,257.4535929756919,,
LOT-034-C0030,LOT-034,Discrete_Transistor_X,150.0,4.86,nominal,241.45871263133714,252.97392630605222,252.68189635077906,254.00577703800803,False,normal,none,11.515213674715085,-0.2920299552731649,1.3238806872289786,303.4402800690733,176.7050500796685,-0.2797571603572023,254.00577703800803,,
LOT-034-C0031,LOT-034,Discrete_Transistor_X,150.0,4.86,nominal,243.55037471603907,245.3621635882608,243.5954776255825,240.65724584802257,False,normal,none,1.8117888722217401,-1.7666859626783094,-2.9382317775599347,303.4402800690733,176.7050500796685,-0.35529847162118255,240.65724584802257,,
LOT-034-C0032,LOT-034,Discrete_Transistor_X,150.0,4.86,nominal,250.62320180866385,247.885491074291,257.56192705106537,251.72406684487768,False,normal,none,-2.737710734372854,9.676435976774371,-5.837860206187685,303.4402800690733,176.7050500796685,-0.29266969563619755,251.72406684487768,,
LOT-034-C0033,LOT-034,Discrete_Transistor_X,150.0,4.86,nominal,223.5896098621847,230.07913327238415,228.51084463765022,230.01672701110473,False,normal,none,6.489523410199467,-1.568288634733932,1.5058823734545115,303.4402800690733,176.7050500796685,-0.4155147406645432,230.01672701110473,,
LOT-034-C0034,LOT-034,Discrete_Transistor_X,150.0,4.86,nominal,242.57945100204475,235.68396292573485,240.48896457665964,239.29162035085182,False,normal,none,-6.895488076309903,4.805001650924794,-1.197344225807825,303.4402800690733,176.7050500796685,-0.36302674818461445,239.29162035085182,,
LOT-034-C0035,LOT-034,Discrete_Transistor_X,150.0,4.86,nominal,228.6360623369633,224.33837485901267,231.18687887862208,228.56687254306223,False,normal,none,-4.297687477950632,6.848504019609408,-2.62000633555985,303.4402800690733,176.7050500796685,-0.42371968142536937,228.56687254306223,,
LOT-034-C0036,LOT-034,Discrete_Transistor_X,150.0,4.86,nominal,263.05318306967774,256.7530792978993,258.9751633201069,261.6276252906127,False,normal,none,-6.300103771778424,2.222084022207582,2.652461970505783,303.4402800690733,176.7050500796685,-0.23662399438844078,261.6276252906127,,
LOT-034-C0037,LOT-034,Discrete_Transistor_X,150.0,4.86,nominal,242.52392815933712,236.58016191197575,241.09977515790627,247.34424453400652,False,normal,none,-5.943766247361367,4.519613245930515,6.244469376100255,303.4402800690733,176.7050500796685,-0.31745575754499133,247.34424453400652,,
LOT-034-C0038,LOT-034,Discrete_Transistor_X,150.0,4.86,nominal,235.1457824854022,242.51445372985586,244.80528687099087,235.7929215250292,False,normal,none,7.368671244453651,2.2908331411350105,-9.012365345961683,303.4402800690733,176.7050500796685,-0.38282640203856605,235.7929215250292,,
LOT-034-C0039,LOT-034,Discrete_Transistor_X,150.0,4.86,nominal,241.23460502322118,242.6826111546247,249.27371012829704,241.46087614229876,False,normal,none,1.448006131403531,6.591098973672331,-7.812833985998282,303.4402800690733,176.7050500796685,-0.3507506089884289,241.46087614229876,,
LOT-034-C0040,LOT-034,Discrete_Transistor_X,150.0,4.86,nominal,234.38910610645132,238.5035046261027,238.8010639802143,239.90068534675945,False,normal,none,4.114398519651388,0.2975593541115984,1.0996213665451364,303.4402800690733,176.7050500796685,-0.3595799593371365,239.90068534675945,,
LOT-034-C0041,LOT-034,Discrete_Transistor_X,150.0,4.86,nominal,244.1617209801317,239.13091735406934,244.43482145211323,247.31397839288064,False,normal,none,-5.030803626062351,5.303904098043887,2.879156940767416,303.4402800690733,176.7050500796685,-0.317627038111745,247.31397839288064,,
LOT-034-C0042,LOT-034,Discrete_Transistor_X,150.0,4.86,nominal,251.91050248585682,318.93421139374317,593.8355793705892,831.7661927484231,True,gradual_degradation,low,67.02370890788634,274.9013679768461,237.93061337783388,303.4402800690733,176.7050500796685,2.989874440154093,831.7661927484231,,
LOT-034-C0043,LOT-034,Discrete_Transistor_X,150.0,4.86,nominal,248.24058746240078,254.8146287604608,246.16055751287098,252.76614650834958,False,normal,none,6.574041298060024,-8.654071247589826,6.605588995478598,303.4402800690733,176.7050500796685,-0.28677241277415105,252.76614650834958,,
LOT-034-C0044,LOT-034,Discrete_Transistor_X,150.0,4.86,nominal,249.24170519141137,257.37586852251593,257.1802469470433,254.34789542013897,False,normal,none,8.13416333110456,-0.1956215754726145,-2.832351526904347,303.4402800690733,176.7050500796685,-0.2778210618587344,254.34789542013897,,
LOT-034-C0045,LOT-034,Discrete_Transistor_X,150.0,4.86,nominal,255.75471826571646,254.9517117494228,256.7860858666472,255.7873890059139,False,normal,none,-0.8030065162936637,1.834374117224428,-0.9986968607333324,303.4402800690733,176.7050500796685,-0.2696747548622681,255.7873890059139,,
LOT-034-C0046,LOT-034,Discrete_Transistor_X,150.0,4.86,nominal,230.48230507425313,232.5332767921728,227.58923869807106,234.61673703743696,False,normal,none,2.05097171791968,-4.9440380941017565,7.027498339365906,303.4402800690733,176.7050500796685,-0.389482603924488,234.61673703743696,,
LOT-034-C0047,LOT-034,Discrete_Transistor_X,150.0,4.86,nominal,260.25545715408464,271.40131275642204,269.08894822259725,277.8460590831348,False,normal,none,11.145855602337406,-2.312364533824791,8.757110860537523,303.4402800690733,176.7050500796685,-0.1448414800505092,277.8460590831348,,
LOT-034-C0048,LOT-034,Discrete_Transistor_X,150.0,4.86,nominal,259.0741343744358,261.8518072049616,271.9687832708364,270.53563238552124,False,normal,none,2.7776728305257734,10.116976065874837,-1.4331508853151718,303.4402800690733,176.7050500796685,-0.18621226540337596,270.53563238552124,,
LOT-034-C0049,LOT-034,Discrete_Transistor_X,150.0,4.86,nominal,241.29350341461134,236.52449468034266,242.18980205001637,236.373467436262,False,normal,none,-4.769008734268681,5.665307369673712,-5.816334613754378,303.4402800690733,176.7050500796685,-0.37954100690712494,236.373467436262,,
LOT-034-C0050,LOT-034,Discrete_Transistor_X,150.0,4.86,nominal,264.08838747684524,251.74323702502852,259.73079948929524,266.2423852710008,False,normal,none,-12.345150451816721,7.987562464266716,6.5115857817055485,303.4402800690733,176.7050500796685,-0.21050838547795686,266.2423852710008,,
LOT-034-C0051,LOT-034,Discrete_Transistor_X,150.0,4.86,nominal,246.75257154236863,240.38501243932802,243.77893116360877,241.6177380016003,False,normal,none,-6.367559103040605,3.393918724280752,-2.1611931620084874,303.4402800690733,176.7050500796685,-0.34986290453838176,241.6177380016003,,
LOT-034-C0052,LOT-034,Discrete_Transistor_X,150.0,4.86,nominal,240.0685878707506,238.63730926639104,,243.16871457581007,False,normal,none,-1.4312786043595622,,,303.4402800690733,176.7050500796685,-0.34108569883027934,243.16871457581007,,
LOT-034-C0053,LOT-034,Discrete_Transistor_X,150.0,4.86,nominal,268.2772093013661,267.22260528010383,269.2637799787827,261.8985132844194,False,normal,none,-1.0546040212622643,2.0411746986788444,-7.365266694363299,303.4402800690733,176.7050500796685,-0.23509099918720253,261.8985132844194,,
LOT-034-C0054,LOT-034,Discrete_Transistor_X,150.0,4.86,nominal,238.72003372412718,250.50785937784335,241.48097044924188,252.49321152702677,False,normal,none,11.787825653716169,-9.026888928601466,11.012241077784893,303.4402800690733,176.7050500796685,-0.28831699218034096,252.49321152702677,,
LOT-034-C0055,LOT-034,Discrete_Transistor_X,150.0,4.86,nominal,254.4695703662126,246.55813960913179,467.17193958732673,1100.9533978951313,True,accelerating_degradation,medium,-7.911430757080808,220.61379997819495,633.7814583078045,303.4402800690733,176.7050500796685,4.5132446269447,1100.9533978951313,,
LOT-034-C0056,LOT-034,Discrete_Transistor_X,150.0,4.86,nominal,268.3307961425557,270.1914633368018,271.4015561806038,263.75787853414505,False,normal,none,1.8606671942461048,1.2100928438019878,-7.643677646458741,303.4402800690733,176.7050500796685,-0.22456857637649416,263.75787853414505,,
LOT-034-C0057,LOT-034,Discrete_Transistor_X,150.0,4.86,nominal,261.0999559228606,247.62201172974184,248.53442213185045,254.1261009119232,False,normal,none,-13.47794419311876,0.9124104021086055,5.591678780072755,303.4402800690733,176.7050500796685,-0.2790762297677204,254.1261009119232,,
LOT-034-C0058,LOT-034,Discrete_Transistor_X,150.0,4.86,nominal,257.122119721701,254.56125927529843,81.86697780550149,256.7328178847038,True,intermittent_anomaly,medium,-2.5608604464025575,-172.69428146979692,174.86584007920231,303.4402800690733,176.7050500796685,-0.26432443307823494,256.7328178847038,,
LOT-034-C0059,LOT-034,Discrete_Transistor_X,150.0,4.86,nominal,243.36005210084068,246.32634204713816,239.48174825394344,244.43474569993631,False,normal,none,2.966289946297479,-6.8445937931947185,4.952997445992878,303.4402800690733,176.7050500796685,-0.3339210415465433,244.43474569993631,,
LOT-035-C0000,LOT-035,Discrete_Transistor_X,85.0,4.81,nominal,248.6339573425511,256.8909181902902,249.6818954575244,257.047409068455,False,normal,none,8.256960847739123,-7.209022732765817,7.365513610930606,284.7625484928712,88.03146901501815,-0.3148321814292112,257.047409068455,,
LOT-035-C0001,LOT-035,Discrete_Transistor_X,85.0,4.81,nominal,259.0851764519847,269.40566076376984,271.674868985206,271.0986416761637,False,normal,none,10.320484311785151,2.269208221436145,-0.5762273090422809,284.7625484928712,88.03146901501815,-0.1552161626926437,271.0986416761637,,
LOT-035-C0002,LOT-035,Discrete_Transistor_X,85.0,4.81,nominal,333.60093582842256,325.88478281794636,323.19602632616596,327.3037587997928,True,lot_relative_anomaly,medium,-7.716153010476205,-2.6887564917803957,4.107732473626811,284.7625484928712,88.03146901501815,0.4832500330042665,327.3037587997928,,
LOT-035-C0003,LOT-035,Discrete_Transistor_X,85.0,4.81,nominal,274.15094736760705,273.19035804694465,276.4710868080965,264.9924094302741,False,normal,none,-0.9605893206623932,3.280728761151863,-11.478677377822407,284.7625484928712,88.03146901501815,-0.22458036068015974,264.9924094302741,,
LOT-035-C0004,LOT-035,Discrete_Transistor_X,85.0,4.81,nominal,257.36996400149974,258.53029774774564,260.5846668327471,251.62519168518398,False,normal,none,1.1603337462458967,2.05436908500144,-8.959475147563097,284.7625484928712,88.03146901501815,-0.37642626186362954,251.62519168518398,,
LOT-035-C0005,LOT-035,Discrete_Transistor_X,85.0,4.81,nominal,261.94581805431716,257.3572638802555,262.4813690430261,269.95756914694687,False,normal,none,-4.588554174061642,5.124105162770604,7.476200103920746,284.7625484928712,88.03146901501815,-0.16817826070127942,269.95756914694687,,
LOT-035-C0006,LOT-035,Discrete_Transistor_X,85.0,4.81,nominal,248.54795681086983,255.51141312939868,247.201862036343,250.99306973249622,False,normal,none,6.963456318528841,-8.309551093055688,3.7912076961532364,284.7625484928712,88.03146901501815,-0.3836068980583966,250.99306973249622,,
LOT-035-C0007,LOT-035,Discrete_Transistor_X,85.0,4.81,nominal,260.58815588966013,270.8271436688255,264.1817315474873,260.0198964183539,False,normal,none,10.23898777916537,-6.645412121338211,-4.161835129133408,284.7625484928712,88.03146901501815,-0.28106599096166646,260.0198964183539,,
LOT-035-C0008,LOT-035,Discrete_Transistor_X,85.0,4.81,nominal,245.1759735148148,232.06693346549716,244.46509154052112,237.2807529986657,False,normal,none,-13.109040049317656,12.398158075023957,-7.184338541855425,284.7625484928712,88.03146901501815,-0.5393729767942997,237.2807529986657,,
LOT-035-C0009,LOT-035,Discrete_Transistor_X,85.0,4.81,nominal,254.52654550552296,256.1575095881164,239.20388812069726,247.42652382228493,False,normal,none,1.6309640825934366,-16.95362146741914,8.222635701587677,284.7625484928712,88.03146901501815,-0.42412134079253794,247.42652382228493,,
LOT-035-C0010,LOT-035,Discrete_Transistor_X,85.0,4.81,nominal,256.37683178257686,253.73249320056613,253.02055722745638,255.91176444637463,False,normal,none,-2.6443385820107324,-0.7119359731097461,2.891207218918254,284.7625484928712,88.03146901501815,-0.3277326207242392,255.91176444637463,,
LOT-035-C0011,LOT-035,Discrete_Transistor_X,85.0,4.81,nominal,249.76154208985474,246.71313672601048,254.01650661749397,254.12297598378984,False,normal,none,-3.0484053638442674,7.303369891483499,0.1064693662958689,284.7625484928712,88.03146901501815,-0.34805249590750603,254.12297598378984,,
LOT-035-C0012,LOT-035,Discrete_Transistor_X,85.0,4.81,nominal,248.88145123859323,255.02778791547064,252.52253748425952,252.11403112166428,False,normal,none,6.146336676877411,-2.505250431211124,-0.408506362595233,284.7625484928712,88.03146901501815,-0.3708732540364296,252.11403112166428,,
LOT-035-C0013,LOT-035,Discrete_Transistor_X,85.0,4.81,nominal,260.7672889056183,260.92042445957213,263.51769118380577,266.8584301303434,False,normal,none,0.15313555395385947,2.5972667242336342,3.3407389465376127,284.7625484928712,88.03146901501815,-0.20338316016825042,266.8584301303434,,
LOT-035-C0014,LOT-035,Discrete_Transistor_X,85.0,4.81,nominal,273.44247434127243,600.6040143793014,602.4989962896608,608.7144900872148,True,sudden_failure,critical,327.16154003802893,1.8949819103594336,6.215493797554018,284.7625484928712,88.03146901501815,3.6799561022783513,608.7144900872148,,
LOT-035-C0015,LOT-035,Discrete_Transistor_X,85.0,4.81,nominal,246.80589232070278,253.11734256438783,247.94782573414687,256.17117148563864,False,normal,none,6.311450243685044,-5.169516830240951,8.223345751491763,284.7625484928712,88.03146901501815,-0.3247858672261265,256.17117148563864,,
LOT-035-C0016,LOT-035,Discrete_Transistor_X,85.0,4.81,nominal,281.0300175888649,264.1939569049966,267.08813799719394,258.534308206745,False,normal,none,-16.83606068386831,2.894181092197357,-8.553829790448958,284.7625484928712,88.03146901501815,-0.297941640411018,258.534308206745,,
LOT-035-C0017,LOT-035,Discrete_Transistor_X,85.0,4.81,nominal,298.79955433115987,317.1521313001546,322.58984829036575,301.4140141755111,True,lot_relative_anomaly,medium,18.352576968994754,5.437716990211129,-21.175834114854638,284.7625484928712,88.03146901501815,0.18915355916415738,301.4140141755111,,
LOT-035-C0018,LOT-035,Discrete_Transistor_X,85.0,4.81,nominal,260.67706438883636,269.2590722270605,245.70199237264907,256.20503485837605,False,normal,none,8.582007838224172,-23.557079854411455,10.50304248572698,284.7625484928712,88.03146901501815,-0.32440119373247345,256.20503485837605,,
LOT-035-C0019,LOT-035,Discrete_Transistor_X,85.0,4.81,nominal,239.1915853942936,233.10644960808494,241.02845743922651,229.38297793006407,False,normal,none,-6.085135786208667,7.9220078311415705,-11.645479509162442,284.7625484928712,88.03146901501815,-0.6290883383231896,229.38297793006407,,
LOT-035-C0020,LOT-035,Discrete_Transistor_X,85.0,4.81,nominal,242.4102938365714,250.05283635120003,245.24314911235615,241.1443015101655,False,normal,none,7.642542514628616,-4.809687238843878,-4.098847602190659,284.7625484928712,88.03146901501815,-0.49548471098743607,241.1443015101655,,
LOT-035-C0021,LOT-035,Discrete_Transistor_X,85.0,4.81,nominal,,258.3355430740293,251.84395652292974,258.32821177099953,False,normal,none,,-6.491586551099573,6.484255248069786,284.7625484928712,88.03146901501815,-0.30028280815536507,258.32821177099953,,
LOT-035-C0022,LOT-035,Discrete_Transistor_X,85.0,4.81,nominal,229.82582675275705,226.68666137711492,227.4239236011174,225.43538476342664,False,normal,none,-3.1391653756421363,0.7372622240024782,-1.9885388376907542,284.7625484928712,88.03146901501815,-0.6739313156221822,225.43538476342664,,
LOT-035-C0023,LOT-035,Discrete_Transistor_X,85.0,4.81,nominal,255.951751747676,263.1866340915201,249.56729371746925,254.2703302230653,False,normal,none,7.2348823438440775,-13.619340374050836,4.703036505596032,284.7625484928712,88.03146901501815,-0.34637861449982094,254.2703302230653,,
LOT-035-C0024,LOT-035,Discrete_Transistor_X,85.0,4.81,nominal,394.15578395492616,386.85617694271184,391.3694936344652,412.88420095326444,True,lot_relative_anomaly,medium,-7.299607012214324,4.513316691753346,21.514707318799253,284.7625484928712,88.03146901501815,1.4554074116215843,412.88420095326444,,
LOT-035-C0025,LOT-035,Discrete_Transistor_X,85.0,4.81,nominal,252.0366136968015,253.24090290563177,247.00180989075756,250.1214564232522,False,normal,none,1.2042892088302608,-6.239093014874214,3.1196465324946416,284.7625484928712,88.03146901501815,-0.3935080540767669,250.1214564232522,,
LOT-035-C0026,LOT-035,Discrete_Transistor_X,85.0,4.81,nominal,247.0212525291517,238.10211257380442,253.1490251166083,252.66941218406663,False,normal,none,-8.919139955347276,15.04691254280388,-0.47961293254167003,284.7625484928712,88.03146901501815,-0.3645643616753627,252.66941218406663,,
LOT-035-C0027,LOT-035,Discrete_Transistor_X,85.0,4.81,nominal,350.2035414386618,345.65764031089725,338.0583086593288,356.0992252934298,True,lot_relative_anomaly,medium,-4.545901127764523,-7.599331651568434,18.040916634100995,284.7625484928712,88.03146901501815,0.8103542698848818,356.0992252934298,,
LOT-035-C0028,LOT-035,Discrete_Transistor_X,85.0,4.81,nominal,253.59521888278988,258.44365390206747,253.03535197145072,258.0086678706978,False,normal,none,4.848435019277588,-5.408301930616744,4.973315899247098,284.7625484928712,88.03146901501815,-0.303912690785714,258.0086678706978,,
LOT-035-C0029,LOT-035,Discrete_Transistor_X,85.0,4.81,nominal,333.27925353134583,341.57727600678464,348.8133175871924,337.92424714742367,True,lot_relative_anomaly,medium,8.298022475438813,7.236041580407743,-10.889070439768716,284.7625484928712,88.03146901501815,0.6038942579213702,337.92424714742367,,
LOT-035-C0030,LOT-035,Discrete_Transistor_X,85.0,4.81,nominal,324.2740107486936,314.8998383213763,320.1311113620524,332.3396617199877,True,lot_relative_anomaly,medium,-9.374172427317319,5.231273040676115,12.20855035793528,284.7625484928712,88.03146901501815,0.5404557456493185,332.3396617199877,,
LOT-035-C0031,LOT-035,Discrete_Transistor_X,85.0,4.81,nominal,334.3647188754821,337.7006915959791,333.6885065330608,350.36101363876804,True,lot_relative_anomaly,medium,3.3359727204970113,-4.01218506291832,16.67250710570727,284.7625484928712,88.03146901501815,0.7451706290929414,350.36101363876804,,
LOT-035-C0032,LOT-035,Discrete_Transistor_X,85.0,4.81,nominal,252.75782854978732,253.64781281246465,261.5382329128075,266.3355854831852,False,normal,none,0.8899842626773307,7.890420100342823,4.797352570377711,284.7625484928712,88.03146901501815,-0.2093224527077058,266.3355854831852,,
LOT-035-C0033,LOT-035,Discrete_Transistor_X,85.0,4.81,nominal,251.82772186350428,256.1033754776397,238.1182363677341,,False,normal,none,4.275653614135422,-17.98513910990559,,284.7625484928712,88.03146901501815,,,,
LOT-035-C0034,LOT-035,Discrete_Transistor_X,85.0,4.81,nominal,259.62186144467995,267.34419768219493,292.2982494402162,324.27640031971794,True,gradual_degradation,low,7.72233623751498,24.95405175802125,31.978150879501754,284.7625484928712,88.03146901501815,0.4488605298646748,324.27640031971794,,
LOT-035-C0035,LOT-035,Discrete_Transistor_X,85.0,4.81,nominal,238.7939791956737,231.772118598704,243.68324053362699,245.74670767092536,False,normal,none,-7.021860596969702,11.911121934922988,2.0634671372983746,284.7625484928712,88.03146901501815,-0.44320333692590924,245.74670767092536,,
LOT-035-C0036,LOT-035,Discrete_Transistor_X,85.0,4.81,nominal,269.57811624289656,251.88944492837697,263.3453914505488,265.3291050494607,False,normal,none,-17.68867131451958,11.455946522171814,1.9837135989118906,284.7625484928712,88.03146901501815,-0.2207556418273012,265.3291050494607,,
LOT-035-C0037,LOT-035,Discrete_Transistor_X,85.0,4.81,nominal,271.04302154080176,266.1281027180047,271.3489398350874,267.17700099790886,False,normal,none,-4.914918822797063,5.220837117082681,-4.171938837178516,284.7625484928712,88.03146901501815,-0.1997643307754212,267.17700099790886,,
LOT-035-C0038,LOT-035,Discrete_Transistor_X,85.0,4.81,nominal,242.82960105529622,251.66873403187915,250.47975439569728,256.02960446616197,False,normal,none,8.839132976582931,-1.1889796361818696,5.549850070464686,284.7625484928712,88.03146901501815,-0.3263940082813725,256.02960446616197,,
LOT-035-C0039,LOT-035,Discrete_Transistor_X,85.0,4.81,nominal,255.06913284475266,268.7722352040851,289.4711379049736,315.0805715645958,True,gradual_degradation,low,13.703102359332462,20.698902700888482,25.609433659622198,284.7625484928712,88.03146901501815,0.3443998312302657,315.0805715645958,,
LOT-035-C0040,LOT-035,Discrete_Transistor_X,85.0,4.81,nominal,253.98588069680494,262.124404257059,258.16972504117336,792.3406821937722,False,measurement_anomaly,low,8.138523560254043,-3.954679215885619,534.1709571525988,284.7625484928712,88.03146901501815,5.765871447792247,792.3406821937722,,
LOT-035-C0041,LOT-035,Discrete_Transistor_X,85.0,4.81,nominal,261.9644457415093,251.64470652657096,274.38019306789744,260.23776775677436,False,normal,none,-10.319739214938323,22.73548654132648,-14.142425311123077,284.7625484928712,88.03146901501815,-0.27859106533724787,260.23776775677436,,
LOT-035-C0042,LOT-035,Discrete_Transistor_X,85.0,4.81,nominal,242.72764712766204,245.37454886407002,238.44206002072457,243.1136815379225,False,normal,none,2.646901736407983,-6.932488843345453,4.671621517197934,284.7625484928712,88.03146901501815,-0.47311339252834006,243.1136815379225,,
LOT-035-C0043,LOT-035,Discrete_Transistor_X,85.0,4.81,nominal,273.1390593911067,277.9737685950949,273.20090134557597,282.1491132980538,False,normal,none,4.834709203988211,-4.772867249518924,8.948211952477834,284.7625484928712,88.03146901501815,-0.02968751088740247,282.1491132980538,,
LOT-035-C0044,LOT-035,Discrete_Transistor_X,85.0,4.81,nominal,238.78034316103336,239.43892112266747,239.14732387307922,231.2941471064533,False,normal,none,0.6585779616341085,-0.29159724958824995,-7.853176766625921,284.7625484928712,88.03146901501815,-0.6073782703466666,231.2941471064533,,
LOT-035-C0045,LOT-035,Discrete_Transistor_X,85.0,4.81,nominal,262.4383239715175,265.42098475931124,269.3393792262045,279.88169513604277,False,normal,none,2.9826607877937477,3.9183944668932895,10.542315909838237,284.7625484928712,88.03146901501815,-0.055444415632729616,279.88169513604277,,
LOT-035-C0046,LOT-035,Discrete_Transistor_X,85.0,4.81,nominal,266.22387566787916,262.12513705058257,267.5592474064933,272.6564319997512,False,normal,none,-4.09873861729659,5.434110355910718,5.097184593257907,284.7625484928712,88.03146901501815,-0.1375203279983286,272.6564319997512,,
LOT-035-C0047,LOT-035,Discrete_Transistor_X,85.0,4.81,nominal,251.4955974952917,244.7656987307737,243.9381459623988,250.30142959779437,False,normal,none,-6.729898764517998,-0.8275527683748862,6.363283635395561,284.7625484928712,88.03146901501815,-0.39146363545515483,250.30142959779437,,
LOT-035-C0048,LOT-035,Discrete_Transistor_X,85.0,4.81,nominal,230.32882513651785,229.74634084652627,238.75712494655602,232.47547156604872,False,normal,none,-0.5824842899915836,9.010784100029753,-6.281653380507294,284.7625484928712,88.03146901501815,-0.5939589275501276,232.47547156604872,,
LOT-035-C0049,LOT-035,Discrete_Transistor_X,85.0,4.81,nominal,257.2689787880352,247.13564987928984,264.49170317052017,253.36642833397082,False,normal,none,-10.13332890874537,17.356053291230324,-11.125274836549352,284.7625484928712,88.03146901501815,-0.35664655503527043,253.36642833397082,,
LOT-035-C0050,LOT-035,Discrete_Transistor_X,85.0,4.81,nominal,269.06669363410975,266.9794166622172,274.81517213573414,270.24947052153277,False,normal,none,-2.0872769718925497,7.83575547351694,-4.565701614201373,284.7625484928712,88.03146901501815,-0.16486238539155232,270.24947052153277,,
LOT-035-C0051,LOT-035,Discrete_Transistor_X,85.0,4.81,nominal,251.97959837767746,267.6229044823333,287.72816174237846,320.13947651199027,True,gradual_degradation,low,15.643306104655835,20.105257260045164,32.411314769611806,284.7625484928712,88.03146901501815,0.40186683710894094,320.13947651199027,,
LOT-035-C0052,LOT-035,Discrete_Transistor_X,85.0,4.81,nominal,234.868253134855,243.0306699653165,241.0283080560252,238.31258491763802,False,normal,none,8.162416830461495,-2.002361909291295,-2.715723138387176,284.7625484928712,88.03146901501815,-0.5276518055981642,238.31258491763802,,
LOT-035-C0053,LOT-035,Discrete_Transistor_X,85.0,4.81,nominal,250.4651627510283,245.52217221554395,240.22672855820542,251.96284282254095,False,normal,none,-4.942990535484341,-5.295443657338524,11.736114264335527,284.7625484928712,88.03146901501815,-0.3725906887312606,251.96284282254095,,
LOT-035-C0054,LOT-035,Discrete_Transistor_X,85.0,4.81,nominal,249.5493296418912,248.2837271059813,243.8313693337485,248.5070733302854,False,normal,none,-1.265602535909892,-4.452357772232801,4.675703996536896,284.7625484928712,88.03146901501815,-0.4118467585313226,248.5070733302854,,
LOT-035-C0055,LOT-035,Discrete_Transistor_X,85.0,4.81,nominal,244.38654574991114,249.1381930179312,242.72642509907052,251.87128416615835,False,normal,none,4.751647268020065,-6.411767918860676,9.144859067087822,284.7625484928712,88.03146901501815,-0.3736307560777113,251.87128416615835,,
LOT-035-C0056,LOT-035,Discrete_Transistor_X,85.0,4.81,nominal,250.9232848728676,243.53886029461978,253.86636850747615,250.2876862912572,False,normal,none,-7.384424578247831,10.327508212856372,-3.578682216218965,284.7625484928712,88.03146901501815,-0.39161975356485984,250.2876862912572,,
LOT-035-C0057,LOT-035,Discrete_Transistor_X,85.0,4.81,nominal,270.4303763705465,272.5618393173946,300.6385146254666,316.05101925937623,True,gradual_degradation,low,2.131462946848046,28.076675308072026,15.412504633909634,284.7625484928712,88.03146901501815,0.35542370377992033,316.05101925937623,,
LOT-035-C0058,LOT-035,Discrete_Transistor_X,85.0,4.81,nominal,253.06548469013222,258.4083506999355,256.77089716236856,248.16312008459522,False,normal,none,5.342866009803288,-1.6374535375669552,-8.607777077773335,284.7625484928712,88.03146901501815,-0.41575392093061764,248.16312008459522,,
LOT-035-C0059,LOT-035,Discrete_Transistor_X,85.0,4.81,nominal,264.701631046142,254.57912768667143,260.9248251984147,260.8934443925998,False,normal,none,-10.122503359470556,6.3456975117432535,-0.03138080581487657,284.7625484928712,88.03146901501815,-0.2711428579727475,260.8934443925998,,
LOT-036-C0000,LOT-036,Discrete_Transistor_X,150.0,4.92,nominal,252.12470592660037,246.62515387378963,262.5798401545292,,False,normal,none,-5.499552052810742,15.954686280739594,,298.49150860086644,123.34969792274416,,,,
LOT-036-C0001,LOT-036,Discrete_Transistor_X,150.0,4.92,nominal,257.29556602236875,253.12679148687556,266.8324661437261,259.3295670531177,False,normal,none,-4.168774535493185,13.705674656850533,-7.502899090608366,298.49150860086644,123.34969792274416,-0.3174871297396808,259.3295670531177,,
LOT-036-C0002,LOT-036,Discrete_Transistor_X,150.0,4.92,nominal,282.0117513457645,288.86480422881056,287.1668137625603,289.0048455275325,False,normal,none,6.853052883046075,-1.6979904662502463,1.838031764972186,298.49150860086644,123.34969792274416,-0.0769086850887595,289.0048455275325,,
LOT-036-C0003,LOT-036,Discrete_Transistor_X,150.0,4.92,nominal,260.2584154857728,266.86636746280976,260.2222723084788,262.984238703682,False,normal,none,6.607951977036976,-6.644095154330955,2.761966395203217,298.49150860086644,123.34969792274416,-0.2878585881857868,262.984238703682,,
LOT-036-C0004,LOT-036,Discrete_Transistor_X,150.0,4.92,nominal,246.4636773968926,241.09201296869992,236.46477973352395,236.95752712635672,False,normal,none,-5.371664428192673,-4.627233235175964,0.4927473928327686,298.49150860086644,123.34969792274416,-0.4988579827171479,236.95752712635672,,
LOT-036-C0005,LOT-036,Discrete_Transistor_X,150.0,4.92,nominal,252.9653707845764,241.69554585812128,242.21537064378253,243.16312689701832,False,normal,none,-11.26982492645513,0.5198247856612568,0.9477562532357808,298.49150860086644,123.34969792274416,-0.44854898419371203,243.16312689701832,,
LOT-036-C0006,LOT-036,Discrete_Transistor_X,150.0,4.92,nominal,289.7170357462792,281.6919557529392,275.3472847126246,285.4512483707414,False,normal,none,-8.02507999334,-6.344671040314552,10.103963658116754,298.49150860086644,123.34969792274416,-0.10571781244484584,285.4512483707414,,
LOT-036-C0007,LOT-036,Discrete_Transistor_X,150.0,4.92,nominal,290.87421673018287,279.94033843254954,279.41540417103323,281.14705538264326,False,normal,none,-10.933878297633328,-0.5249342615163073,1.7316512116100284,298.49150860086644,123.34969792274416,-0.14061204453930873,281.14705538264326,,
LOT-036-C0008,LOT-036,Discrete_Transistor_X,150.0,4.92,nominal,270.7058793779138,275.93751741408965,279.2610130105299,275.54609775105536,False,normal,none,5.231638036175866,3.323495596440239,-3.7149152594745374,298.49150860086644,123.34969792274416,-0.18601918963905492,275.54609775105536,,
LOT-036-C0009,LOT-036,Discrete_Transistor_X,150.0,4.92,nominal,286.3847974562535,276.86922490347627,286.40787351847433,278.54127543775377,False,normal,none,-9.515572552777257,9.538648614998067,-7.866598080720564,298.49150860086644,123.34969792274416,-0.16173718703071177,278.54127543775377,,
LOT-036-C0010,LOT-036,Discrete_Transistor_X,150.0,4.92,nominal,258.4276540848311,250.5164463447738,256.4872766593247,256.1217082637906,False,normal,none,-7.911207740057279,5.970830314550909,-0.365568395534126,298.49150860086644,123.34969792274416,-0.34349334494205824,256.1217082637906,,
LOT-036-C0011,LOT-036,Discrete_Transistor_X,150.0,4.92,nominal,265.8029873878568,268.2872599877856,259.81383879758863,262.47304228852636,False,normal,none,2.484272599928829,-8.473421190196973,2.6592034909377276,298.49150860086644,123.34969792274416,-0.2920028740962058,262.47304228852636,,
LOT-036-C0012,LOT-036,Discrete_Transistor_X,150.0,4.92,nominal,257.77052800049887,,251.80982657073875,,False,missing_invalid,unknown,,,,298.49150860086644,123.34969792274416,,,,
LOT-036-C0013,LOT-036,Discrete_Transistor_X,150.0,4.92,nominal,250.1524753320985,262.2273897792324,241.15456674169923,254.98650338716632,False,normal,none,12.074914447133892,-21.07282303753317,13.831936645467096,298.49150860086644,123.34969792274416,-0.3526964876796697,254.98650338716632,,
LOT-036-C0014,LOT-036,Discrete_Transistor_X,150.0,4.92,nominal,249.13955689359304,239.82645342792526,243.34601978700402,251.11713507839738,False,normal,none,-9.31310346566778,3.519566359078766,7.771115291393357,298.49150860086644,123.34969792274416,-0.3840655820019954,251.11713507839738,,
LOT-036-C0015,LOT-036,Discrete_Transistor_X,150.0,4.92,nominal,278.3941930918643,274.4996879446209,274.2396381857278,276.95850779298246,False,normal,none,-3.8945051472433647,-0.26004975889310344,2.7188696072546463,298.49150860086644,123.34969792274416,-0.17456873563946979,276.95850779298246,,
LOT-036-C0016,LOT-036,Discrete_Transistor_X,150.0,4.92,nominal,259.3444671405352,262.87638562544953,263.1232193169616,267.6304916035477,False,normal,none,3.5319184849143426,0.2468336915120517,4.507272286586101,298.49150860086644,123.34969792274416,-0.2501912652971999,267.6304916035477,,
LOT-036-C0017,LOT-036,Discrete_Transistor_X,150.0,4.92,nominal,251.98446567954542,266.99208740067934,414.06469785106975,883.0777622207474,True,accelerating_degradation,medium,15.007621721133916,147.0726104503904,469.0130643696777,298.49150860086644,123.34969792274416,4.739259710113085,883.0777622207474,,
LOT-036-C0018,LOT-036,Discrete_Transistor_X,150.0,4.92,nominal,329.6973108030283,328.8722956861571,310.6319212555818,313.7929503179765,True,lot_relative_anomaly,medium,-0.8250151168712136,-18.240374430575287,3.1610290623946753,298.49150860086644,123.34969792274416,0.12404928406629394,313.7929503179765,,
LOT-036-C0019,LOT-036,Discrete_Transistor_X,150.0,4.92,nominal,262.9924819953476,262.8074350479643,260.78717434814655,259.6119241230642,False,normal,none,-0.18504694738328453,-2.0202606998177544,-1.1752502250823227,298.49150860086644,123.34969792274416,-0.3151980518197386,259.6119241230642,,
LOT-036-C0020,LOT-036,Discrete_Transistor_X,150.0,4.92,nominal,273.1494848245028,274.7374169419734,272.2180006628032,269.80050130320564,False,normal,none,1.5879321174705865,-2.519416279170173,-2.4174993595975707,298.49150860086644,123.34969792274416,-0.23259892631135934,269.80050130320564,,
LOT-036-C0021,LOT-036,Discrete_Transistor_X,150.0,4.92,nominal,262.94930519418875,269.7663163825378,276.35376509995234,268.47595064550876,False,normal,none,6.817011188349056,6.5874487174145315,-7.87781445444358,298.49150860086644,123.34969792274416,-0.2433371014346293,268.47595064550876,,
LOT-036-C0022,LOT-036,Discrete_Transistor_X,150.0,4.92,nominal,277.24721462493454,271.6672744726983,276.30866324192084,286.85688956165535,False,normal,none,-5.579940152236247,4.641388769222544,10.54822631973451,298.49150860086644,123.34969792274416,-0.09432223373986721,286.85688956165535,,
LOT-036-C0023,LOT-036,Discrete_Transistor_X,150.0,4.92,nominal,261.94049510717457,250.63864942617943,249.10139560456156,255.29149527795911,False,normal,none,-11.301845680995143,-1.5372538216178668,6.190099673397555,298.49150860086644,123.34969792274416,-0.35022390853331614,255.29149527795911,,
LOT-036-C0024,LOT-036,Discrete_Transistor_X,150.0,4.92,nominal,262.03113393787874,268.39421438652903,274.7141201686528,264.860811771382,False,normal,none,6.363080448650294,6.319905782123783,-9.853308397270837,298.49150860086644,123.34969792274416,-0.27264514948831003,264.860811771382,,
LOT-036-C0025,LOT-036,Discrete_Transistor_X,150.0,4.92,nominal,258.2695688928321,266.7585865583139,261.2814730304791,260.41821252666574,False,normal,none,8.489017665481754,-5.477113527834774,-0.8632605038133647,298.49150860086644,123.34969792274416,-0.30866144559224296,260.41821252666574,,
LOT-036-C0026,LOT-036,Discrete_Transistor_X,150.0,4.92,nominal,263.2805630348525,254.25177700332273,259.68934711037565,264.97794625272127,False,normal,none,-9.028786031529762,5.43757010705292,5.288599142345618,298.49150860086644,123.34969792274416,-0.27169553645064654,264.97794625272127,,
LOT-036-C0027,LOT-036,Discrete_Transistor_X,150.0,4.92,nominal,258.9128761881052,247.5626287748272,94.09261381781793,253.35466008207925,True,intermittent_anomaly,medium,-11.350247413277998,-153.47001495700925,159.2620462642613,298.49150860086644,123.34969792274416,-0.3659258942576179,253.35466008207925,,
LOT-036-C0028,LOT-036,Discrete_Transistor_X,150.0,4.92,nominal,257.8664343557603,266.3397513746278,268.09210096933896,263.7878766554044,False,normal,none,8.473317018867476,1.752349594711177,-4.304224313934583,298.49150860086644,123.34969792274416,-0.281343469257602,263.7878766554044,,
LOT-036-C0029,LOT-036,Discrete_Transistor_X,150.0,4.92,nominal,279.02727444207125,272.87159934506735,290.65000028886254,271.1497063746728,False,normal,none,-6.155675097003893,17.77840094379519,-19.50029391418974,298.49150860086644,123.34969792274416,-0.22166087705636892,271.1497063746728,,
LOT-036-C0030,LOT-036,Discrete_Transistor_X,150.0,4.92,nominal,243.28372838533252,288.61181696283984,,546.3940756715537,True,gradual_degradation,low,45.328088577507316,,,298.49150860086644,123.34969792274416,2.009754148128944,546.3940756715537,,
LOT-036-C0031,LOT-036,Discrete_Transistor_X,150.0,4.92,nominal,284.89557741740714,269.14521030179174,275.24797963195937,267.9053411307489,False,normal,none,-15.750367115615404,6.102769330167632,-7.342638501210445,298.49150860086644,123.34969792274416,-0.2479630512696846,267.9053411307489,,
LOT-036-C0032,LOT-036,Discrete_Transistor_X,150.0,4.92,nominal,249.96379975098813,257.41226478796347,453.6251394126139,256.862205478581,True,intermittent_anomaly,medium,7.448465036975335,196.21287462465045,-196.7629339340329,298.49150860086644,123.34969792274416,-0.33749011001517415,256.862205478581,,
LOT-036-C0033,LOT-036,Discrete_Transistor_X,150.0,4.92,nominal,246.26017617787986,259.5919668425478,259.6174301156479,262.5340596716005,False,normal,none,13.33179066466792,0.025463273100115202,2.9166295559526247,298.49150860086644,123.34969792274416,-0.2915082041934682,262.5340596716005,,
LOT-036-C0034,LOT-036,Discrete_Transistor_X,150.0,4.92,nominal,259.9293201344426,269.1060252585697,260.82947028711715,262.88689274388776,False,normal,none,9.176705124127068,-8.276554971452526,2.0574224567706096,298.49150860086644,123.34969792274416,-0.2886477750377501,262.88689274388776,,
LOT-036-C0035,LOT-036,Discrete_Transistor_X,150.0,4.92,nominal,252.00864644027666,245.39594275921624,244.11415892953357,246.5463801039506,False,normal,none,-6.612703681060424,-1.2817838296826665,2.4322211744170374,298.49150860086644,123.34969792274416,-0.42112084076160344,246.5463801039506,,
LOT-036-C0036,LOT-036,Discrete_Transistor_X,150.0,4.92,nominal,282.49333058717076,281.30171469402603,,293.3347299673435,False,normal,none,-1.1916158931447285,,,298.49150860086644,123.34969792274416,-0.04180617156235533,293.3347299673435,,
LOT-036-C0037,LOT-036,Discrete_Transistor_X,150.0,4.92,nominal,267.8579949311193,285.27829383918896,267.546856755227,279.03048905602463,False,normal,none,17.42029890806964,-17.731437083961964,11.483632300797638,298.49150860086644,123.34969792274416,-0.15777111636731,279.03048905602463,,
LOT-036-C0038,LOT-036,Discrete_Transistor_X,150.0,4.92,nominal,270.5666662662322,253.76633193148186,268.98050725213653,268.23327187397894,False,normal,none,-16.800334334750318,15.214175320654675,-0.7472353781575976,298.49150860086644,123.34969792274416,-0.24530450610295543,268.23327187397894,,
LOT-036-C0039,LOT-036,Discrete_Transistor_X,150.0,4.92,nominal,260.6611644455014,266.82091712147684,271.0883861338524,269.23870829712945,False,normal,none,6.159752675975426,4.267469012375557,-1.8496778367229467,298.49150860086644,123.34969792274416,-0.23715340042468913,269.23870829712945,,
LOT-036-C0040,LOT-036,Discrete_Transistor_X,150.0,4.92,nominal,246.72486213953027,40.53113871652171,252.90619786399634,253.79637979528195,True,intermittent_anomaly,medium,-206.19372342300858,212.37505914747464,0.8901819312856105,298.49150860086644,123.34969792274416,-0.36234485822233425,253.79637979528195,,
LOT-036-C0041,LOT-036,Discrete_Transistor_X,150.0,4.92,nominal,290.77586929876065,291.299221362877,289.3503631729197,281.25843104746446,False,normal,none,0.5233520641163523,-1.9488581899573205,-8.09193212545523,298.49150860086644,123.34969792274416,-0.1397091184138556,281.25843104746446,,
LOT-036-C0042,LOT-036,Discrete_Transistor_X,150.0,4.92,nominal,261.98451409065416,274.1547124778408,264.2329454310098,269.39282740820784,False,normal,none,12.170198387186645,-9.921767046831008,5.15988197719804,298.49150860086644,123.34969792274416,-0.23590395179470616,269.39282740820784,,
LOT-036-C0043,LOT-036,Discrete_Transistor_X,150.0,4.92,nominal,251.4531815957065,247.0182768601263,252.15882975340378,244.243179936582,False,normal,none,-4.434904735580204,5.140552893277487,-7.9156498168217695,298.49150860086644,123.34969792274416,-0.4397929591871478,244.243179936582,,
LOT-036-C0044,LOT-036,Discrete_Transistor_X,150.0,4.92,nominal,394.6461858402928,396.2117037536042,393.18848584751305,396.42256226788874,True,lot_relative_anomaly,medium,1.5655179133113961,-3.0232179060911335,3.234076420375686,298.49150860086644,123.34969792274416,0.7939302269581402,396.42256226788874,,
LOT-036-C0045,LOT-036,Discrete_Transistor_X,150.0,4.92,nominal,256.7745202289672,262.89439094706603,260.3765377404212,269.3703580822376,False,normal,none,6.1198707180988094,-2.5178532066448156,8.993820341816388,298.49150860086644,123.34969792274416,-0.23608611134879204,269.3703580822376,,
LOT-036-C0046,LOT-036,Discrete_Transistor_X,150.0,4.92,nominal,248.53502685227454,244.59260049188666,121.74073167644997,244.95705477986706,True,intermittent_anomaly,medium,-3.942426360387884,-122.85186881543669,123.2163231034171,298.49150860086644,123.34969792274416,-0.4340055526891427,244.95705477986706,,
LOT-036-C0047,LOT-036,Discrete_Transistor_X,150.0,4.92,nominal,245.6770771077877,244.3341661954628,248.26186116057937,250.60766351274168,False,normal,none,-1.3429109123248963,3.927694965116558,2.345802352162309,298.49150860086644,123.34969792274416,-0.38819588450159936,250.60766351274168,,
LOT-036-C0048,LOT-036,Discrete_Transistor_X,150.0,4.92,nominal,251.230268881309,251.57991978718863,252.12922963301904,258.5219014294111,False,normal,none,0.34965090587962777,0.5493098458304075,6.392671796392079,298.49150860086644,123.34969792274416,-0.3240349011352173,258.5219014294111,,
LOT-036-C0049,LOT-036,Discrete_Transistor_X,150.0,4.92,nominal,264.4967996378587,262.58173526356575,262.8872419747505,262.0403728419691,False,normal,none,-1.9150643742929674,0.305506711184762,-0.8468691327814213,298.49150860086644,123.34969792274416,-0.2955105393263895,262.0403728419691,,
LOT-036-C0050,LOT-036,Discrete_Transistor_X,150.0,4.92,nominal,275.93919959773,272.7152729080188,276.4628666884444,273.0899308151496,False,normal,none,-3.22392668971122,3.747593780425632,-3.372935873294807,298.49150860086644,123.34969792274416,-0.20593141461624195,273.0899308151496,,
LOT-036-C0051,LOT-036,Discrete_Transistor_X,150.0,4.92,nominal,262.92499786906257,257.7678954289886,257.69469829848657,256.22917540899255,False,normal,none,-5.15710244007397,-0.07319713050202381,-1.465522889494025,298.49150860086644,123.34969792274416,-0.34262210531187076,256.22917540899255,,
LOT-036-C0052,LOT-036,Discrete_Transistor_X,150.0,4.92,nominal,249.64412876163502,250.2815427580436,569.0166887678245,586.2174988206709,True,sudden_failure,critical,0.6374139964085828,318.73514600978086,17.200810052846464,298.49150860086644,123.34969792274416,2.3326039306558477,586.2174988206709,,
LOT-036-C0053,LOT-036,Discrete_Transistor_X,150.0,4.92,nominal,264.8884234242242,277.26346483717504,277.0151572958449,270.3669414369202,False,normal,none,12.37504141295085,-0.24830754133012078,-6.648215858924743,298.49150860086644,123.34969792274416,-0.22800677778360773,270.3669414369202,,
LOT-036-C0054,LOT-036,Discrete_Transistor_X,150.0,4.92,nominal,267.22920859407617,267.6570030447985,267.62458797160934,261.2740977083252,False,normal,none,0.427794450722331,-0.032415073189156374,-6.350490263284144,298.49150860086644,123.34969792274416,-0.3017227566771269,261.2740977083252,,
LOT-036-C0055,LOT-036,Discrete_Transistor_X,150.0,4.92,nominal,251.3063653185631,255.98268511063262,254.04310496196993,259.21366004462584,False,normal,none,4.676319792069506,-1.9395801486626851,5.170555082655909,298.49150860086644,123.34969792274416,-0.3184267916151763,259.21366004462584,,
LOT-036-C0056,LOT-036,Discrete_Transistor_X,150.0,4.92,nominal,253.56996337712326,251.8842321173496,263.76348942992837,256.4085203538418,False,normal,none,-1.685731259773661,11.879257312578773,-7.354969076086547,298.49150860086644,123.34969792274416,-0.34116815002969725,256.4085203538418,,
LOT-036-C0057,LOT-036,Discrete_Transistor_X,150.0,4.92,nominal,263.19865378807566,253.44232692855894,261.51724161882703,263.2501110946951,False,normal,none,-9.756326859516719,8.074914690268088,1.7328694758680854,298.49150860086644,123.34969792274416,-0.2857031520923834,263.2501110946951,,
LOT-036-C0058,LOT-036,Discrete_Transistor_X,150.0,4.92,nominal,256.8400658603041,,268.31434937779585,257.27556158515955,False,normal,none,,,-11.038787792636299,298.49150860086644,123.34969792274416,-0.3341390186583276,257.27556158515955,,
LOT-036-C0059,LOT-036,Discrete_Transistor_X,150.0,4.92,nominal,257.9692132012156,256.9721971691506,269.3416331866396,848.7360587080677,False,measurement_anomaly,low,-0.9970160320650052,12.369436017489022,579.394425521428,298.49150860086644,123.34969792274416,4.460850406393602,848.7360587080677,,
LOT-037-C0000,LOT-037,Discrete_Transistor_X,150.0,5.45,high,260.58042870974054,250.66732643558777,257.01432892987486,251.30845342745954,False,normal,none,-9.913102274152777,6.347002494287096,-5.705875502415324,304.70650111384765,142.11293935791454,-0.3757437424603819,251.30845342745954,,
LOT-037-C0001,LOT-037,Discrete_Transistor_X,150.0,5.45,high,232.05461215587772,238.76731051262385,243.8824833125009,243.65662398063637,False,normal,none,6.712698356746131,5.115172799877058,-0.225859331864541,304.70650111384765,142.11293935791454,-0.4295870411874026,243.65662398063637,,
LOT-037-C0002,LOT-037,Discrete_Transistor_X,150.0,5.45,high,225.41569938647146,224.54623820544327,225.27262355577594,233.56720746014275,False,normal,none,-0.8694611810281856,0.7263853503326629,8.294583904366817,304.70650111384765,142.11293935791454,-0.5005828038961254,233.56720746014275,,
LOT-037-C0003,LOT-037,Discrete_Transistor_X,150.0,5.45,high,238.08501057817838,247.67383846634587,231.82915101723756,240.6788347566741,False,normal,none,9.588827888167486,-15.844687449108307,8.849683739436529,304.70650111384765,142.11293935791454,-0.45054072237517007,240.6788347566741,,
LOT-037-C0004,LOT-037,Discrete_Transistor_X,150.0,5.45,high,264.3760112486208,265.24947137080335,261.93553265366114,264.3745000906963,False,normal,none,0.8734601221825642,-3.3139387171422072,2.43896743703516,304.70650111384765,142.11293935791454,-0.28380245462078807,264.3745000906963,,
LOT-037-C0005,LOT-037,Discrete_Transistor_X,150.0,5.45,high,233.97695465462613,234.47961473047752,397.40632967748036,225.477830726558,True,intermittent_anomaly,medium,0.502660075851395,162.92671494700284,-171.92849895092235,304.70650111384765,142.11293935791454,-0.5575049727720465,225.477830726558,,
LOT-037-C0006,LOT-037,Discrete_Transistor_X,150.0,5.45,high,251.4451005286962,246.68197842744198,248.65933964495267,247.33794688985105,False,normal,none,-4.7631221012542255,1.9773612175106905,-1.3213927551016127,304.70650111384765,142.11293935791454,-0.403682834815714,247.33794688985105,,
LOT-037-C0007,LOT-037,Discrete_Transistor_X,150.0,5.45,high,309.8062602235257,317.70836863771655,312.42163650276797,297.13742135520374,True,lot_relative_anomaly,medium,7.90210841419082,-5.286732134948579,-15.284215147564225,304.70650111384765,142.11293935791454,-0.05326101755999161,297.13742135520374,,
LOT-037-C0008,LOT-037,Discrete_Transistor_X,150.0,5.45,high,247.10427187049322,249.8003027878975,243.3109597513355,246.20509466642181,False,normal,none,2.696030917404272,-6.489343036561991,2.894134915086312,304.70650111384765,142.11293935791454,-0.41165432726775686,246.20509466642181,,
LOT-037-C0009,LOT-037,Discrete_Transistor_X,150.0,5.45,high,233.55386537521042,226.56783553943606,229.13816293247746,232.86614225734334,False,normal,none,-6.98602983577436,2.5703273930413957,3.727979324865885,304.70650111384765,142.11293935791454,-0.5055159592158797,232.86614225734334,,
LOT-037-C0010,LOT-037,Discrete_Transistor_X,150.0,5.45,high,240.8482940444414,239.97268418811532,227.26326712358025,229.39522356196002,False,normal,none,-0.875609856326065,-12.709417064535074,2.131956438379774,304.70650111384765,142.11293935791454,-0.5299396233175822,229.39522356196002,,
LOT-037-C0011,LOT-037,Discrete_Transistor_X,150.0,5.45,high,217.3329843757285,227.7874148239348,218.16472879711367,222.21833685283417,False,normal,none,10.454430448206296,-9.622686026821128,4.0536080557205025,304.70650111384765,142.11293935791454,-0.5804409129366133,222.21833685283417,,
LOT-037-C0012,LOT-037,Discrete_Transistor_X,150.0,5.45,high,246.17991370928883,251.84027299958794,251.39891462868627,249.53661572388262,False,normal,none,5.6603592902991124,-0.44135837090166774,-1.8622989048036516,304.70650111384765,142.11293935791454,-0.38821155652138384,249.53661572388262,,
LOT-037-C0013,LOT-037,Discrete_Transistor_X,150.0,5.45,high,241.66972643022046,241.17539430713194,248.45700480889235,243.67757065629138,False,normal,none,-0.49433212308852603,7.281610501760412,-4.77943415260097,304.70650111384765,142.11293935791454,-0.42943964661693174,243.67757065629138,,
LOT-037-C0014,LOT-037,Discrete_Transistor_X,150.0,5.45,high,215.3319119471262,215.55636565829383,219.44014693586115,216.45865845455472,False,normal,none,0.22445371116762658,3.883781277567323,-2.981488481306428,304.70650111384765,142.11293935791454,-0.6209697938696406,216.45865845455472,,
LOT-037-C0015,LOT-037,Discrete_Transistor_X,150.0,5.45,high,247.63294091374254,254.74974328835577,249.33781541543584,256.3481325674952,False,normal,none,7.116802374613229,-5.411927872919932,7.010317152059372,304.70650111384765,142.11293935791454,-0.340281249299621,256.3481325674952,,
LOT-037-C0016,LOT-037,Discrete_Transistor_X,150.0,5.45,high,,249.21369289843292,247.9837347529992,245.8732985563252,False,normal,none,,-1.2299581454337272,-2.1104361966739873,304.70650111384765,142.11293935791454,-0.41398906266620616,245.8732985563252,,
LOT-037-C0017,LOT-037,Discrete_Transistor_X,150.0,5.45,high,,254.13965133062712,254.22952829786846,252.22940552978218,False,normal,none,,0.08987696724133798,-2.000122768086271,304.70650111384765,142.11293935791454,-0.3692633184646245,252.22940552978218,,
LOT-037-C0018,LOT-037,Discrete_Transistor_X,150.0,5.45,high,247.8446269428325,241.34990774909022,238.19728530091933,245.4944414504225,False,normal,none,-6.49471919374227,-3.152622448170888,7.2971561495031665,304.70650111384765,142.11293935791454,-0.41665495014706777,245.4944414504225,,
LOT-037-C0019,LOT-037,Discrete_Transistor_X,150.0,5.45,high,240.82025239894244,232.8964506345187,233.48535512003204,570.3369332179049,False,measurement_anomaly,low,-7.923801764423757,0.5889044855133534,336.8515780978728,304.70650111384765,142.11293935791454,1.8691502216772897,570.3369332179049,,
LOT-037-C0020,LOT-037,Discrete_Transistor_X,150.0,5.45,high,250.44109890115055,252.83935105551024,258.5535306490469,249.0360426593946,False,normal,none,2.3982521543596818,5.714179593536642,-9.517487989652267,304.70650111384765,142.11293935791454,-0.3917339174460798,249.0360426593946,,
LOT-037-C0021,LOT-037,Discrete_Transistor_X,150.0,5.45,high,257.29678177894414,258.0480133710101,247.88865639367503,436.25489211046863,True,sudden_failure,critical,0.7512315920659489,-10.159356977335051,188.3662357167936,304.70650111384765,142.11293935791454,0.9256608975296294,436.25489211046863,,
LOT-037-C0022,LOT-037,Discrete_Transistor_X,150.0,5.45,high,344.0273994359558,346.3208194093742,342.8714459104965,341.2685052276686,True,lot_relative_anomaly,medium,2.2934199734184517,-3.449373498877719,-1.6029406828279207,304.70650111384765,142.11293935791454,0.2572742797314094,341.2685052276686,,
LOT-037-C0023,LOT-037,Discrete_Transistor_X,150.0,5.45,high,243.88249578124766,315.00561519097465,550.4506527562004,777.352041194315,True,gradual_degradation,low,71.123119409727,235.44503756522573,226.90138843811462,304.70650111384765,142.11293935791454,3.3258445164525043,777.352041194315,,
LOT-037-C0024,LOT-037,Discrete_Transistor_X,150.0,5.45,high,248.06145932298386,246.50318077009075,260.7370520906245,251.8574021925526,False,normal,none,-1.558278552893114,14.233871320533751,-8.879649898071904,304.70650111384765,142.11293935791454,-0.3718809783266353,251.8574021925526,,
LOT-037-C0025,LOT-037,Discrete_Transistor_X,150.0,5.45,high,251.3700047606,249.73024900478737,250.23482635872404,247.87467462174618,False,normal,none,-1.6397557558126437,0.5045773539366678,-2.360151736977855,304.70650111384765,142.11293935791454,-0.39990606589994787,247.87467462174618,,
LOT-037-C0026,LOT-037,Discrete_Transistor_X,150.0,5.45,high,243.71975116656873,246.9312402440438,242.16661445444922,247.61949295350183,False,normal,none,3.211489077475079,-4.764625789594589,5.452878499052616,304.70650111384765,142.11293935791454,-0.4017016917549706,247.61949295350183,,
LOT-037-C0027,LOT-037,Discrete_Transistor_X,150.0,5.45,high,263.14422489927864,268.68380985470566,267.8387183093088,261.1100841036772,False,normal,none,5.539584955427017,-0.8450915453968832,-6.728634205631579,304.70650111384765,142.11293935791454,-0.306773030007999,261.1100841036772,,
LOT-037-C0028,LOT-037,Discrete_Transistor_X,150.0,5.45,high,241.27051434948697,239.39868960126466,241.82440647863461,243.41734415842998,False,normal,none,-1.8718247482223092,2.4257168773699505,1.5929376797953694,304.70650111384765,142.11293935791454,-0.431270771207255,243.41734415842998,,
LOT-037-C0029,LOT-037,Discrete_Transistor_X,150.0,5.45,high,246.7074760840076,251.26595174600692,261.3682648307989,242.39104992473347,False,normal,none,4.558475661999324,10.102313084792002,-18.977214906065456,304.70650111384765,142.11293935791454,-0.43849245164207995,242.39104992473347,,
LOT-037-C0030,LOT-037,Discrete_Transistor_X,150.0,5.45,high,250.6636755294412,255.15467472068585,257.1157948188678,248.37517516316694,False,normal,none,4.49099919124464,1.961120098181965,-8.740619655700868,304.70650111384765,142.11293935791454,-0.39638421529519585,248.37517516316694,,
LOT-037-C0031,LOT-037,Discrete_Transistor_X,150.0,5.45,high,235.19430591769427,301.06069796451374,467.7770862327898,624.309901416453,True,gradual_degradation,low,65.86639204681947,166.7163882682761,156.53281518366322,304.70650111384765,142.11293935791454,2.248939482545479,624.309901416453,,
LOT-037-C0032,LOT-037,Discrete_Transistor_X,150.0,5.45,high,263.35569117661953,248.93790903662557,244.2051789854025,261.0864908919707,False,normal,none,-14.41778213999396,-4.732730051223058,16.881311906568186,304.70650111384765,142.11293935791454,-0.30693904734472494,261.0864908919707,,
LOT-037-C0033,LOT-037,Discrete_Transistor_X,150.0,5.45,high,325.6115829846293,333.12297776693003,339.3477456410389,320.6605942050734,True,lot_relative_anomaly,medium,7.5113947823007265,6.2247678741088635,-18.687151435965518,304.70650111384765,142.11293935791454,0.11226347975989011,320.6605942050734,,
LOT-037-C0034,LOT-037,Discrete_Transistor_X,150.0,5.45,high,261.2794996699115,256.7738705922917,248.78547168085106,256.4322466954078,False,normal,none,-4.505629077619801,-7.98839891144064,7.646775014556738,304.70650111384765,142.11293935791454,-0.3396893670382828,256.4322466954078,,
LOT-037-C0035,LOT-037,Discrete_Transistor_X,150.0,5.45,high,241.3753878140095,324.27143559032646,554.5547104315946,807.6182100286895,True,gradual_degradation,low,82.89604777631695,230.2832748412681,253.06349959709496,304.70650111384765,142.11293935791454,3.5388171632158545,807.6182100286895,,
LOT-037-C0036,LOT-037,Discrete_Transistor_X,150.0,5.45,high,242.3421275583367,230.55551835747755,235.44220232927077,243.2127384296598,False,normal,none,-11.786609200859147,4.886683971793218,7.770536100389023,304.70650111384765,142.11293935791454,-0.4327105115271346,243.2127384296598,,
LOT-037-C0037,LOT-037,Discrete_Transistor_X,150.0,5.45,high,329.2050027683077,347.06052329760337,335.480828897703,334.9608870900176,True,lot_relative_anomaly,medium,17.85552052929569,-11.579694399900347,-0.5199418076854272,304.70650111384765,142.11293935791454,0.2128897348324744,334.9608870900176,,
LOT-037-C0038,LOT-037,Discrete_Transistor_X,150.0,5.45,high,252.84319361585932,248.34578818299997,247.34812682725405,248.5113689390352,False,normal,none,-4.4974054328593525,-0.9976613557459189,1.1632421117811589,304.70650111384765,142.11293935791454,-0.39542586641800276,248.5113689390352,,
LOT-037-C0039,LOT-037,Discrete_Transistor_X,150.0,5.45,high,238.67657572106185,328.69749036761357,592.4945181458306,825.6693909193857,True,gradual_degradation,low,90.02091464655172,263.79702777821706,233.17487277355508,304.70650111384765,142.11293935791454,3.6658371303789696,825.6693909193857,,
LOT-037-C0040,LOT-037,Discrete_Transistor_X,150.0,5.45,high,241.87617544029365,239.42857779768997,244.8918708671074,236.98225067914976,False,normal,none,-2.4475976426036823,5.463293069417432,-7.909620187957643,304.70650111384765,142.11293935791454,-0.4765523163526503,236.98225067914976,,
LOT-037-C0041,LOT-037,Discrete_Transistor_X,150.0,5.45,high,246.25431708509404,252.12821297127155,263.1406269524967,264.6218108444564,False,normal,none,5.8738958861775075,11.012413981225137,1.481183891959688,304.70650111384765,142.11293935791454,-0.28206221369074,264.6218108444564,,
LOT-037-C0042,LOT-037,Discrete_Transistor_X,150.0,5.45,high,248.83558385916686,250.45964552283306,248.68732293029348,248.56679379114095,False,normal,none,1.6240616636661969,-1.772322592539581,-0.12052913915252361,304.70650111384765,142.11293935791454,-0.3950358607481731,248.56679379114095,,
LOT-037-C0043,LOT-037,Discrete_Transistor_X,150.0,5.45,high,241.39221092831897,235.84182327902536,232.03202319227393,228.0299992311712,False,normal,none,-5.5503876492936115,-3.809800086751437,-4.002023961102736,304.70650111384765,142.11293935791454,-0.5395462385699097,228.0299992311712,,
LOT-037-C0044,LOT-037,Discrete_Transistor_X,150.0,5.45,high,239.60837404674044,235.83573905853382,236.38198752617387,513.2616206147213,True,sudden_failure,critical,-3.772634988206619,0.546248467640055,276.87963308854745,304.70650111384765,142.11293935791454,1.4675308275457104,513.2616206147213,,
LOT-037-C0045,LOT-037,Discrete_Transistor_X,150.0,5.45,high,231.06791538932237,232.98524648191673,232.23715895329403,231.7603688505836,False,normal,none,1.9173310925943667,-0.7480875286227047,-0.47679010271042443,304.70650111384765,142.11293935791454,-0.513296907324868,231.7603688505836,,
LOT-037-C0046,LOT-037,Discrete_Transistor_X,150.0,5.45,high,253.69619378259938,247.4736025079283,252.10551092276404,255.1784085092196,False,normal,none,-6.222591274671089,4.631908414835749,3.0728975864555537,304.70650111384765,142.11293935791454,-0.34851219620396756,255.1784085092196,,
LOT-037-C0047,LOT-037,Discrete_Transistor_X,150.0,5.45,high,229.29162053159766,228.07533582228123,235.3435255080393,235.9159469774607,False,normal,none,-1.216284709316426,7.268189685758074,0.5724214694213856,304.70650111384765,142.11293935791454,-0.4840555296878101,235.9159469774607,,
LOT-037-C0048,LOT-037,Discrete_Transistor_X,150.0,5.45,high,304.2961951835259,283.2696351333219,303.5555149315635,305.95888953677877,True,lot_relative_anomaly,medium,-21.02656005020401,20.28587979824158,2.4033746052152765,304.70650111384765,142.11293935791454,0.008812627679010648,305.95888953677877,,
LOT-037-C0049,LOT-037,Discrete_Transistor_X,150.0,5.45,high,240.7985611660181,241.06512172532211,236.2235220196932,230.563799616842,False,normal,none,0.26656055930402545,-4.841599705628909,-5.659722402851202,304.70650111384765,142.11293935791454,-0.5217167545192745,230.563799616842,,
LOT-037-C0050,LOT-037,Discrete_Transistor_X,150.0,5.45,high,253.29473644418084,238.5770077380766,59.84855400752257,243.91972012716278,True,intermittent_anomaly,medium,-14.717728706104253,-178.728453730554,184.0711661196402,304.70650111384765,142.11293935791454,-0.42773572386390546,243.91972012716278,,
LOT-037-C0051,LOT-037,Discrete_Transistor_X,150.0,5.45,high,250.2945691927508,242.79186321044168,246.03116414108314,239.10834069196414,False,normal,none,-7.5027059823091236,3.2393009306414626,-6.922823449118994,304.70650111384765,142.11293935791454,-0.46159175032382593,239.10834069196414,,
LOT-037-C0052,LOT-037,Discrete_Transistor_X,150.0,5.45,high,247.54355987062397,250.48772778986012,245.25099591994473,247.9577143755017,False,normal,none,2.9441679192361505,-5.236731869915388,2.7067184555569668,304.70650111384765,142.11293935791454,-0.3993217436409706,247.9577143755017,,
LOT-037-C0053,LOT-037,Discrete_Transistor_X,150.0,5.45,high,236.28507462175727,250.06113789033154,253.41225112780688,249.87286279742372,False,normal,none,13.776063268574262,3.351113237475346,-3.5393883303831615,304.70650111384765,142.11293935791454,-0.3858455012201543,249.87286279742372,,
LOT-037-C0054,LOT-037,Discrete_Transistor_X,150.0,5.45,high,250.16357457207857,250.23575728101713,249.68640929560638,251.66595581567924,False,normal,none,0.0721827089385556,-0.5493479854107477,1.9795465200728586,304.70650111384765,142.11293935791454,-0.3732281208017564,251.66595581567924,,
LOT-037-C0055,LOT-037,Discrete_Transistor_X,150.0,5.45,high,311.0740881566939,314.14442863200617,317.1792210102998,315.4663319340034,True,lot_relative_anomaly,medium,3.070340475312264,3.0347923782936164,-1.712889076296392,304.70650111384765,142.11293935791454,0.0757132381384138,315.4663319340034,,
LOT-037-C0056,LOT-037,Discrete_Transistor_X,150.0,5.45,high,236.4728667752182,236.5990510418668,,231.3096424117277,False,normal,none,0.1261842666486075,,,304.70650111384765,142.11293935791454,-0.5164685146457237,231.3096424117277,,
LOT-037-C0057,LOT-037,Discrete_Transistor_X,150.0,5.45,high,254.071069432343,278.6777246985882,397.90920815389535,496.92677885856705,True,gradual_degradation,low,24.606655266245184,119.23148345530717,99.0175707046717,304.70650111384765,142.11293935791454,1.3525881500530252,496.92677885856705,,
LOT-037-C0058,LOT-037,Discrete_Transistor_X,150.0,5.45,high,319.287822263131,323.77941681847955,330.2902253106214,327.8493998172105,True,lot_relative_anomaly,medium,4.49159455534857,6.510808492141848,-2.440825493410898,304.70650111384765,142.11293935791454,0.16284863861042906,327.8493998172105,,
LOT-037-C0059,LOT-037,Discrete_Transistor_X,150.0,5.45,high,254.75755399439163,245.08417344748844,247.1805161545637,244.27622624230796,False,normal,none,-9.67338054690319,2.0963427070752516,-2.9042899122557344,304.70650111384765,142.11293935791454,-0.42522711263711693,244.27622624230796,,
LOT-038-C0000,LOT-038,Discrete_Transistor_X,100.0,4.74,high,231.6176917745142,228.77281085168437,230.79899512057787,459.28545377580235,True,sudden_failure,critical,-2.8448809228298444,2.026184268893502,228.48645865522448,255.92838633202564,52.12301773839369,3.901482996714221,459.28545377580235,,
LOT-038-C0001,LOT-038,Discrete_Transistor_X,100.0,4.74,high,222.0032805021358,218.11320044251715,224.89820980662765,229.37893175301633,False,normal,none,-3.89008005961864,6.785009364110493,4.480721946388684,255.92838633202564,52.12301773839369,-0.5093614247790001,229.37893175301633,,
LOT-038-C0002,LOT-038,Discrete_Transistor_X,100.0,4.74,high,269.83849266108064,271.5556327699827,266.60106996552474,261.10631419896885,False,normal,none,1.717140108902072,-4.954562804457964,-5.4947557665558975,255.92838633202564,52.12301773839369,0.09934052346952195,261.10631419896885,,
LOT-038-C0003,LOT-038,Discrete_Transistor_X,100.0,4.74,high,249.97276952677015,242.97757549986414,227.12164406361063,244.409873643331,False,normal,none,-6.995194026906006,-15.855931436253513,17.288229579720365,255.92838633202564,52.12301773839369,-0.22098706461138248,244.409873643331,,
LOT-038-C0004,LOT-038,Discrete_Transistor_X,100.0,4.74,high,236.58818518782067,230.95613592380283,228.88647525117565,227.42705664389516,False,normal,none,-5.632049264017837,-2.0696606726271796,-1.4594186072804973,255.92838633202564,52.12301773839369,-0.5468088941277179,227.42705664389516,,
LOT-038-C0005,LOT-038,Discrete_Transistor_X,100.0,4.74,high,216.1110012724048,219.63332722877087,212.88581668540365,218.35015442655063,False,normal,none,3.5223259563660747,-6.747510543367213,5.464337741146977,255.92838633202564,52.12301773839369,-0.7209527294463415,218.35015442655063,,
LOT-038-C0006,LOT-038,Discrete_Transistor_X,100.0,4.74,high,219.49985796556962,224.17842186448962,228.553951189538,227.43789792144335,False,normal,none,4.678563898920004,4.375529325048376,-1.116053268094646,255.92838633202564,52.12301773839369,-0.546600900077899,227.43789792144335,,
LOT-038-C0007,LOT-038,Discrete_Transistor_X,100.0,4.74,high,241.84875732660132,241.85884288685,246.06378810691155,238.93685521721872,False,normal,none,0.010085560248683123,4.204945220061546,-7.126932889692824,255.92838633202564,52.12301773839369,-0.3259890131474678,238.93685521721872,,
LOT-038-C0008,LOT-038,Discrete_Transistor_X,100.0,4.74,high,237.81312648873458,238.46048937443,245.783923949499,237.06769067880455,False,normal,none,0.6473628856954292,7.323434575069001,-8.71623327069446,255.92838633202564,52.12301773839369,-0.3618496486117369,237.06769067880455,,
LOT-038-C0009,LOT-038,Discrete_Transistor_X,100.0,4.74,high,240.3410984395518,234.3887436171967,244.09077315358613,241.05155298866012,False,normal,none,-5.952354822355119,9.702029536389432,-3.0392201649260073,255.92838633202564,52.12301773839369,-0.2854177288435715,241.05155298866012,,
LOT-038-C0010,LOT-038,Discrete_Transistor_X,100.0,4.74,high,243.82664393447521,242.22381318141117,231.13482146351103,231.9386061856504,False,normal,none,-1.6028307530640404,-11.088991717900143,0.803784722139369,255.92838633202564,52.12301773839369,-0.46025309330285424,231.9386061856504,,
LOT-038-C0011,LOT-038,Discrete_Transistor_X,100.0,4.74,high,234.35178658104397,235.1418099647288,233.88467216951062,247.7298973477583,False,normal,none,0.7900233836848258,-1.2571377952181706,13.845225178247688,255.92838633202564,52.12301773839369,-0.1572911419944195,247.7298973477583,,
LOT-038-C0012,LOT-038,Discrete_Transistor_X,100.0,4.74,high,224.71030375568859,216.74613597204376,222.5249797566812,234.22620089358728,False,normal,none,-7.964167783644825,5.778843784637445,11.70122113690607,255.92838633202564,52.12301773839369,-0.416364715246573,234.22620089358728,,
LOT-038-C0013,LOT-038,Discrete_Transistor_X,100.0,4.74,high,228.4183754243346,228.14036148374709,231.12495992529475,230.9480569722297,False,normal,none,-0.2780139405875275,2.9845984415476607,-0.17690295306505277,255.92838633202564,52.12301773839369,-0.47925715823233106,230.9480569722297,,
LOT-038-C0014,LOT-038,Discrete_Transistor_X,100.0,4.74,high,235.92913392499307,239.74122327407503,230.6726453131962,229.36207478144937,False,normal,none,3.8120893490819583,-9.068577960878827,-1.3105705317468335,255.92838633202564,52.12301773839369,-0.5096848322158368,229.36207478144937,,
LOT-038-C0015,LOT-038,Discrete_Transistor_X,100.0,4.74,high,238.06889559111082,237.57603895823095,234.61129958447304,239.46267091853284,False,normal,none,-0.4928566328798638,-2.964739373757908,4.851371334059792,255.92838633202564,52.12301773839369,-0.31590103811975173,239.46267091853284,,
LOT-038-C0016,LOT-038,Discrete_Transistor_X,100.0,4.74,high,233.00891576230794,254.75956188468814,248.46874718730064,248.12552613315952,False,normal,none,21.750646122380203,-6.290814697387503,-0.3432210541411109,255.92838633202564,52.12301773839369,-0.1497008526641493,248.12552613315952,,
LOT-038-C0017,LOT-038,Discrete_Transistor_X,100.0,4.74,high,246.21584280253003,241.11951333874052,269.1725064236138,386.28076645560407,True,accelerating_degradation,medium,-5.096329463789516,28.052993084873293,117.10826003199026,255.92838633202564,52.12301773839369,2.500860191514989,386.28076645560407,,
LOT-038-C0018,LOT-038,Discrete_Transistor_X,100.0,4.74,high,244.81902818989664,231.84831961541846,236.77836337556067,236.0287776367628,False,normal,none,-12.97070857447818,4.930043760142212,-0.7495857387978617,255.92838633202564,52.12301773839369,-0.3817815920624416,236.0287776367628,,
LOT-038-C0019,LOT-038,Discrete_Transistor_X,100.0,4.74,high,236.5852752717612,241.19283862245607,298.90327926805463,428.4719029396433,True,accelerating_degradation,medium,4.607563350694875,57.71044064559857,129.56862367158868,255.92838633202564,52.12301773839369,3.310313256872741,428.4719029396433,,
LOT-038-C0020,LOT-038,Discrete_Transistor_X,100.0,4.74,high,224.11333945399215,229.9845786805059,230.54730907561424,226.53216249877204,False,normal,none,5.871239226513751,0.562730395108332,-4.0151465768421986,255.92838633202564,52.12301773839369,-0.5639777800432382,226.53216249877204,,
LOT-038-C0021,LOT-038,Discrete_Transistor_X,100.0,4.74,high,250.87752635220522,253.97802663088385,244.22746766698754,238.6535385339877,False,normal,none,3.1005002786786235,-9.75055896389631,-5.573929132999837,255.92838633202564,52.12301773839369,-0.33142455190796305,238.6535385339877,,
LOT-038-C0022,LOT-038,Discrete_Transistor_X,100.0,4.74,high,218.53791362133958,219.7291236454933,233.82271278876945,341.0350589763369,True,accelerating_degradation,medium,1.191210024153719,14.093589143276148,107.21234618756748,255.92838633202564,52.12301773839369,1.632804015137096,341.0350589763369,,
LOT-038-C0023,LOT-038,Discrete_Transistor_X,100.0,4.74,high,235.77224662011346,237.79055186182939,247.90910266099647,240.3710067564644,False,normal,none,2.0183052417159217,10.118550799167082,-7.538095904532071,255.92838633202564,52.12301773839369,-0.2984742681946006,240.3710067564644,,
LOT-038-C0024,LOT-038,Discrete_Transistor_X,100.0,4.74,high,249.72324722497623,250.4349999402121,242.38518971614707,239.35847924187686,False,normal,none,0.7117527152358605,-8.049810224065027,-3.026710474270203,255.92838633202564,52.12301773839369,-0.3178999952250159,239.35847924187686,,
LOT-038-C0025,LOT-038,Discrete_Transistor_X,100.0,4.74,high,241.43148811823764,239.6746428228276,242.36915270494828,238.34451680322687,False,normal,none,-1.756845295410045,2.694509882120684,-4.02463590172141,255.92838633202564,52.12301773839369,-0.3373532518215371,238.34451680322687,,
LOT-038-C0026,LOT-038,Discrete_Transistor_X,100.0,4.74,high,234.77080227262786,238.83783954754495,228.3064331972425,230.98241891019222,False,normal,none,4.067037274917084,-10.531406350302433,2.6759857129497107,255.92838633202564,52.12301773839369,-0.47859791133041546,230.98241891019222,,
LOT-038-C0027,LOT-038,Discrete_Transistor_X,100.0,4.74,high,236.60315476050317,238.7277272471461,239.2215818762578,251.369230986844,False,normal,none,2.1245724866429327,0.493854629111695,12.147649110586201,255.92838633202564,52.12301773839369,-0.08746913634325845,251.369230986844,,
LOT-038-C0028,LOT-038,Discrete_Transistor_X,100.0,4.74,high,244.93882285813456,229.60444361323215,243.38396558145473,234.55398172005104,False,normal,none,-15.334379244902408,13.779521968222582,-8.82998386140369,255.92838633202564,52.12301773839369,-0.4100761149182324,234.55398172005104,,
LOT-038-C0029,LOT-038,Discrete_Transistor_X,100.0,4.74,high,300.22960090695307,305.88947481349544,308.3432441823445,327.4857925103622,True,lot_relative_anomaly,medium,5.659873906542373,2.4537693688490663,19.14254832801771,255.92838633202564,52.12301773839369,1.3728561638062555,327.4857925103622,,
LOT-038-C0030,LOT-038,Discrete_Transistor_X,100.0,4.74,high,213.7378547631029,220.06848712072372,225.13267739558702,217.5236968089028,False,normal,none,6.3306323576208285,5.064190274863307,-7.6089805866842255,255.92838633202564,52.12301773839369,-0.7368086344477718,217.5236968089028,,
LOT-038-C0031,LOT-038,Discrete_Transistor_X,100.0,4.74,high,247.68065206231284,234.81664254179546,241.5271145724992,256.09141826565866,False,normal,none,-12.864009520517385,6.710472030703727,14.564303693159474,255.92838633202564,52.12301773839369,0.0031278299052307705,256.09141826565866,,
LOT-038-C0032,LOT-038,Discrete_Transistor_X,100.0,4.74,high,235.16698270862597,239.7890463828591,230.67641142850565,227.89501610754385,False,normal,none,4.6220636742331465,-9.112634954353467,-2.781395320961792,255.92838633202564,52.12301773839369,-0.5378309131136986,227.89501610754385,,
LOT-038-C0033,LOT-038,Discrete_Transistor_X,100.0,4.74,high,242.74980431473733,245.5787317480461,248.59683715364878,244.3800055248029,False,normal,none,2.8289274333087633,3.0181054056026824,-4.216831628845881,255.92838633202564,52.12301773839369,-0.22156009587135306,244.3800055248029,,
LOT-038-C0034,LOT-038,Discrete_Transistor_X,100.0,4.74,high,247.00378467913637,237.80543991294928,236.99406524672443,237.9473536491249,False,normal,none,-9.198344766187091,-0.8113746662248502,0.9532884024004602,255.92838633202564,52.12301773839369,-0.3449729786012747,237.9473536491249,,
LOT-038-C0035,LOT-038,Discrete_Transistor_X,100.0,4.74,high,233.33474929308295,228.16762325975947,221.74986853614962,233.3773516793235,False,normal,none,-5.167126033323484,-6.417754723609846,11.62748314317389,255.92838633202564,52.12301773839369,-0.4326502115799617,233.3773516793235,,
LOT-038-C0036,LOT-038,Discrete_Transistor_X,100.0,4.74,high,292.2500761672608,288.9323034984956,281.0948800830909,291.7895534529318,True,lot_relative_anomaly,medium,-3.3177726687651443,-7.837423415404714,10.69467336984087,255.92838633202564,52.12301773839369,0.6880101858433053,291.7895534529318,,
LOT-038-C0037,LOT-038,Discrete_Transistor_X,100.0,4.74,high,224.41528816984723,234.76292143595128,230.31147089840516,225.9686214278318,False,normal,none,10.347633266104054,-4.451450537546123,-4.342849470573356,255.92838633202564,52.12301773839369,-0.5747895306937599,225.9686214278318,,
LOT-038-C0038,LOT-038,Discrete_Transistor_X,100.0,4.74,high,237.194669921568,230.49451624457427,224.9757244518852,233.81661311047833,False,normal,none,-6.700153676993722,-5.518791792689058,8.840888658593116,255.92838633202564,52.12301773839369,-0.42422281327851497,233.81661311047833,,
LOT-038-C0039,LOT-038,Discrete_Transistor_X,100.0,4.74,high,245.59102649524513,245.21398957009725,239.30997731785732,241.40318597271732,False,normal,none,-0.3770369251478769,-5.904012252239937,2.093208654860007,255.92838633202564,52.12301773839369,-0.2786715157631613,241.40318597271732,,
LOT-038-C0040,LOT-038,Discrete_Transistor_X,100.0,4.74,high,247.72485903604428,242.37056189944386,239.3389843280903,239.09998230063428,False,normal,none,-5.354297136600422,-3.0315775713535515,-0.23900202745602428,255.92838633202564,52.12301773839369,-0.32285935775732333,239.09998230063428,,
LOT-038-C0041,LOT-038,Discrete_Transistor_X,100.0,4.74,high,231.8510079667573,221.62486528014506,226.88325388594956,219.37391222200637,False,normal,none,-10.226142686612235,5.258388605804498,-7.509341663943189,255.92838633202564,52.12301773839369,-0.7013115451888606,219.37391222200637,,
LOT-038-C0042,LOT-038,Discrete_Transistor_X,100.0,4.74,high,234.9438594113492,226.41622787002774,230.23053018976645,220.43308221523665,False,normal,none,-8.527631541321455,3.814302319738715,-9.797447974529803,255.92838633202564,52.12301773839369,-0.6809909643938983,220.43308221523665,,
LOT-038-C0043,LOT-038,Discrete_Transistor_X,100.0,4.74,high,257.445653706648,265.44693107720786,256.0703560190356,257.85958643710586,False,normal,none,8.001277370559876,-9.37657505817225,1.7892304180702467,255.92838633202564,52.12301773839369,0.037050811500841115,257.85958643710586,,
LOT-038-C0044,LOT-038,Discrete_Transistor_X,100.0,4.74,high,245.56699237707494,248.8381438126106,246.06254683494083,250.94805316412706,False,normal,none,3.2711514355356712,-2.775596977669778,4.885506329186228,255.92838633202564,52.12301773839369,-0.09554959371107319,250.94805316412706,,
LOT-038-C0045,LOT-038,Discrete_Transistor_X,100.0,4.74,high,232.85471382940693,234.93334408368537,231.96103470263577,236.57925737239287,False,normal,none,2.078630254278437,-2.972309381049598,4.6182226697571025,255.92838633202564,52.12301773839369,-0.3712204281176959,236.57925737239287,,
LOT-038-C0046,LOT-038,Discrete_Transistor_X,100.0,4.74,high,258.49343173072657,268.2670933251959,317.6436618437723,378.9831848015041,True,gradual_degradation,low,9.773661594469331,49.37656851857639,61.33952295773179,255.92838633202564,52.12301773839369,2.360853300687473,378.9831848015041,,
LOT-038-C0047,LOT-038,Discrete_Transistor_X,100.0,4.74,high,237.8900893404823,232.91621086415387,229.6086449429302,239.41248010958196,False,normal,none,-4.973878476328423,-3.30756592122367,9.803835166651766,255.92838633202564,52.12301773839369,-0.31686396795629307,239.41248010958196,,
LOT-038-C0048,LOT-038,Discrete_Transistor_X,100.0,4.74,high,,234.49703427337292,243.2717826368429,245.05284567043628,False,normal,none,,8.774748363469968,1.781063033593398,255.92838633202564,52.12301773839369,-0.20865140073381547,245.05284567043628,,
LOT-038-C0049,LOT-038,Discrete_Transistor_X,100.0,4.74,high,240.56859565010586,258.3514878773693,316.39697255686576,364.32209191237604,True,gradual_degradation,low,17.78289222726346,58.04548467949644,47.925119355510276,255.92838633202564,52.12301773839369,2.079574634845209,364.32209191237604,,
LOT-038-C0050,LOT-038,Discrete_Transistor_X,100.0,4.74,high,239.2640936597454,229.6424910860273,246.62352278538918,240.48123055918745,False,normal,none,-9.621602573718121,16.981031699361893,-6.142292226201732,255.92838633202564,52.12301773839369,-0.2963595824471968,240.48123055918745,,
LOT-038-C0051,LOT-038,Discrete_Transistor_X,100.0,4.74,high,233.2816293430732,234.8036446819148,231.55133675346997,227.67037896482634,False,normal,none,1.5220153388415838,-3.2523079284448215,-3.8809577886436273,255.92838633202564,52.12301773839369,-0.5421406624809545,227.67037896482634,,
LOT-038-C0052,LOT-038,Discrete_Transistor_X,100.0,4.74,high,224.21672715556127,224.21539499707592,216.8550622842372,217.82794226421728,False,normal,none,-0.0013321584853542845,-7.360332712838726,0.9728799799800925,255.92838633202564,52.12301773839369,-0.7309715692025954,217.82794226421728,,
LOT-038-C0053,LOT-038,Discrete_Transistor_X,100.0,4.74,high,246.64437608714226,234.43998624399237,236.6307354600079,238.2595928862585,False,normal,none,-12.204389843149897,2.190749216015547,1.6288574262505904,255.92838633202564,52.12301773839369,-0.33898254959924057,238.2595928862585,,
LOT-038-C0054,LOT-038,Discrete_Transistor_X,100.0,4.74,high,280.5651257370737,275.710461892838,,274.3574040082164,True,lot_relative_anomaly,medium,-4.854663844235688,,,255.92838633202564,52.12301773839369,0.353567741773631,274.3574040082164,,
LOT-038-C0055,LOT-038,Discrete_Transistor_X,100.0,4.74,high,231.90370067050804,230.85416173756477,234.5354090335939,231.10009175792857,False,normal,none,-1.0495389329432783,3.6812472960291416,-3.4353172756653407,255.92838633202564,52.12301773839369,-0.47634031280979744,231.10009175792857,,
LOT-038-C0056,LOT-038,Discrete_Transistor_X,100.0,4.74,high,228.02635649213772,224.640278425718,228.50068707632622,225.55235426151236,False,normal,none,-3.3860780664197137,3.860408650608207,-2.9483328148138526,255.92838633202564,52.12301773839369,-0.5827757752433118,225.55235426151236,,
LOT-038-C0057,LOT-038,Discrete_Transistor_X,100.0,4.74,high,213.8808783670554,220.0525403263739,214.3624533986717,213.51561490921932,False,normal,none,6.171661959318499,-5.690086927702197,-0.8468384894523808,255.92838633202564,52.12301773839369,-0.8137052162957397,213.51561490921932,,
LOT-038-C0058,LOT-038,Discrete_Transistor_X,100.0,4.74,high,229.82040917904573,,224.73261392870387,231.9342766340144,False,normal,none,,,7.201662705310525,255.92838633202564,52.12301773839369,-0.46033615740435607,231.9342766340144,,
LOT-038-C0059,LOT-038,Discrete_Transistor_X,100.0,4.74,high,235.5485143607074,250.6123689812368,278.0230887376355,327.0345530212567,True,gradual_degradation,low,15.063854620529412,27.410719756398663,49.01146428362125,255.92838633202564,52.12301773839369,1.3641989618888557,327.0345530212567,,
LOT-039-C0000,LOT-039,Discrete_Transistor_X,125.0,5.29,elevated,279.16360953904797,282.494945503839,271.1448550604118,289.21664742761385,False,normal,none,3.3313359647910374,-11.350090443427177,18.071792367202022,283.6616780209877,84.34392338169079,0.06586093204945681,289.21664742761385,,
LOT-039-C0001,LOT-039,Discrete_Transistor_X,125.0,5.29,elevated,267.0247777913031,260.09691955796023,261.6633322653786,256.7087877141964,False,normal,none,-6.927858233342874,1.5664127074183511,-4.9545445511822095,283.6616780209877,84.34392338169079,-0.31955936155374803,256.7087877141964,,
LOT-039-C0002,LOT-039,Discrete_Transistor_X,125.0,5.29,elevated,260.89526095470114,278.4605360886446,260.5276727967659,278.72118893852877,False,normal,none,17.56527513394343,-17.932863291878675,18.19351614176287,283.6616780209877,84.34392338169079,-0.058575518951154516,278.72118893852877,,
LOT-039-C0003,LOT-039,Discrete_Transistor_X,125.0,5.29,elevated,247.9600434968687,252.10017732694902,,,False,missing_invalid,unknown,4.140133830080316,,,283.6616780209877,84.34392338169079,,,,
LOT-039-C0004,LOT-039,Discrete_Transistor_X,125.0,5.29,elevated,244.8035712756042,246.35643968538596,257.0827221188078,249.1992368160819,False,normal,none,1.5528684097817518,10.72628243342183,-7.883485302725887,283.6616780209877,84.34392338169079,-0.40859423919550386,249.1992368160819,,
LOT-039-C0005,LOT-039,Discrete_Transistor_X,125.0,5.29,elevated,249.0756398841104,251.4579220820584,254.7855371430903,255.7908770328018,False,normal,none,2.382282197948001,3.3276150610319064,1.0053398897115073,283.6616780209877,84.34392338169079,-0.33044231132169577,255.7908770328018,,
LOT-039-C0006,LOT-039,Discrete_Transistor_X,125.0,5.29,elevated,253.73512860576062,253.8950654161293,256.40988230682535,255.80715718456017,False,normal,none,0.15993681036869134,2.5148168906960393,-0.6027251222651842,283.6616780209877,84.34392338169079,-0.3302492902822939,255.80715718456017,,
LOT-039-C0007,LOT-039,Discrete_Transistor_X,125.0,5.29,elevated,253.32886062306827,250.83349005757017,252.61507372616177,258.6470072767254,False,normal,none,-2.495370565498092,1.781583668591594,6.031933550563622,283.6616780209877,84.34392338169079,-0.29657940656922854,258.6470072767254,,
LOT-039-C0008,LOT-039,Discrete_Transistor_X,125.0,5.29,elevated,257.1496171767041,254.030592155988,374.1914836891106,635.3061757940945,True,accelerating_degradation,medium,-3.1190250207161228,120.16089153312262,261.11469210498393,283.6616780209877,84.34392338169079,4.169174063456492,635.3061757940945,,
LOT-039-C0009,LOT-039,Discrete_Transistor_X,125.0,5.29,elevated,273.25233134457744,268.40163694195434,254.35102347371162,255.6357844191737,False,normal,none,-4.850694402623105,-14.050613468242716,1.284760945462068,283.6616780209877,84.34392338169079,-0.33228112326462916,255.6357844191737,,
LOT-039-C0010,LOT-039,Discrete_Transistor_X,125.0,5.29,elevated,276.2711239317585,318.00944836109477,413.4732306781673,500.59440533772187,True,gradual_degradation,low,41.738324429336274,95.46378231707251,87.12117465955458,283.6616780209877,84.34392338169079,2.572001854063923,500.59440533772187,,
LOT-039-C0011,LOT-039,Discrete_Transistor_X,125.0,5.29,elevated,263.1850277101987,263.1042508363703,256.2980832353139,271.04286518944633,False,normal,none,-0.08077687382842669,-6.806167601056359,14.744781954132407,283.6616780209877,84.34392338169079,-0.1496114044213487,271.04286518944633,,
LOT-039-C0012,LOT-039,Discrete_Transistor_X,125.0,5.29,elevated,246.0323403393939,260.2347779064789,255.07356883249923,258.1667988504094,False,normal,none,14.202437567084985,-5.161209073979649,3.093230017910173,283.6616780209877,84.34392338169079,-0.30227286268393694,258.1667988504094,,
LOT-039-C0013,LOT-039,Discrete_Transistor_X,125.0,5.29,elevated,275.51050630282623,270.8573914061449,276.0535228182227,268.879221256597,False,normal,none,-4.653114896681302,5.1961314120777615,-7.1743015616256685,283.6616780209877,84.34392338169079,-0.17526404003634063,268.879221256597,,
LOT-039-C0014,LOT-039,Discrete_Transistor_X,125.0,5.29,elevated,255.15088035316066,264.25267325701753,258.7986554591182,268.55283577994163,False,normal,none,9.101792903856875,-5.454017797899326,9.754180320823423,283.6616780209877,84.34392338169079,-0.17913373762176552,268.55283577994163,,
LOT-039-C0015,LOT-039,Discrete_Transistor_X,125.0,5.29,elevated,248.90537712226853,251.2379855311816,251.74461128500838,255.79235246415973,False,normal,none,2.3326084089130745,0.5066257538267678,4.047741179151359,283.6616780209877,84.34392338169079,-0.33042481828486775,255.79235246415973,,
LOT-039-C0016,LOT-039,Discrete_Transistor_X,125.0,5.29,elevated,253.61043224417782,252.00589560896069,250.47786554300185,,False,normal,none,-1.60453663521713,-1.5280300659588306,,283.6616780209877,84.34392338169079,,,,
LOT-039-C0017,LOT-039,Discrete_Transistor_X,125.0,5.29,elevated,255.54272242795216,257.50600672678837,264.1244590011014,255.99343041979745,False,normal,none,1.9632842988362142,6.618452274313029,-8.131028581303951,283.6616780209877,84.34392338169079,-0.3280407940709626,255.99343041979745,,
LOT-039-C0018,LOT-039,Discrete_Transistor_X,125.0,5.29,elevated,257.56762376837037,264.2467954787364,253.60715754786426,256.79870688932647,False,normal,none,6.679171710366006,-10.639637930872112,3.1915493414622063,283.6616780209877,84.34392338169079,-0.3184932601498191,256.79870688932647,,
LOT-039-C0019,LOT-039,Discrete_Transistor_X,125.0,5.29,elevated,239.5082409793974,247.12450625395604,247.28466489176714,242.36948591200783,False,normal,none,7.616265274558629,0.16015863781109374,-4.915178979759304,283.6616780209877,84.34392338169079,-0.4895692594487906,242.36948591200783,,
LOT-039-C0020,LOT-039,Discrete_Transistor_X,125.0,5.29,elevated,257.32314538339995,257.5796134395876,263.2554780479131,264.3565517440161,False,normal,none,0.2564680561876571,5.675864608325469,1.1010736961030148,283.6616780209877,84.34392338169079,-0.22888579879795293,264.3565517440161,,
LOT-039-C0021,LOT-039,Discrete_Transistor_X,125.0,5.29,elevated,245.52657979697594,285.1563149504537,412.38755137499277,529.195696012999,True,gradual_degradation,low,39.62973515347775,127.23123642453908,116.80814463800618,283.6616780209877,84.34392338169079,2.911105010859754,529.195696012999,,
LOT-039-C0022,LOT-039,Discrete_Transistor_X,125.0,5.29,elevated,261.27759705751436,263.84042388312866,260.60880507327903,263.384360401302,False,normal,none,2.5628268256143087,-3.2316188098496355,2.7755553280229606,283.6616780209877,84.34392338169079,-0.24041231195663698,263.384360401302,,
LOT-039-C0023,LOT-039,Discrete_Transistor_X,125.0,5.29,elevated,252.66373066323695,248.60079505700486,249.25829998268094,242.14883226322954,False,normal,none,-4.062935606232088,0.6575049256760792,-7.109467719451402,283.6616780209877,84.34392338169079,-0.4921853773613964,242.14883226322954,,
LOT-039-C0024,LOT-039,Discrete_Transistor_X,125.0,5.29,elevated,250.97163251136084,252.23334539473106,245.91732369489677,251.72227989010682,False,normal,none,1.2617128833702225,-6.316021699834295,5.804956195210053,283.6616780209877,84.34392338169079,-0.3786804887690848,251.72227989010682,,
LOT-039-C0025,LOT-039,Discrete_Transistor_X,125.0,5.29,elevated,251.2005108472553,249.9098344848047,251.01754514147555,258.7908167066938,False,normal,none,-1.290676362450597,1.1077106566708608,7.773271565218266,283.6616780209877,84.34392338169079,-0.29487437051917864,258.7908167066938,,
LOT-039-C0026,LOT-039,Discrete_Transistor_X,125.0,5.29,elevated,256.3239080549547,255.24933891517762,259.89957965547245,252.45235603685913,False,normal,none,-1.0745691397770827,4.650240740294834,-7.447223618613322,283.6616780209877,84.34392338169079,-0.3700245463196398,252.45235603685913,,
LOT-039-C0027,LOT-039,Discrete_Transistor_X,125.0,5.29,elevated,267.53365555039085,271.19797638996204,281.6441376364097,275.4935308663269,False,normal,none,3.6643208395711895,10.446161246447673,-6.150606770082788,283.6616780209877,84.34392338169079,-0.09684333888164759,275.4935308663269,,
LOT-039-C0028,LOT-039,Discrete_Transistor_X,125.0,5.29,elevated,238.71410769000326,241.50696317320995,245.9108371635266,,False,normal,none,2.7928554832066936,4.40387399031664,,283.6616780209877,84.34392338169079,,,,
LOT-039-C0029,LOT-039,Discrete_Transistor_X,125.0,5.29,elevated,262.8002682052979,262.32833097730554,258.0739941411092,259.12587188098456,False,normal,none,-0.4719372279923846,-4.25433683619633,1.0518777398753514,283.6616780209877,84.34392338169079,-0.2909018831026936,259.12587188098456,,
LOT-039-C0030,LOT-039,Discrete_Transistor_X,125.0,5.29,elevated,246.25199213857195,238.01979169121077,232.62806166801246,237.11548793066095,False,normal,none,-8.23220044736118,-5.391730023198306,4.4874262626484835,283.6616780209877,84.34392338169079,-0.5518618084635002,237.11548793066095,,
LOT-039-C0031,LOT-039,Discrete_Transistor_X,125.0,5.29,elevated,262.5962343019095,260.0073296323716,260.9941761875402,260.11480253266717,False,normal,none,-2.5889046695378966,0.9868465551685972,-0.8793736548730067,283.6616780209877,84.34392338169079,-0.2791769050363154,260.11480253266717,,
LOT-039-C0032,LOT-039,Discrete_Transistor_X,125.0,5.29,elevated,263.1477921799644,266.86967186008906,256.84633448052097,262.36595778104464,False,normal,none,3.72187968012463,-10.02333737956809,5.519623300523676,283.6616780209877,84.34392338169079,-0.2524867161273875,262.36595778104464,,
LOT-039-C0033,LOT-039,Discrete_Transistor_X,125.0,5.29,elevated,246.6222468044161,244.2294563076569,245.19479985415657,247.41025300226752,False,normal,none,-2.392790496759204,0.9653435464996676,2.215453148110953,283.6616780209877,84.34392338169079,-0.4298048225082874,247.41025300226752,,
LOT-039-C0034,LOT-039,Discrete_Transistor_X,125.0,5.29,elevated,250.42764513152093,265.8353282716972,247.9242168232175,252.304619881877,False,normal,none,15.407683140176289,-17.911111448479716,4.380403058659482,283.6616780209877,84.34392338169079,-0.3717761384801512,252.304619881877,,
LOT-039-C0035,LOT-039,Discrete_Transistor_X,125.0,5.29,elevated,236.8727073701181,227.35513266887455,236.45863631580622,238.21585415580566,False,normal,none,-9.517574701243547,9.10350364693167,1.7572178399994414,283.6616780209877,84.34392338169079,-0.5388156258693481,238.21585415580566,,
LOT-039-C0036,LOT-039,Discrete_Transistor_X,125.0,5.29,elevated,269.587182496237,265.0173364440993,265.7956714774165,263.9473842398801,False,normal,none,-4.569846052137677,0.7783350333171484,-1.8482872375363968,283.6616780209877,84.34392338169079,-0.23373697820401823,263.9473842398801,,
LOT-039-C0037,LOT-039,Discrete_Transistor_X,125.0,5.29,elevated,248.7490154888673,253.4562084196057,262.92941141133235,251.52870023716724,False,normal,none,4.707192930738415,9.473202991726652,-11.40071117416511,283.6616780209877,84.34392338169079,-0.38097561146646686,251.52870023716724,,
LOT-039-C0038,LOT-039,Discrete_Transistor_X,125.0,5.29,elevated,243.2887808013017,252.12896814402941,249.7255422233765,254.1181924009696,False,normal,none,8.840187342727717,-2.4034259206529214,4.3926501775931115,283.6616780209877,84.34392338169079,-0.35027402610051406,254.1181924009696,,
LOT-039-C0039,LOT-039,Discrete_Transistor_X,125.0,5.29,elevated,245.6937616871835,241.78822431131005,242.931188731957,243.87955556717068,False,normal,none,-3.9055373758734504,1.1429644206469618,0.948366835213676,283.6616780209877,84.34392338169079,-0.471665543394118,243.87955556717068,,
LOT-039-C0040,LOT-039,Discrete_Transistor_X,125.0,5.29,elevated,235.60758132929928,234.27264667956595,237.97497617051843,232.8869225603443,False,normal,none,-1.3349346497333272,3.7023294909524793,-5.088053610174143,283.6616780209877,84.34392338169079,-0.6019966041995328,232.8869225603443,,
LOT-039-C0041,LOT-039,Discrete_Transistor_X,125.0,5.29,elevated,272.9389104778264,272.0598735642495,281.82484548374407,270.4043879136251,False,normal,none,-0.8790369135769538,9.764971919494599,-11.42045757011897,283.6616780209877,84.34392338169079,-0.15718133062613124,270.4043879136251,,
LOT-039-C0042,LOT-039,Discrete_Transistor_X,125.0,5.29,elevated,252.87766931824214,258.99629306526776,263.0035955531963,261.4876959230808,False,normal,none,6.118623747025623,4.007302487928541,-1.5158996301154843,283.6616780209877,84.34392338169079,-0.2628995807743085,261.4876959230808,,
LOT-039-C0043,LOT-039,Discrete_Transistor_X,125.0,5.29,elevated,246.32221158692482,239.56978152789378,258.9928819271204,249.49615426570065,False,normal,none,-6.752430059031042,19.4231003992266,-9.496727661419726,283.6616780209877,84.34392338169079,-0.40507392098271366,249.49615426570065,,
LOT-039-C0044,LOT-039,Discrete_Transistor_X,125.0,5.29,elevated,256.9046027357779,248.063296656923,257.4883426008038,252.96840081274738,False,normal,none,-8.841306078854927,9.425045943880775,-4.5199417880564,283.6616780209877,84.34392338169079,-0.3639062066076853,252.96840081274738,,
LOT-039-C0045,LOT-039,Discrete_Transistor_X,125.0,5.29,elevated,276.92614846842264,,272.6253684229928,272.2053412340164,False,normal,none,,,-0.42002718897640534,283.6616780209877,84.34392338169079,-0.13582883422587225,272.2053412340164,,
LOT-039-C0046,LOT-039,Discrete_Transistor_X,125.0,5.29,elevated,259.7818437763085,499.34036210619183,515.4047465323216,506.93043286554496,True,sudden_failure,critical,239.55851832988333,16.064384426129777,-8.474313666776652,283.6616780209877,84.34392338169079,2.6471231820006134,506.93043286554496,,
LOT-039-C0047,LOT-039,Discrete_Transistor_X,125.0,5.29,elevated,245.32227158355445,268.0841870825597,336.4761347801795,426.9548539871328,True,gradual_degradation,low,22.761915499005255,68.3919476976198,90.47871920695331,283.6616780209877,84.34392338169079,1.6989152297040393,426.9548539871328,,
LOT-039-C0048,LOT-039,Discrete_Transistor_X,125.0,5.29,elevated,272.3322979490596,267.3120487416772,265.6729436532277,262.99574314425246,False,normal,none,-5.020249207382392,-1.639105088449469,-2.677200508975261,283.6616780209877,84.34392338169079,-0.24501984313930297,262.99574314425246,,
LOT-039-C0049,LOT-039,Discrete_Transistor_X,125.0,5.29,elevated,251.93557789601584,253.2336352987661,245.44928612610857,254.53473815275981,False,normal,none,1.2980574027502598,-7.784349172657528,9.08545202665124,283.6616780209877,84.34392338169079,-0.3453353685767803,254.53473815275981,,
LOT-039-C0050,LOT-039,Discrete_Transistor_X,125.0,5.29,elevated,240.9981059140939,260.32085234719057,341.6363774781702,511.0792452003909,True,accelerating_degradation,medium,19.322746433096654,81.31552513097961,169.44286772222074,283.6616780209877,84.34392338169079,2.6963124083076573,511.0792452003909,,
LOT-039-C0051,LOT-039,Discrete_Transistor_X,125.0,5.29,elevated,249.5614387914523,251.91731612040022,243.37023644354076,239.2523188729575,False,normal,none,2.355877328947912,-8.547079676859454,-4.117917570583273,283.6616780209877,84.34392338169079,-0.526527073527985,239.2523188729575,,
LOT-039-C0052,LOT-039,Discrete_Transistor_X,125.0,5.29,elevated,249.62467600217465,247.45112209142087,234.33750161899707,237.56948465688166,False,normal,none,-2.173553910753782,-13.113620472423804,3.2319830378845893,283.6616780209877,84.34392338169079,-0.5464791239971138,237.56948465688166,,
LOT-039-C0053,LOT-039,Discrete_Transistor_X,125.0,5.29,elevated,274.23571730505563,274.1265011197398,267.5448916558318,263.4698098563243,False,normal,none,-0.1092161853158018,-6.581609463908023,-4.0750817995075295,283.6616780209877,84.34392338169079,-0.23939920453174768,263.4698098563243,,
LOT-039-C0054,LOT-039,Discrete_Transistor_X,125.0,5.29,elevated,260.3779248153503,266.4739415462253,268.094121985,263.81950013317515,False,normal,none,6.0960167308750215,1.620180438774696,-4.274621851824861,283.6616780209877,84.34392338169079,-0.23525320013889547,263.81950013317515,,
LOT-039-C0055,LOT-039,Discrete_Transistor_X,125.0,5.29,elevated,243.97643156233346,241.07057162806703,240.0927940981023,246.48991700896306,False,normal,none,-2.905859934266431,-0.977777529964726,6.397122910860759,283.6616780209877,84.34392338169079,-0.44071652730460764,246.48991700896306,,
LOT-039-C0056,LOT-039,Discrete_Transistor_X,125.0,5.29,elevated,258.48736080408736,257.3261513010624,258.35196830160714,251.15162622314585,False,normal,none,-1.1612095030249634,1.0258170005447482,-7.20034207846129,283.6616780209877,84.34392338169079,-0.38544628343550696,251.15162622314585,,
LOT-039-C0057,LOT-039,Discrete_Transistor_X,125.0,5.29,elevated,247.68387939360022,251.63707239776684,243.5126510321667,249.5992490082141,False,normal,none,3.9531930041666214,-8.124421365600142,6.086597976047386,283.6616780209877,84.34392338169079,-0.4038516071706458,249.5992490082141,,
LOT-039-C0058,LOT-039,Discrete_Transistor_X,125.0,5.29,elevated,248.53150536306543,247.10234322000923,250.12047943539713,249.27089726989024,False,normal,none,-1.4291621430562031,3.018136215387898,-0.849582165506888,283.6616780209877,84.34392338169079,-0.40774461718439536,249.27089726989024,,
LOT-039-C0059,LOT-039,Discrete_Transistor_X,125.0,5.29,elevated,,251.05143297276004,247.52934290706568,245.2548598719385,False,normal,none,,-3.522090065694357,-2.27448303512719,283.6616780209877,84.34392338169079,-0.45535963480430774,245.2548598719385,,
