Component_ID,Batch_ID,Component_Type,Manufacturing_Date,Burn_In_Start_Date,Chamber_Temperature_C,Voltage_Stress_V,Value_0h,Value_24h,Max_Limit_uA,Lot_ID,Parameter_0h,Parameter_24h,Temperature,Voltage,Stress_Level,Defect_Probability,ML_Decision,Predicted_168h,Pred_Interval_Lo,Pred_Interval_Hi,Predicted_Drift_Rate,Early_Reject_Flag,Reason_Codes,Anomaly_Label,Severity,Failure_Mode,Parameter_168h,Parameter_96h,Drift_0_24,Drift_96_168,Lot_ZScore
CMP01354,B1045,Relay_Electromech,2026-01-09,2026-01-19,95.5,5.56,16.282,18.955,50.0,B1045,16.282,18.955,95.5,5.56,High,0.9709,REJECT,25.523,21.82,33.99,0.04561,OK,rate_0_24=0.111 is +6.9 SD from normal-pass average | stress_weighted_rate=0.619 is +6.8 SD from normal-pass average | temp_deviation_from_85=10.500 is +1.8 SD from normal-pass average,True,Critical,Severe Latent Degradation,25.523,22.239,2.6729999999999983,3.283999999999999,3.83
CMP02984,B1025,Transistor_BJT,2026-07-03,2026-07-15,76.1,5.47,8.324,8.668,50.0,B1025,8.324,8.668,76.1,5.47,Low,0.2855,PASS,12.847,9.95,13.75,0.02902,OK,temp_deviation_from_85=-8.900 is -1.5 SD from normal-pass average | rate_0_24=0.014 is -0.8 SD from normal-pass average | stress_weighted_rate=0.078 is -0.8 SD from normal-pass average,False,None,Normal,12.847,10.758,0.3439999999999994,2.0890000000000004,-0.74
CMP01491,B1049,Tantalum_Capacitor,2026-05-03,2026-05-09,79.2,5.4,5.978,6.634,50.0,B1049,5.978,6.634,79.2,5.4,Low,0.4372,REJECT,10.445,7.64,13.91,0.02646,OK,temp_deviation_from_85=-5.800 is -1.0 SD from normal-pass average | rate_0_24=0.027 is +0.2 SD from normal-pass average | stress_weighted_rate=0.148 is +0.2 SD from normal-pass average,True,Medium,Lot-Relative Drift,10.445,8.54,0.6560000000000006,1.9050000000000011,0.28
CMP00662,B1044,IC_Digital,2026-06-25,2026-07-02,83.2,5.4,11.415,12.828,50.0,B1044,11.415,12.828,83.2,5.4,Medium,0.7069,REJECT,22.055,14.63,39.7,0.06408,EARLY_REJECT,rate_0_24=0.059 is +2.7 SD from normal-pass average | stress_weighted_rate=0.318 is +2.6 SD from normal-pass average | temp_deviation_from_85=-1.800 is -0.3 SD from normal-pass average,True,Critical,Accelerating Drift,22.055,17.441,1.4130000000000003,4.614000000000001,2.07
CMP03331,B1039,Resistor_Precision,2026-05-09,2026-05-17,85.2,5.42,4.096,4.921,50.0,B1039,4.096,4.921,85.2,5.42,Medium,0.2793,PASS,8.742,6.21,15.16,0.02654,OK,rate_0_24=0.034 is +0.8 SD from normal-pass average | stress_weighted_rate=0.186 is +0.7 SD from normal-pass average | pct_change_24_0=0.201 is +0.7 SD from normal-pass average,False,None,Normal,8.742,6.832,0.8250000000000002,1.910000000000001,-0.78
CMP02844,B1016,IC_Digital,2026-05-23,2026-05-26,76.1,5.6,10.459,11.442,50.0,B1016,10.459,11.442,76.1,5.6,Low,0.4522,REJECT,15.648,12.84,22.75,0.02921,OK,temp_deviation_from_85=-8.900 is -1.5 SD from normal-pass average | stress_weighted_rate=0.229 is +1.3 SD from normal-pass average | rate_0_24=0.041 is +1.3 SD from normal-pass average,True,Medium,Lot-Relative Drift,15.648,13.545,0.9830000000000005,2.1029999999999998,0.38
CMP00558,B1037,Tantalum_Capacitor,2026-01-17,2026-01-21,87.6,5.93,8.142,8.876,50.0,B1037,8.142,8.876,87.6,5.93,Medium,0.3878,PASS,13.044,10.25,19.1,0.02894,OK,stress_weighted_rate=0.181 is +0.6 SD from normal-pass average | rate_0_24=0.031 is +0.5 SD from normal-pass average | temp_deviation_from_85=2.600 is +0.4 SD from normal-pass average,False,None,Normal,13.044,10.96,0.734,2.0839999999999996,-0.05
CMP04406,B1000,Resistor_Precision,2026-05-23,2026-06-01,83.2,5.78,3.498,4.27,50.0,B1000,3.498,4.27,83.2,5.78,Medium,0.3243,PASS,7.064,5.46,13.57,0.0194,OK,pct_change_24_0=0.221 is +0.8 SD from normal-pass average | stress_weighted_rate=0.186 is +0.7 SD from normal-pass average | rate_0_24=0.032 is +0.6 SD from normal-pass average,False,None,Normal,7.064,5.667,0.7719999999999994,1.3970000000000002,-0.48
CMP02259,B1011,IC_Digital,2026-03-05,2026-03-14,88.7,5.67,5.364,6.269,50.0,B1011,5.364,6.269,88.7,5.67,Medium,0.4457,REJECT,11.823,7.48,21.21,0.03857,OK,stress_weighted_rate=0.214 is +1.1 SD from normal-pass average | rate_0_24=0.038 is +1.0 SD from normal-pass average | temp_deviation_from_85=3.700 is +0.6 SD from normal-pass average,True,Medium,Lot-Relative Drift,11.823,9.046,0.9050000000000002,2.777000000000001,0.33
CMP04512,B1000,MOSFET,2026-05-11,2026-05-18,89.5,5.27,6.428,7.604,50.0,B1000,6.428,7.604,89.5,5.27,Medium,0.5756,REJECT,14.717,8.76,25.25,0.0494,OK,rate_0_24=0.049 is +1.9 SD from normal-pass average | stress_weighted_rate=0.258 is +1.7 SD from normal-pass average | temp_deviation_from_85=4.500 is +0.8 SD from normal-pass average,True,High,Lot-Relative Drift,14.717,11.16,1.1760000000000002,3.5570000000000004,1.2
CMP00364,B1018,MOSFET,2026-03-08,2026-03-17,85.6,5.06,7.661,8.745,50.0,B1018,7.661,8.745,85.6,5.06,Medium,0.5956,REJECT,17.487,9.69,36.11,0.06071,EARLY_REJECT,rate_0_24=0.045 is +1.6 SD from normal-pass average | stress_weighted_rate=0.229 is +1.3 SD from normal-pass average | pct_change_24_0=0.141 is +0.3 SD from normal-pass average,True,Critical,Accelerating Drift,17.487,13.116,1.0839999999999996,4.370999999999999,1.33
CMP03631,B1030,Resistor_Precision,2026-05-29,2026-06-07,81.6,5.32,4.466,4.983,50.0,B1030,4.466,4.983,81.6,5.32,Medium,0.3375,PASS,8.61,6.27,13.33,0.02519,OK,temp_deviation_from_85=-3.400 is -0.6 SD from normal-pass average | stress_weighted_rate=0.115 is -0.3 SD from normal-pass average | rate_0_24=0.022 is -0.3 SD from normal-pass average,False,None,Normal,8.61,6.796,0.5169999999999995,1.8139999999999992,-0.39
CMP02077,B1026,Tantalum_Capacitor,2026-01-19,2026-01-25,91.9,5.25,6.533,7.361,50.0,B1026,6.533,7.361,91.9,5.25,High,0.3663,PASS,10.577,8.57,10.98,0.02233,OK,temp_deviation_from_85=6.900 is +1.2 SD from normal-pass average | rate_0_24=0.034 is +0.8 SD from normal-pass average | stress_weighted_rate=0.181 is +0.6 SD from normal-pass average,False,None,Normal,10.577,8.969,0.8279999999999994,1.6080000000000005,-0.2
CMP03293,B1039,IC_Digital,2026-01-21,2026-01-26,87.8,5.67,5.339,5.906,50.0,B1039,5.339,5.906,87.8,5.67,Medium,0.3707,PASS,9.191,7.09,10.45,0.02281,OK,temp_deviation_from_85=2.800 is +0.5 SD from normal-pass average | Chamber_Temperature_C_was_missing=0.000 is -0.1 SD from normal-pass average | Value_0h_was_missing=0.000 is -0.1 SD from normal-pass average,False,None,Normal,9.191,7.549,0.5669999999999993,1.6420000000000003,-0.17
CMP05645,B1048,MOSFET,2026-06-09,2026-06-21,77.7,6.13,7.586,7.98,50.0,B1048,7.586,7.98,77.7,6.13,Low,0.3042,PASS,12.285,8.81,13.87,0.0299,OK,temp_deviation_from_85=-7.300 is -1.2 SD from normal-pass average | rate_0_24=0.016 is -0.7 SD from normal-pass average | stress_weighted_rate=0.101 is -0.5 SD from normal-pass average,False,None,Normal,12.285,10.132,0.39400000000000013,2.1530000000000005,-0.61
CMP02118,B1019,Diode_Zener,2026-02-20,2026-02-27,82.4,5.83,5.479,6.378,50.0,B1019,5.479,6.378,82.4,5.83,Medium,0.5068,REJECT,10.685,7.55,17.57,0.02991,OK,stress_weighted_rate=0.218 is +1.2 SD from normal-pass average | rate_0_24=0.037 is +1.0 SD from normal-pass average | pct_change_24_0=0.164 is +0.4 SD from normal-pass average,True,High,Lot-Relative Drift,10.685,8.532,0.899,2.1530000000000005,0.74
CMP03752,B1028,IC_Analog,2026-05-11,2026-05-25,74.2,5.29,13.062,14.154,50.0,B1028,13.062,14.154,74.2,5.29,Low,0.7007,REJECT,21.41,14.03,32.07,0.05039,OK,temp_deviation_from_85=-10.800 is -1.8 SD from normal-pass average | rate_0_24=0.046 is +1.6 SD from normal-pass average | stress_weighted_rate=0.241 is +1.5 SD from normal-pass average,True,Critical,Severe Latent Degradation,21.41,17.782,1.0920000000000005,3.628,2.03
CMP01183,B1012,IC_Analog,2026-01-03,2026-01-08,88.5,5.23,7.617,8.307,50.0,B1012,7.617,8.307,88.5,5.23,Medium,0.337,PASS,12.808,9.48,17.18,0.03126,OK,temp_deviation_from_85=3.500 is +0.6 SD from normal-pass average | rate_0_24=0.029 is +0.3 SD from normal-pass average | stress_weighted_rate=0.150 is +0.2 SD from normal-pass average,False,None,Normal,12.808,10.558,0.6900000000000004,2.25,-0.39
CMP01515,B1037,Transistor_BJT,2026-04-04,2026-04-11,86.0,5.29,3.137,3.306,50.0,B1037,3.137,3.306,86.0,5.29,Medium,0.2971,PASS,6.645,4.55,9.64,0.02319,OK,stress_weighted_rate=0.037 is -1.4 SD from normal-pass average | rate_0_24=0.007 is -1.4 SD from normal-pass average | pct_change_24_0=0.054 is -0.3 SD from normal-pass average,False,None,Normal,6.645,4.976,0.16900000000000004,1.6689999999999996,-0.66
CMP03637,B1035,Diode_Zener,2026-01-21,2026-01-26,93.2,5.58,6.295,7.161,50.0,B1035,6.295,7.161,93.2,5.58,High,0.4439,REJECT,11.438,8.47,20.67,0.0297,OK,temp_deviation_from_85=8.200 is +1.4 SD from normal-pass average | stress_weighted_rate=0.201 is +0.9 SD from normal-pass average | rate_0_24=0.036 is +0.9 SD from normal-pass average,True,Medium,Lot-Relative Drift,11.438,9.3,0.8659999999999997,2.138,0.32
CMP01232,B1041,Transistor_BJT,2026-06-20,2026-06-24,89.7,6.55,4.887,5.916,50.0,B1041,4.887,5.916,89.7,6.55,Medium,0.5805,REJECT,12.153,7.76,17.7,0.04332,OK,stress_weighted_rate=0.281 is +2.0 SD from normal-pass average | rate_0_24=0.043 is +1.4 SD from normal-pass average | temp_deviation_from_85=4.700 is +0.8 SD from normal-pass average,True,High,Lot-Relative Drift,12.153,9.035,1.0290000000000008,3.1180000000000003,1.23
CMP05036,B1017,Transistor_BJT,2026-04-12,2026-04-21,78.8,4.83,4.238,4.295,50.0,B1017,4.238,4.295,78.8,4.83,Low,0.3177,PASS,11.169,5.53,8.69,0.04773,OK,rate_0_24=0.002 is -1.8 SD from normal-pass average | stress_weighted_rate=0.011 is -1.8 SD from normal-pass average | temp_deviation_from_85=-6.200 is -1.0 SD from normal-pass average,False,None,Normal,11.169,7.732,0.056999999999999496,3.4370000000000003,-0.52
CMP03791,B1022,Diode_Zener,2026-04-09,2026-04-21,92.2,5.62,8.51,9.053,50.0,B1022,8.51,9.053,92.2,5.62,High,0.2625,PASS,15.376,10.17,17.53,0.04391,OK,temp_deviation_from_85=7.200 is +1.2 SD from normal-pass average | pct_change_24_0=0.064 is -0.2 SD from normal-pass average | rate_0_24=0.023 is -0.2 SD from normal-pass average,False,None,Normal,15.376,12.215,0.543000000000001,3.1609999999999996,-0.89
CMP02576,B1016,Tantalum_Capacitor,2026-02-02,2026-02-09,78.4,6.13,10.239,10.88,50.0,B1016,10.239,10.88,78.4,6.13,Low,0.462,REJECT,16.31,12.15,19.49,0.03771,OK,temp_deviation_from_85=-6.600 is -1.1 SD from normal-pass average | stress_weighted_rate=0.164 is +0.4 SD from normal-pass average | pct_change_24_0=0.063 is -0.2 SD from normal-pass average,True,Medium,Lot-Relative Drift,16.31,13.595,0.641,2.714999999999998,0.44
CMP03558,B1009,IC_Analog,2026-04-05,2026-04-10,73.9,6.24,15.304,18.061,50.0,B1009,15.304,18.061,73.9,6.24,Low,0.9182,REJECT,28.033,20.84,26.92,0.06925,EARLY_REJECT,stress_weighted_rate=0.717 is +8.2 SD from normal-pass average | rate_0_24=0.115 is +7.1 SD from normal-pass average | temp_deviation_from_85=-11.100 is -1.9 SD from normal-pass average,True,Critical,Accelerating Drift,28.033,23.047,2.7569999999999997,4.986000000000001,3.48
CMP02180,B1040,MOSFET,2026-06-15,2026-06-28,83.3,5.59,3.348,3.83,50.0,B1040,3.348,3.83,83.3,5.59,Medium,0.3213,PASS,6.382,4.94,7.37,0.01772,OK,rate_0_24=0.020 is -0.4 SD from normal-pass average | stress_weighted_rate=0.112 is -0.3 SD from normal-pass average | pct_change_24_0=0.144 is +0.3 SD from normal-pass average,False,None,Normal,6.382,5.106,0.4820000000000002,1.2759999999999998,-0.5
CMP05821,B1037,IC_Digital,2026-04-12,2026-04-23,74.3,5.42,9.628,10.443,50.0,B1037,9.628,10.443,74.3,5.42,Low,0.3813,PASS,14.641,11.67,14.79,0.02915,OK,temp_deviation_from_85=-10.700 is -1.8 SD from normal-pass average | rate_0_24=0.034 is +0.7 SD from normal-pass average | stress_weighted_rate=0.184 is +0.7 SD from normal-pass average,False,None,Normal,14.641,12.542,0.8149999999999995,2.099,-0.1
CMP03432,B1047,IC_Analog,2026-07-09,2026-07-22,87.3,5.63,12.739,13.87,50.0,B1047,12.739,13.87,87.3,5.63,Medium,0.6674,REJECT,21.484,14.82,30.96,0.05288,OK,stress_weighted_rate=0.265 is +1.8 SD from normal-pass average | rate_0_24=0.047 is +1.8 SD from normal-pass average | temp_deviation_from_85=2.300 is +0.4 SD from normal-pass average,True,High,Lot-Relative Drift,21.484,17.677,1.1309999999999985,3.807000000000002,1.81
CMP01364,B1044,MOSFET,2026-03-11,2026-03-14,82.3,5.48,5.943,6.224,50.0,B1044,5.943,6.224,82.3,5.48,Medium,0.273,PASS,9.695,7.63,10.36,0.0241,OK,rate_0_24=0.012 is -1.0 SD from normal-pass average | stress_weighted_rate=0.064 is -1.0 SD from normal-pass average | temp_deviation_from_85=-2.700 is -0.4 SD from normal-pass average,False,None,Normal,9.695,7.96,0.2810000000000006,1.7350000000000003,-0.82
CMP00184,B1037,IC_Analog,2026-03-26,2026-03-30,76.0,5.52,9.642,10.593,50.0,B1037,9.642,10.593,76.0,5.52,Low,0.4691,REJECT,14.704,11.73,18.58,0.02855,OK,temp_deviation_from_85=-9.000 is -1.5 SD from normal-pass average | rate_0_24=0.040 is +1.2 SD from normal-pass average | stress_weighted_rate=0.219 is +1.2 SD from normal-pass average,True,Medium,Lot-Relative Drift,14.704,12.648,0.9510000000000005,2.056000000000001,0.49
CMP00648,B1012,Relay_Electromech,2026-04-30,2026-05-05,83.5,5.58,9.673,10.396,50.0,B1012,9.673,10.396,83.5,5.58,Medium,0.4154,REJECT,14.552,11.7,15.78,0.02886,OK,stress_weighted_rate=0.168 is +0.5 SD from normal-pass average | rate_0_24=0.030 is +0.4 SD from normal-pass average | temp_deviation_from_85=-1.500 is -0.2 SD from normal-pass average,True,Medium,Lot-Relative Drift,14.552,12.474,0.7230000000000008,2.0779999999999994,0.13
CMP04766,B1024,MOSFET,2026-04-01,2026-04-08,77.1,6.04,9.119,9.593,50.0,B1024,9.119,9.593,77.1,6.04,Low,0.3194,PASS,13.605,10.76,15.4,0.02786,OK,temp_deviation_from_85=-7.900 is -1.3 SD from normal-pass average | rate_0_24=0.020 is -0.4 SD from normal-pass average | pct_change_24_0=0.052 is -0.3 SD from normal-pass average,False,None,Normal,13.605,11.599,0.4740000000000002,2.0060000000000002,-0.51
CMP02963,B1018,MOSFET,2026-01-16,2026-01-26,75.2,6.0,4.408,5.34,50.0,B1018,4.408,5.34,75.2,6.0,Low,0.5219,REJECT,11.185,6.78,19.91,0.04059,OK,temp_deviation_from_85=-9.800 is -1.6 SD from normal-pass average | stress_weighted_rate=0.233 is +1.4 SD from normal-pass average | rate_0_24=0.039 is +1.1 SD from normal-pass average,True,High,Lot-Relative Drift,11.185,8.262,0.9319999999999995,2.923,0.84
CMP01568,B1035,Tantalum_Capacitor,2026-07-14,2026-07-17,83.7,5.22,7.763,7.922,50.0,B1035,7.763,7.922,83.7,5.22,Medium,0.2835,PASS,12.797,9.09,15.46,0.03385,OK,stress_weighted_rate=0.035 is -1.4 SD from normal-pass average | rate_0_24=0.007 is -1.4 SD from normal-pass average | pct_change_24_0=0.020 is -0.5 SD from normal-pass average,False,None,Normal,12.797,10.36,0.1589999999999998,2.437000000000001,-0.75
CMP04016,B1006,MOSFET,2026-04-01,2026-04-10,83.3,6.12,7.54,7.995,50.0,B1006,7.54,7.995,83.3,6.12,Medium,0.3138,PASS,12.221,8.79,14.3,0.02935,OK,rate_0_24=0.019 is -0.5 SD from normal-pass average | stress_weighted_rate=0.116 is -0.3 SD from normal-pass average | temp_deviation_from_85=-1.700 is -0.3 SD from normal-pass average,False,None,Normal,12.221,10.108,0.45500000000000007,2.1129999999999995,-0.55
CMP00846,B1045,IC_Analog,2026-07-04,2026-07-12,86.6,6.01,11.663,11.483,50.0,B1045,11.663,11.483,86.6,6.01,Medium,0.4804,REJECT,20.062,12.83,25.5,0.05958,OK,stress_weighted_rate=-0.045 is -2.6 SD from normal-pass average | rate_0_24=-0.007 is -2.6 SD from normal-pass average | pct_change_24_0=-0.015 is -0.8 SD from normal-pass average,True,Medium,Lot-Relative Drift,20.062,15.772,-0.17999999999999972,4.290000000000001,0.56
CMP01016,B1017,Diode_Zener,2026-06-02,2026-06-07,82.3,5.48,7.183,7.92,50.0,B1017,7.183,7.92,82.3,5.48,Medium,0.3513,PASS,12.593,9.18,20.24,0.03245,OK,rate_0_24=0.031 is +0.5 SD from normal-pass average | stress_weighted_rate=0.168 is +0.5 SD from normal-pass average | temp_deviation_from_85=-2.700 is -0.4 SD from normal-pass average,False,None,Normal,12.593,10.256,0.7370000000000001,2.3369999999999997,-0.3
CMP00392,B1038,Relay_Electromech,2026-03-31,2026-04-12,78.8,5.7,7.818,8.231,50.0,B1038,7.818,8.231,78.8,5.7,Low,0.3458,PASS,12.738,9.56,12.33,0.0313,OK,temp_deviation_from_85=-6.200 is -1.0 SD from normal-pass average | rate_0_24=0.017 is -0.6 SD from normal-pass average | stress_weighted_rate=0.098 is -0.5 SD from normal-pass average,False,None,Normal,12.738,10.484,0.41300000000000026,2.2539999999999996,-0.33
CMP04726,B1008,MOSFET,2026-04-04,2026-04-09,88.5,5.62,7.868,8.209,50.0,B1008,7.868,8.209,88.5,5.62,Medium,0.2626,PASS,12.37,9.31,13.68,0.0289,OK,rate_0_24=0.014 is -0.8 SD from normal-pass average | stress_weighted_rate=0.080 is -0.8 SD from normal-pass average | temp_deviation_from_85=3.500 is +0.6 SD from normal-pass average,False,None,Normal,12.37,10.29,0.3409999999999993,2.08,-0.89
CMP05743,B1036,Relay_Electromech,2026-06-24,2026-07-02,86.0,5.37,12.845,13.395,50.0,B1036,12.845,13.395,86.0,5.37,Medium,0.3076,PASS,16.558,14.32,17.45,0.02197,OK,pct_change_24_0=0.043 is -0.4 SD from normal-pass average | stress_weighted_rate=0.123 is -0.2 SD from normal-pass average | temp_deviation_from_85=1.000 is +0.2 SD from normal-pass average,False,None,Normal,16.558,14.976,0.5499999999999989,1.581999999999999,-0.59
CMP03129,B1003,IC_Analog,2026-04-22,2026-05-03,78.5,5.51,9.02,9.861,50.0,B1003,9.02,9.861,78.5,5.51,Low,0.5015,REJECT,14.919,11.16,21.63,0.03513,OK,temp_deviation_from_85=-6.500 is -1.1 SD from normal-pass average | rate_0_24=0.035 is +0.8 SD from normal-pass average | stress_weighted_rate=0.193 is +0.8 SD from normal-pass average,True,High,Lot-Relative Drift,14.919,12.39,0.8410000000000011,2.529,0.71
CMP04279,B1022,MOSFET,2026-04-28,2026-05-04,87.4,6.07,10.222,10.568,50.0,B1022,10.222,10.568,87.4,6.07,Medium,0.2824,PASS,14.828,11.85,16.44,0.02958,OK,rate_0_24=0.014 is -0.8 SD from normal-pass average | stress_weighted_rate=0.088 is -0.7 SD from normal-pass average | pct_change_24_0=0.034 is -0.4 SD from normal-pass average,False,None,Normal,14.828,12.698,0.3460000000000001,2.129999999999999,-0.76
CMP00638,B1016,Resistor_Precision,2026-05-09,2026-05-18,87.6,5.57,3.203,4.063,50.0,B1016,3.203,4.063,87.6,5.57,Medium,0.3339,PASS,6.939,5.25,10.46,0.01997,OK,pct_change_24_0=0.268 is +1.1 SD from normal-pass average | stress_weighted_rate=0.200 is +0.9 SD from normal-pass average | rate_0_24=0.036 is +0.9 SD from normal-pass average,False,None,Normal,6.939,5.501,0.8599999999999999,1.4379999999999997,-0.41
CMP00077,B1021,Relay_Electromech,2026-07-09,2026-07-23,81.9,5.33,10.563,11.4,50.0,B1021,10.563,11.4,81.9,5.33,Medium,0.5058,REJECT,15.433,13.0,22.11,0.02801,OK,rate_0_24=0.035 is +0.8 SD from normal-pass average | stress_weighted_rate=0.186 is +0.7 SD from normal-pass average | temp_deviation_from_85=-3.100 is -0.5 SD from normal-pass average,True,High,Lot-Relative Drift,15.433,13.416,0.8369999999999997,2.0169999999999995,0.73
CMP01577,B1012,MOSFET,2026-07-06,2026-07-16,84.4,5.27,7.798,8.002,50.0,B1012,7.798,8.002,84.4,5.27,Medium,0.3025,PASS,14.169,9.31,16.04,0.04283,OK,stress_weighted_rate=0.045 is -1.3 SD from normal-pass average | rate_0_24=0.009 is -1.3 SD from normal-pass average | pct_change_24_0=0.026 is -0.5 SD from normal-pass average,False,None,Normal,14.169,11.086,0.20400000000000063,3.083,-0.62
CMP00496,B1001,IC_Analog,2026-05-17,2026-05-25,79.2,5.63,3.525,4.314,50.0,B1001,3.525,4.314,79.2,5.63,Low,0.4267,REJECT,8.417,5.67,16.69,0.02849,OK,temp_deviation_from_85=-5.800 is -1.0 SD from normal-pass average | pct_change_24_0=0.224 is +0.8 SD from normal-pass average | stress_weighted_rate=0.185 is +0.7 SD from normal-pass average,True,Medium,Lot-Relative Drift,8.417,6.366,0.7890000000000001,2.051,0.21
CMP02507,B1000,Relay_Electromech,2026-04-16,2026-04-24,97.2,5.49,13.741,14.379,50.0,B1000,13.741,14.379,97.2,5.49,High,0.3443,PASS,20.511,15.7,19.75,0.04258,OK,temp_deviation_from_85=12.200 is +2.0 SD from normal-pass average | pct_change_24_0=0.046 is -0.3 SD from normal-pass average | rate_0_24=0.027 is +0.1 SD from normal-pass average,False,None,Normal,20.511,17.445,0.6379999999999999,3.065999999999999,-0.34
CMP04669,B1017,Resistor_Precision,2026-02-21,2026-03-02,83.4,5.26,4.01,4.596,50.0,B1017,4.01,4.596,83.4,5.26,Medium,0.3062,PASS,8.731,5.69,8.7,0.02872,OK,pct_change_24_0=0.146 is +0.3 SD from normal-pass average | temp_deviation_from_85=-1.600 is -0.3 SD from normal-pass average | Chamber_Temperature_C_was_missing=0.000 is -0.1 SD from normal-pass average,False,None,Normal,8.731,6.664,0.5860000000000003,2.067,-0.6
CMP02425,B1030,IC_Analog,2026-05-15,2026-05-20,80.9,5.53,8.423,8.504,50.0,B1030,8.423,8.504,80.9,5.53,Medium,0.3068,PASS,12.792,10.03,14.23,0.02978,OK,rate_0_24=0.003 is -1.7 SD from normal-pass average | stress_weighted_rate=0.019 is -1.7 SD from normal-pass average | temp_deviation_from_85=-4.100 is -0.7 SD from normal-pass average,False,None,Normal,12.792,10.648,0.08099999999999952,2.144,-0.59
CMP02235,B1003,IC_Digital,2026-01-02,2026-01-16,84.3,6.57,8.919,9.742,50.0,B1003,8.919,9.742,84.3,6.57,Medium,0.4519,REJECT,14.915,10.99,19.19,0.03592,OK,stress_weighted_rate=0.225 is +1.3 SD from normal-pass average | rate_0_24=0.034 is +0.8 SD from normal-pass average | Chamber_Temperature_C_was_missing=0.000 is -0.1 SD from normal-pass average,True,Medium,Lot-Relative Drift,14.915,12.328,0.8230000000000004,2.5869999999999997,0.37
CMP02581,B1034,Relay_Electromech,2026-03-03,2026-03-08,92.7,5.8,12.08,,50.0,B1034,12.08,,92.7,5.8,High,0.4591,REJECT,19.084,9.76,29.48,,OK,Value_24h_was_missing=1.000 is +8.9 SD from normal-pass average | temp_deviation_from_85=7.700 is +1.3 SD from normal-pass average | Chamber_Temperature_C_was_missing=0.000 is -0.1 SD from normal-pass average,True,Medium,Lot-Relative Drift,19.084,,,,0.42
CMP01600,B1026,MOSFET,2026-04-29,2026-05-13,90.2,5.21,5.597,6.211,50.0,B1026,5.597,6.211,90.2,5.21,High,0.3228,PASS,9.608,7.35,10.94,0.02359,OK,temp_deviation_from_85=5.200 is +0.9 SD from normal-pass average | Chamber_Temperature_C_was_missing=0.000 is -0.1 SD from normal-pass average | Value_0h_was_missing=0.000 is -0.1 SD from normal-pass average,False,None,Normal,9.608,7.91,0.6139999999999999,1.6980000000000004,-0.49
CMP03360,B1047,Relay_Electromech,2026-01-07,2026-01-19,81.4,5.49,19.34,19.422,50.0,B1047,19.34,19.422,81.4,5.49,Medium,0.3042,PASS,23.529,20.9,24.48,0.02852,OK,rate_0_24=0.003 is -1.7 SD from normal-pass average | stress_weighted_rate=0.019 is -1.7 SD from normal-pass average | pct_change_24_0=0.004 is -0.6 SD from normal-pass average,False,None,Normal,23.529,21.476,0.08200000000000074,2.053000000000001,-0.61
CMP04965,B1047,MOSFET,2026-05-31,2026-06-06,88.1,5.21,4.92,5.328,50.0,B1047,4.92,5.328,88.1,5.21,Medium,0.3082,PASS,9.214,6.45,8.79,0.02699,OK,stress_weighted_rate=0.089 is -0.7 SD from normal-pass average | rate_0_24=0.017 is -0.6 SD from normal-pass average | temp_deviation_from_85=3.100 is +0.5 SD from normal-pass average,False,None,Normal,9.214,7.271,0.40800000000000036,1.9430000000000005,-0.58
CMP02916,B1013,IC_Digital,2026-07-18,2026-07-29,79.6,5.05,5.793,7.139,50.0,B1013,5.793,7.139,79.6,5.05,Low,0.5637,REJECT,12.171,8.78,29.56,0.03494,OK,rate_0_24=0.056 is +2.5 SD from normal-pass average | stress_weighted_rate=0.283 is +2.1 SD from normal-pass average | temp_deviation_from_85=-5.400 is -0.9 SD from normal-pass average,True,High,Lot-Relative Drift,12.171,9.655,1.346,2.516,1.12
CMP02819,B1005,IC_Digital,2026-07-03,2026-07-15,79.5,5.51,8.539,9.147,50.0,B1005,8.539,9.147,79.5,5.51,Low,0.4467,REJECT,13.646,10.3,20.24,0.03124,OK,temp_deviation_from_85=-5.500 is -0.9 SD from normal-pass average | pct_change_24_0=0.071 is -0.2 SD from normal-pass average | Chamber_Temperature_C_was_missing=0.000 is -0.1 SD from normal-pass average,True,Medium,Lot-Relative Drift,13.646,11.396,0.6080000000000005,2.25,0.34
CMP00741,B1022,IC_Digital,2026-05-23,2026-06-04,78.5,6.07,8.785,9.173,50.0,B1022,8.785,9.173,78.5,6.07,Low,0.3096,PASS,13.055,10.43,14.16,0.02696,OK,temp_deviation_from_85=-6.500 is -1.1 SD from normal-pass average | rate_0_24=0.016 is -0.7 SD from normal-pass average | stress_weighted_rate=0.098 is -0.5 SD from normal-pass average,False,None,Normal,13.055,11.114,0.3879999999999999,1.940999999999999,-0.57
CMP05561,B1008,Tantalum_Capacitor,2026-06-19,2026-07-03,83.0,5.18,9.987,10.604,50.0,B1008,9.987,10.604,83.0,5.18,Medium,0.4073,REJECT,14.882,11.71,17.92,0.02971,OK,temp_deviation_from_85=-2.000 is -0.3 SD from normal-pass average | pct_change_24_0=0.062 is -0.2 SD from normal-pass average | Chamber_Temperature_C_was_missing=0.000 is -0.1 SD from normal-pass average,True,Medium,Lot-Relative Drift,14.882,12.743,0.6169999999999991,2.1389999999999993,0.08
CMP04982,B1041,Transistor_BJT,2026-03-09,2026-03-16,87.8,5.87,6.16,6.49,50.0,B1041,6.16,6.49,87.8,5.87,Medium,0.2808,PASS,9.844,7.17,8.79,0.02329,OK,rate_0_24=0.014 is -0.9 SD from normal-pass average | stress_weighted_rate=0.081 is -0.8 SD from normal-pass average | temp_deviation_from_85=2.800 is +0.5 SD from normal-pass average,False,None,Normal,9.844,8.167,0.33000000000000007,1.6769999999999996,-0.77
CMP04304,B1045,Transistor_BJT,2026-03-23,2026-04-05,88.4,5.75,6.103,6.968,50.0,B1045,6.103,6.968,88.4,5.75,Medium,0.4573,REJECT,11.265,8.37,23.66,0.02984,OK,stress_weighted_rate=0.207 is +1.0 SD from normal-pass average | rate_0_24=0.036 is +0.9 SD from normal-pass average | temp_deviation_from_85=3.400 is +0.6 SD from normal-pass average,True,Medium,Lot-Relative Drift,11.265,9.116,0.8650000000000002,2.149000000000001,0.41
CMP00390,B1038,IC_Analog,2026-02-16,2026-02-22,79.3,5.39,10.724,11.757,50.0,B1038,10.724,11.757,79.3,5.39,Low,0.565,REJECT,15.633,12.89,28.53,0.02692,OK,rate_0_24=0.043 is +1.4 SD from normal-pass average | stress_weighted_rate=0.232 is +1.4 SD from normal-pass average | temp_deviation_from_85=-5.700 is -1.0 SD from normal-pass average,True,High,Lot-Relative Drift,15.633,13.695,1.0329999999999995,1.9379999999999988,1.13
CMP02994,B1011,Tantalum_Capacitor,2026-04-19,2026-04-30,85.2,5.18,10.087,10.566,50.0,B1011,10.087,10.566,85.2,5.18,Medium,0.3319,PASS,14.74,11.66,17.76,0.02899,OK,stress_weighted_rate=0.103 is -0.5 SD from normal-pass average | rate_0_24=0.020 is -0.4 SD from normal-pass average | pct_change_24_0=0.047 is -0.3 SD from normal-pass average,False,None,Normal,14.74,12.653,0.479000000000001,2.0869999999999997,-0.43
CMP04602,B1020,Relay_Electromech,2026-01-17,2026-01-29,85.9,5.68,14.427,15.176,50.0,B1020,14.427,15.176,85.9,5.68,Medium,0.3925,PASS,18.787,16.18,24.18,0.02507,OK,stress_weighted_rate=0.177 is +0.6 SD from normal-pass average | rate_0_24=0.031 is +0.5 SD from normal-pass average | pct_change_24_0=0.052 is -0.3 SD from normal-pass average,False,None,Normal,18.787,16.982,0.7490000000000006,1.8049999999999997,-0.02
CMP05701,B1044,Diode_Zener,2026-04-06,2026-04-16,80.3,6.05,5.448,6.085,50.0,B1044,5.448,6.085,80.3,6.05,Medium,0.351,PASS,10.277,7.24,12.56,0.02911,OK,temp_deviation_from_85=-4.700 is -0.8 SD from normal-pass average | stress_weighted_rate=0.161 is +0.3 SD from normal-pass average | rate_0_24=0.027 is +0.1 SD from normal-pass average,False,None,Normal,10.277,8.181,0.6369999999999996,2.096,-0.3
CMP05200,B1004,IC_Digital,2026-05-11,2026-05-20,86.7,6.3,6.798,7.361,50.0,B1004,6.798,7.361,86.7,6.3,Medium,0.4269,REJECT,10.705,8.34,10.26,0.02322,OK,temp_deviation_from_85=1.700 is +0.3 SD from normal-pass average | stress_weighted_rate=0.148 is +0.2 SD from normal-pass average | Chamber_Temperature_C_was_missing=0.000 is -0.1 SD from normal-pass average,True,Medium,Lot-Relative Drift,10.705,9.033,0.5629999999999997,1.6720000000000006,0.21
CMP00983,B1034,Tantalum_Capacitor,2026-05-19,2026-05-27,89.9,5.42,8.122,9.062,50.0,B1034,8.122,9.062,89.9,5.42,Medium,0.398,REJECT,14.919,10.34,19.21,0.04068,OK,rate_0_24=0.039 is +1.1 SD from normal-pass average | stress_weighted_rate=0.212 is +1.1 SD from normal-pass average | temp_deviation_from_85=4.900 is +0.8 SD from normal-pass average,True,Medium,Lot-Relative Drift,14.919,11.99,0.9399999999999995,2.9290000000000003,0.02
CMP00262,B1037,Transistor_BJT,2026-04-23,2026-04-26,89.9,5.11,5.735,6.128,50.0,B1037,5.735,6.128,89.9,5.11,Medium,0.292,PASS,9.872,7.27,9.63,0.026,OK,temp_deviation_from_85=4.900 is +0.8 SD from normal-pass average | stress_weighted_rate=0.084 is -0.7 SD from normal-pass average | rate_0_24=0.016 is -0.7 SD from normal-pass average,False,None,Normal,9.872,8.0,0.3929999999999998,1.8719999999999999,-0.69
CMP04588,B1024,Resistor_Precision,2026-03-25,2026-04-06,77.7,5.76,2.248,2.082,50.0,B1024,2.248,2.082,77.7,5.76,Low,0.376,PASS,7.918,3.82,11.74,0.04053,OK,rate_0_24=-0.007 is -2.5 SD from normal-pass average | stress_weighted_rate=-0.040 is -2.5 SD from normal-pass average | temp_deviation_from_85=-7.300 is -1.2 SD from normal-pass average,False,None,Normal,7.918,5.0,-0.16600000000000037,2.918,-0.13
CMP04719,B1010,Resistor_Precision,2026-01-27,2026-01-31,96.9,5.49,3.79,3.641,50.0,B1010,3.79,3.641,96.9,5.49,High,0.4609,REJECT,6.423,4.63,17.17,0.01932,OK,rate_0_24=-0.006 is -2.5 SD from normal-pass average | stress_weighted_rate=-0.034 is -2.4 SD from normal-pass average | temp_deviation_from_85=11.900 is +2.0 SD from normal-pass average,True,Medium,Lot-Relative Drift,6.423,5.032,-0.14900000000000002,1.391,0.43
CMP02060,B1035,Transistor_BJT,2026-06-21,2026-06-27,93.0,5.44,4.163,4.514,50.0,B1035,4.163,4.514,93.0,5.44,High,0.285,PASS,7.728,6.03,12.47,0.02232,OK,temp_deviation_from_85=8.000 is +1.3 SD from normal-pass average | stress_weighted_rate=0.080 is -0.8 SD from normal-pass average | rate_0_24=0.015 is -0.8 SD from normal-pass average,False,None,Normal,7.728,6.121,0.351,1.6069999999999993,-0.74
CMP05424,B1005,IC_Analog,2026-06-13,2026-06-24,78.8,5.33,13.184,13.802,50.0,B1005,13.184,13.802,78.8,5.33,Low,0.3485,PASS,17.381,14.55,21.6,0.02486,OK,temp_deviation_from_85=-6.200 is -1.0 SD from normal-pass average | pct_change_24_0=0.047 is -0.3 SD from normal-pass average | Chamber_Temperature_C_was_missing=0.000 is -0.1 SD from normal-pass average,False,None,Normal,17.381,15.592,0.6180000000000003,1.7889999999999997,-0.31
CMP01147,B1008,IC_Analog,2026-04-08,2026-04-22,81.8,5.95,9.158,10.17,50.0,B1008,9.158,10.17,81.8,5.95,Medium,0.5305,REJECT,14.558,11.6,24.56,0.03047,OK,stress_weighted_rate=0.251 is +1.6 SD from normal-pass average | rate_0_24=0.042 is +1.4 SD from normal-pass average | temp_deviation_from_85=-3.200 is -0.5 SD from normal-pass average,True,High,Lot-Relative Drift,14.558,12.364,1.0120000000000005,2.193999999999999,0.9
CMP00687,B1045,Tantalum_Capacitor,2026-05-09,2026-05-13,90.7,5.32,7.714,9.981,50.0,B1045,7.714,9.981,90.7,5.32,High,0.9813,REJECT,24.911,15.0,34.01,0.10368,EARLY_REJECT,rate_0_24=0.094 is +5.5 SD from normal-pass average | stress_weighted_rate=0.503 is +5.2 SD from normal-pass average | pct_change_24_0=0.294 is +1.3 SD from normal-pass average,True,Critical,Accelerating Drift,24.911,17.446,2.2669999999999995,7.465,3.9
CMP00327,B1015,IC_Analog,2026-06-23,2026-07-02,76.9,5.38,7.762,8.623,50.0,B1015,7.762,8.623,76.9,5.38,Low,0.4738,REJECT,12.821,10.06,21.96,0.02915,OK,temp_deviation_from_85=-8.100 is -1.4 SD from normal-pass average | rate_0_24=0.036 is +0.9 SD from normal-pass average | stress_weighted_rate=0.193 is +0.8 SD from normal-pass average,True,Medium,Lot-Relative Drift,12.821,10.722,0.8609999999999998,2.099,0.52
CMP01460,B1024,Resistor_Precision,2026-05-26,2026-06-07,93.4,5.57,6.271,8.488,50.0,B1024,6.271,8.488,93.4,5.57,High,0.9718,REJECT,26.273,12.92,32.71,0.12351,EARLY_REJECT,stress_weighted_rate=0.515 is +5.4 SD from normal-pass average | rate_0_24=0.092 is +5.4 SD from normal-pass average | pct_change_24_0=0.354 is +1.7 SD from normal-pass average,True,Critical,Accelerating Drift,26.273,17.38,2.2169999999999996,8.893,3.84
CMP01466,B1047,IC_Digital,2026-02-09,2026-02-22,88.7,5.78,8.172,9.1,50.0,B1047,8.172,9.1,88.7,5.78,Medium,0.4485,REJECT,14.814,10.38,22.37,0.03968,OK,stress_weighted_rate=0.223 is +1.2 SD from normal-pass average | rate_0_24=0.039 is +1.1 SD from normal-pass average | temp_deviation_from_85=3.700 is +0.6 SD from normal-pass average,True,Medium,Lot-Relative Drift,14.814,11.957,0.927999999999999,2.8569999999999993,0.35
CMP04108,B1025,IC_Digital,2026-01-16,2026-01-24,89.2,4.75,6.775,7.265,50.0,B1025,6.775,7.265,89.2,4.75,Medium,0.371,PASS,10.635,8.52,11.08,0.0234,OK,temp_deviation_from_85=4.200 is +0.7 SD from normal-pass average | stress_weighted_rate=0.097 is -0.6 SD from normal-pass average | rate_0_24=0.020 is -0.3 SD from normal-pass average,False,None,Normal,10.635,8.95,0.4899999999999993,1.6850000000000005,-0.17
CMP05374,B1010,IC_Digital,2026-05-26,2026-06-01,75.4,5.3,6.392,6.641,50.0,B1010,6.392,6.641,75.4,5.3,Low,0.2952,PASS,10.469,7.71,10.19,0.02659,OK,temp_deviation_from_85=-9.600 is -1.6 SD from normal-pass average | stress_weighted_rate=0.055 is -1.2 SD from normal-pass average | rate_0_24=0.010 is -1.1 SD from normal-pass average,False,None,Normal,10.469,8.555,0.24899999999999967,1.9139999999999997,-0.67
CMP01337,B1035,Tantalum_Capacitor,2026-06-07,2026-06-13,84.1,5.8,4.534,4.599,50.0,B1035,4.534,4.599,84.1,5.8,Medium,0.334,PASS,8.927,5.84,12.79,0.03006,OK,rate_0_24=0.003 is -1.7 SD from normal-pass average | stress_weighted_rate=0.016 is -1.7 SD from normal-pass average | pct_change_24_0=0.014 is -0.6 SD from normal-pass average,False,None,Normal,8.927,6.763,0.06500000000000039,2.1639999999999997,-0.41
CMP04470,B1019,Resistor_Precision,2026-02-28,2026-03-14,97.2,4.76,4.99,5.279,50.0,B1019,4.99,5.279,97.2,4.76,High,0.2668,PASS,9.193,6.18,9.11,0.02718,OK,temp_deviation_from_85=12.200 is +2.0 SD from normal-pass average | stress_weighted_rate=0.057 is -1.1 SD from normal-pass average | rate_0_24=0.012 is -1.0 SD from normal-pass average,False,None,Normal,9.193,7.236,0.2889999999999997,1.9569999999999999,-0.86
CMP02220,B1016,Tantalum_Capacitor,2026-06-30,2026-07-05,88.2,4.94,6.903,7.274,50.0,B1016,6.903,7.274,88.2,4.94,Medium,0.2847,PASS,10.619,8.21,9.08,0.02323,OK,stress_weighted_rate=0.076 is -0.8 SD from normal-pass average | rate_0_24=0.015 is -0.7 SD from normal-pass average | temp_deviation_from_85=3.200 is +0.5 SD from normal-pass average,False,None,Normal,10.619,8.946,0.37100000000000044,1.673,-0.74
CMP02944,B1043,Transistor_BJT,2026-05-27,2026-06-03,79.1,5.39,9.237,9.567,50.0,B1043,9.237,9.567,79.1,5.39,Low,0.2915,PASS,14.765,10.74,18.9,0.0361,OK,temp_deviation_from_85=-5.900 is -1.0 SD from normal-pass average | stress_weighted_rate=0.074 is -0.9 SD from normal-pass average | rate_0_24=0.014 is -0.9 SD from normal-pass average,False,None,Normal,14.765,12.166,0.33000000000000007,2.599,-0.69
CMP05687,B1000,MOSFET,2026-07-03,2026-07-14,93.7,5.3,4.832,5.716,50.0,B1000,4.832,5.716,93.7,5.3,High,0.4442,REJECT,10.815,7.3,19.68,0.03541,OK,temp_deviation_from_85=8.700 is +1.5 SD from normal-pass average | rate_0_24=0.037 is +1.0 SD from normal-pass average | stress_weighted_rate=0.195 is +0.8 SD from normal-pass average,True,Medium,Lot-Relative Drift,10.815,8.266,0.8840000000000003,2.5489999999999995,0.32
CMP01711,B1048,IC_Analog,2026-06-27,2026-07-01,80.7,5.39,10.399,10.979,50.0,B1048,10.399,10.979,80.7,5.39,Medium,0.3206,PASS,15.146,12.16,15.76,0.02894,OK,temp_deviation_from_85=-4.300 is -0.7 SD from normal-pass average | pct_change_24_0=0.056 is -0.3 SD from normal-pass average | Chamber_Temperature_C_was_missing=0.000 is -0.1 SD from normal-pass average,False,None,Normal,15.146,13.062,0.5800000000000001,2.0840000000000014,-0.5
CMP04303,B1031,Tantalum_Capacitor,2026-02-03,2026-02-13,89.7,6.15,6.09,6.566,50.0,B1031,6.09,6.566,89.7,6.15,Medium,0.3493,PASS,10.058,7.34,10.61,0.02425,OK,temp_deviation_from_85=4.700 is +0.8 SD from normal-pass average | rate_0_24=0.020 is -0.4 SD from normal-pass average | stress_weighted_rate=0.122 is -0.2 SD from normal-pass average,False,None,Normal,10.058,8.312,0.476,1.7460000000000004,-0.31
CMP00831,B1040,Tantalum_Capacitor,2026-04-12,2026-04-23,93.7,5.8,6.548,6.493,50.0,B1040,6.548,6.493,93.7,5.8,High,0.5199,REJECT,12.018,7.56,39.07,0.03837,OK,rate_0_24=-0.002 is -2.1 SD from normal-pass average | stress_weighted_rate=-0.013 is -2.1 SD from normal-pass average | temp_deviation_from_85=8.700 is +1.5 SD from normal-pass average,True,High,Lot-Relative Drift,12.018,9.256,-0.054999999999999716,2.7620000000000005,0.83
CMP03151,B1033,MOSFET,2026-01-19,2026-01-23,84.9,5.56,6.95,7.646,50.0,B1033,6.95,7.646,84.9,5.56,Medium,0.3742,PASS,11.998,8.81,15.45,0.03022,OK,stress_weighted_rate=0.161 is +0.4 SD from normal-pass average | rate_0_24=0.029 is +0.3 SD from normal-pass average | Chamber_Temperature_C_was_missing=0.000 is -0.1 SD from normal-pass average,False,None,Normal,11.998,9.822,0.6959999999999997,2.176,-0.14
CMP05974,B1049,IC_Analog,2026-05-30,2026-06-03,79.3,4.99,9.702,10.511,50.0,B1049,9.702,10.511,79.3,4.99,Low,0.3887,PASS,15.012,11.67,21.71,0.03125,OK,temp_deviation_from_85=-5.700 is -1.0 SD from normal-pass average | rate_0_24=0.034 is +0.7 SD from normal-pass average | stress_weighted_rate=0.168 is +0.5 SD from normal-pass average,False,None,Normal,15.012,12.762,0.8089999999999993,2.25,-0.05
CMP05603,B1001,Relay_Electromech,2026-05-08,2026-05-15,82.3,6.01,6.979,7.657,50.0,B1001,6.979,7.657,82.3,6.01,Medium,0.3991,REJECT,12.665,9.01,14.84,0.03478,OK,stress_weighted_rate=0.170 is +0.5 SD from normal-pass average | temp_deviation_from_85=-2.700 is -0.4 SD from normal-pass average | rate_0_24=0.028 is +0.3 SD from normal-pass average,True,Medium,Lot-Relative Drift,12.665,10.161,0.6779999999999999,2.5039999999999996,0.02
CMP01363,B1032,Tantalum_Capacitor,2026-01-13,2026-01-21,84.0,5.17,6.668,6.621,50.0,B1032,6.668,6.621,84.0,5.17,Medium,0.4438,REJECT,12.938,7.62,39.8,0.04387,OK,rate_0_24=-0.002 is -2.1 SD from normal-pass average | stress_weighted_rate=-0.010 is -2.1 SD from normal-pass average | pct_change_24_0=-0.007 is -0.7 SD from normal-pass average,True,Medium,Lot-Relative Drift,12.938,9.78,-0.04699999999999971,3.1580000000000013,0.32
CMP01037,B1031,Diode_Zener,2026-07-06,2026-07-15,85.0,5.23,5.3,5.395,50.0,B1031,5.3,5.395,85.0,5.23,Medium,0.3093,PASS,9.725,6.65,13.63,0.03007,OK,rate_0_24=0.004 is -1.6 SD from normal-pass average | stress_weighted_rate=0.021 is -1.6 SD from normal-pass average | pct_change_24_0=0.018 is -0.5 SD from normal-pass average,False,None,Normal,9.725,7.56,0.09499999999999975,2.165,-0.58
CMP04688,B1030,Resistor_Precision,2026-01-05,2026-01-17,79.8,5.69,4.065,4.72,50.0,B1030,4.065,4.72,79.8,5.69,Low,0.3733,PASS,8.789,6.28,15.66,0.02826,OK,temp_deviation_from_85=-5.200 is -0.9 SD from normal-pass average | pct_change_24_0=0.161 is +0.4 SD from normal-pass average | stress_weighted_rate=0.155 is +0.3 SD from normal-pass average,False,None,Normal,8.789,6.754,0.6549999999999994,2.035,-0.15
CMP01989,B1043,Tantalum_Capacitor,2026-04-22,2026-04-30,81.7,5.94,11.002,11.76,50.0,B1043,11.002,11.76,81.7,5.94,Medium,0.5287,REJECT,15.541,12.85,31.94,0.02626,OK,stress_weighted_rate=0.188 is +0.7 SD from normal-pass average | temp_deviation_from_85=-3.300 is -0.5 SD from normal-pass average | rate_0_24=0.032 is +0.5 SD from normal-pass average,True,High,Lot-Relative Drift,15.541,13.651,0.7579999999999991,1.8900000000000006,0.89
CMP03166,B1021,Relay_Electromech,2026-01-15,2026-01-22,85.2,6.17,,21.195,50.0,B1021,,21.195,85.2,6.17,Medium,0.3536,PASS,21.075,18.37,22.58,-0.00083,OK,Value_0h_was_missing=1.000 is +7.9 SD from normal-pass average | Chamber_Temperature_C_was_missing=0.000 is -0.1 SD from normal-pass average | Value_24h_was_missing=0.000 is -0.1 SD from normal-pass average,False,None,Normal,21.075,21.135,,-0.060000000000002274,-0.28
CMP01013,B1049,IC_Analog,2026-01-11,2026-01-16,69.1,5.7,13.179,13.607,50.0,B1049,13.179,13.607,69.1,5.7,Low,0.3359,PASS,18.895,14.83,16.29,0.03672,OK,temp_deviation_from_85=-15.900 is -2.7 SD from normal-pass average | rate_0_24=0.018 is -0.5 SD from normal-pass average | stress_weighted_rate=0.102 is -0.5 SD from normal-pass average,False,None,Normal,18.895,16.251,0.42799999999999905,2.6439999999999984,-0.4
CMP03183,B1030,Relay_Electromech,2026-01-23,2026-01-28,81.5,5.58,10.803,11.05,50.0,B1030,10.803,11.05,81.5,5.58,Medium,0.2765,PASS,14.81,12.26,14.89,0.02611,OK,rate_0_24=0.010 is -1.1 SD from normal-pass average | stress_weighted_rate=0.057 is -1.1 SD from normal-pass average | temp_deviation_from_85=-3.500 is -0.6 SD from normal-pass average,False,None,Normal,14.81,12.93,0.2469999999999999,1.8800000000000008,-0.8
CMP02658,B1027,Resistor_Precision,2026-02-19,2026-03-02,94.0,5.06,4.179,4.645,50.0,B1027,4.179,4.645,94.0,5.06,High,0.2931,PASS,8.535,6.05,19.96,0.02701,OK,temp_deviation_from_85=9.000 is +1.5 SD from normal-pass average | stress_weighted_rate=0.098 is -0.5 SD from normal-pass average | rate_0_24=0.019 is -0.4 SD from normal-pass average,False,None,Normal,8.535,6.59,0.4659999999999993,1.9450000000000003,-0.68
CMP05918,B1017,Relay_Electromech,2026-05-09,2026-05-23,,5.43,7.996,8.491,50.0,B1017,7.996,8.491,,5.43,Low,0.3533,PASS,13.038,9.65,13.89,0.03158,OK,Chamber_Temperature_C_was_missing=1.000 is +7.7 SD from normal-pass average | stress_weighted_rate=0.112 is -0.3 SD from normal-pass average | rate_0_24=0.021 is -0.3 SD from normal-pass average,False,None,Normal,13.038,10.764,0.4949999999999992,2.274000000000001,-0.28
CMP03553,B1034,MOSFET,2026-07-18,2026-07-21,84.1,5.48,4.868,5.497,50.0,B1034,4.868,5.497,84.1,5.48,Medium,0.3721,PASS,9.278,6.65,10.81,0.02626,OK,pct_change_24_0=0.129 is +0.2 SD from normal-pass average | temp_deviation_from_85=-0.900 is -0.1 SD from normal-pass average | Chamber_Temperature_C_was_missing=0.000 is -0.1 SD from normal-pass average,False,None,Normal,9.278,7.388,0.6289999999999996,1.8900000000000006,-0.16
CMP01618,B1003,MOSFET,2026-06-25,2026-07-02,89.9,5.72,5.91,6.979,50.0,B1003,5.91,6.979,89.9,5.72,Medium,0.6296,REJECT,12.277,8.57,32.53,0.03679,OK,stress_weighted_rate=0.255 is +1.7 SD from normal-pass average | rate_0_24=0.045 is +1.6 SD from normal-pass average | temp_deviation_from_85=4.900 is +0.8 SD from normal-pass average,True,High,Lot-Relative Drift,12.277,9.628,1.069,2.648999999999999,1.56
CMP00932,B1017,Tantalum_Capacitor,2026-06-22,2026-07-03,81.5,4.77,11.363,,50.0,B1017,11.363,,81.5,4.77,Medium,0.5939,REJECT,18.517,9.55,22.6,,OK,Value_24h_was_missing=1.000 is +8.9 SD from normal-pass average | temp_deviation_from_85=-3.500 is -0.6 SD from normal-pass average | Chamber_Temperature_C_was_missing=0.000 is -0.1 SD from normal-pass average,True,High,Lot-Relative Drift,18.517,,,,1.32
CMP01907,B1013,MOSFET,2026-02-28,2026-03-12,96.2,5.94,9.041,9.305,50.0,B1013,9.041,9.305,96.2,5.94,High,0.2662,PASS,13.146,10.49,14.71,0.02667,OK,temp_deviation_from_85=11.200 is +1.9 SD from normal-pass average | rate_0_24=0.011 is -1.1 SD from normal-pass average | stress_weighted_rate=0.065 is -1.0 SD from normal-pass average,False,None,Normal,13.146,11.226,0.26399999999999935,1.92,-0.86
CMP03491,B1006,Diode_Zener,2026-06-09,2026-06-18,82.5,5.23,5.793,6.295,50.0,B1006,5.793,6.295,82.5,5.23,Medium,0.2996,PASS,9.625,7.48,9.51,0.02313,OK,temp_deviation_from_85=-2.500 is -0.4 SD from normal-pass average | stress_weighted_rate=0.109 is -0.4 SD from normal-pass average | rate_0_24=0.021 is -0.3 SD from normal-pass average,False,None,Normal,9.625,7.96,0.5019999999999998,1.665,-0.64
CMP00289,B1037,Tantalum_Capacitor,2026-02-27,2026-03-12,91.0,5.53,12.525,13.218,50.0,B1037,12.525,13.218,91.0,5.53,High,0.4186,REJECT,18.603,14.46,20.33,0.03739,OK,temp_deviation_from_85=6.000 is +1.0 SD from normal-pass average | stress_weighted_rate=0.160 is +0.3 SD from normal-pass average | rate_0_24=0.029 is +0.3 SD from normal-pass average,True,Medium,Lot-Relative Drift,18.603,15.91,0.6929999999999996,2.6930000000000014,0.15
CMP04884,B1013,Transistor_BJT,2026-04-07,2026-04-17,80.3,5.42,5.45,5.882,50.0,B1013,5.45,5.882,80.3,5.42,Medium,0.3536,PASS,9.186,6.92,9.37,0.02295,OK,temp_deviation_from_85=-4.700 is -0.8 SD from normal-pass average | stress_weighted_rate=0.098 is -0.5 SD from normal-pass average | rate_0_24=0.018 is -0.5 SD from normal-pass average,False,None,Normal,9.186,7.534,0.4319999999999995,1.6520000000000001,-0.28
CMP04468,B1048,Transistor_BJT,2026-03-11,2026-03-24,87.0,4.93,2.668,3.838,50.0,B1048,2.668,3.838,87.0,4.93,Medium,0.6581,REJECT,8.622,5.66,14.63,0.03322,OK,pct_change_24_0=0.439 is +2.2 SD from normal-pass average | rate_0_24=0.049 is +1.9 SD from normal-pass average | stress_weighted_rate=0.240 is +1.5 SD from normal-pass average,True,High,Lot-Relative Drift,8.622,6.23,1.17,2.3919999999999995,1.75
CMP01677,B1013,IC_Digital,2026-01-03,2026-01-15,76.6,5.18,5.942,7.285,50.0,B1013,5.942,7.285,76.6,5.18,Low,0.5571,REJECT,12.138,8.73,25.59,0.0337,OK,rate_0_24=0.056 is +2.5 SD from normal-pass average | stress_weighted_rate=0.290 is +2.2 SD from normal-pass average | temp_deviation_from_85=-8.400 is -1.4 SD from normal-pass average,True,High,Lot-Relative Drift,12.138,9.712,1.343,2.426,1.08
CMP03131,B1038,IC_Digital,2026-03-18,2026-03-28,81.6,5.3,4.236,4.821,50.0,B1038,4.236,4.821,81.6,5.3,Medium,0.4033,REJECT,8.376,6.24,10.62,0.02469,OK,temp_deviation_from_85=-3.400 is -0.6 SD from normal-pass average | pct_change_24_0=0.138 is +0.3 SD from normal-pass average | Chamber_Temperature_C_was_missing=0.000 is -0.1 SD from normal-pass average,True,Medium,Lot-Relative Drift,8.376,6.598,0.585,1.7779999999999996,0.05
CMP04408,B1025,Diode_Zener,2026-01-26,2026-02-06,85.3,6.15,4.544,5.356,50.0,B1025,4.544,5.356,85.3,6.15,Medium,0.3902,PASS,10.181,6.86,12.42,0.0335,OK,stress_weighted_rate=0.208 is +1.0 SD from normal-pass average | rate_0_24=0.034 is +0.7 SD from normal-pass average | pct_change_24_0=0.179 is +0.5 SD from normal-pass average,False,None,Normal,10.181,7.768,0.8120000000000003,2.4129999999999994,-0.04
CMP04888,B1039,IC_Digital,2026-03-30,2026-04-06,74.9,5.02,10.354,11.284,50.0,B1039,10.354,11.284,74.9,5.02,Low,0.4456,REJECT,17.123,12.67,19.34,0.04055,OK,temp_deviation_from_85=-10.100 is -1.7 SD from normal-pass average | rate_0_24=0.039 is +1.1 SD from normal-pass average | stress_weighted_rate=0.195 is +0.8 SD from normal-pass average,True,Medium,Lot-Relative Drift,17.123,14.204,0.9300000000000015,2.9190000000000005,0.33
CMP00759,B1031,Resistor_Precision,2026-01-07,2026-01-15,82.8,5.06,2.238,2.644,50.0,B1031,2.238,2.644,82.8,5.06,Medium,0.2734,PASS,9.204,4.27,20.97,0.04556,OK,stress_weighted_rate=0.086 is -0.7 SD from normal-pass average | rate_0_24=0.017 is -0.6 SD from normal-pass average | pct_change_24_0=0.181 is +0.6 SD from normal-pass average,False,None,Normal,9.204,5.924,0.40600000000000014,3.2800000000000002,-0.82
CMP05717,B1036,IC_Digital,2026-03-21,2026-03-28,87.5,5.88,5.904,6.45,50.0,B1036,5.904,6.45,87.5,5.88,Medium,0.3719,PASS,9.821,7.33,10.03,0.02341,OK,temp_deviation_from_85=2.500 is +0.4 SD from normal-pass average | rate_0_24=0.023 is -0.2 SD from normal-pass average | Chamber_Temperature_C_was_missing=0.000 is -0.1 SD from normal-pass average,False,None,Normal,9.821,8.136,0.5460000000000003,1.6850000000000005,-0.16
CMP00527,B1029,IC_Analog,2026-01-09,2026-01-20,94.8,5.85,8.926,9.612,50.0,B1029,8.926,9.612,94.8,5.85,High,0.3324,PASS,14.869,10.86,15.99,0.03651,OK,temp_deviation_from_85=9.800 is +1.6 SD from normal-pass average | stress_weighted_rate=0.167 is +0.4 SD from normal-pass average | rate_0_24=0.029 is +0.3 SD from normal-pass average,False,None,Normal,14.869,12.24,0.6859999999999999,2.6289999999999996,-0.42
CMP02369,B1005,MOSFET,2026-06-18,2026-06-28,86.4,6.23,7.481,8.19,50.0,B1005,7.481,8.19,86.4,6.23,Medium,0.403,REJECT,12.764,9.58,16.74,0.03176,OK,stress_weighted_rate=0.184 is +0.7 SD from normal-pass average | rate_0_24=0.030 is +0.4 SD from normal-pass average | temp_deviation_from_85=1.400 is +0.2 SD from normal-pass average,True,Medium,Lot-Relative Drift,12.764,10.477,0.7089999999999996,2.286999999999999,0.05
CMP05650,B1016,MOSFET,2026-07-17,2026-07-25,81.5,5.47,7.317,7.844,50.0,B1016,7.317,7.844,81.5,5.47,Medium,0.35,PASS,12.168,8.99,15.25,0.03003,OK,temp_deviation_from_85=-3.500 is -0.6 SD from normal-pass average | stress_weighted_rate=0.120 is -0.2 SD from normal-pass average | rate_0_24=0.022 is -0.2 SD from normal-pass average,False,None,Normal,12.168,10.006,0.5270000000000001,2.161999999999999,-0.31
CMP04645,B1040,IC_Analog,2026-02-10,2026-02-20,81.3,5.24,13.062,13.132,50.0,B1040,13.062,13.132,81.3,5.24,Medium,0.309,PASS,17.67,14.79,18.35,0.03152,OK,rate_0_24=0.003 is -1.7 SD from normal-pass average | stress_weighted_rate=0.015 is -1.7 SD from normal-pass average | temp_deviation_from_85=-3.700 is -0.6 SD from normal-pass average,False,None,Normal,17.67,15.401,0.07000000000000028,2.269000000000002,-0.58
CMP04742,B1022,Resistor_Precision,2026-06-15,2026-06-26,81.6,5.83,3.302,3.836,50.0,B1022,3.302,3.836,81.6,5.83,Medium,0.3081,PASS,6.223,5.12,5.93,0.01658,OK,temp_deviation_from_85=-3.400 is -0.6 SD from normal-pass average | pct_change_24_0=0.162 is +0.4 SD from normal-pass average | rate_0_24=0.022 is -0.2 SD from normal-pass average,False,None,Normal,6.223,5.03,0.5339999999999998,1.1929999999999996,-0.58
CMP03368,B1006,Transistor_BJT,2026-07-14,2026-07-24,80.5,5.66,5.727,6.349,50.0,B1006,5.727,6.349,80.5,5.66,Medium,0.4035,REJECT,9.649,7.54,13.1,0.02292,OK,temp_deviation_from_85=-4.500 is -0.7 SD from normal-pass average | stress_weighted_rate=0.147 is +0.1 SD from normal-pass average | Chamber_Temperature_C_was_missing=0.000 is -0.1 SD from normal-pass average,True,Medium,Lot-Relative Drift,9.649,7.999,0.6219999999999999,1.6499999999999995,0.05
CMP03467,B1028,Resistor_Precision,2026-01-21,2026-01-31,85.2,5.83,5.128,5.936,50.0,B1028,5.128,5.936,85.2,5.83,Medium,0.3631,PASS,10.176,7.03,21.28,0.02944,OK,stress_weighted_rate=0.196 is +0.9 SD from normal-pass average | rate_0_24=0.034 is +0.7 SD from normal-pass average | pct_change_24_0=0.158 is +0.4 SD from normal-pass average,False,None,Normal,10.176,8.056,0.8079999999999998,2.120000000000001,-0.22
CMP03406,B1042,Relay_Electromech,2026-03-20,2026-04-02,80.6,5.96,16.674,18.031,50.0,B1042,16.674,18.031,80.6,5.96,Medium,0.7595,REJECT,30.142,19.23,42.29,0.0841,EARLY_REJECT,stress_weighted_rate=0.337 is +2.8 SD from normal-pass average | rate_0_24=0.057 is +2.5 SD from normal-pass average | temp_deviation_from_85=-4.400 is -0.7 SD from normal-pass average,True,Critical,Accelerating Drift,30.142,24.086,1.3569999999999993,6.056000000000001,2.43
CMP02561,B1015,Diode_Zener,2026-04-06,2026-04-20,78.4,5.61,5.766,6.034,50.0,B1015,5.766,6.034,78.4,5.61,Low,0.2487,PASS,9.379,7.44,7.5,0.02323,OK,temp_deviation_from_85=-6.600 is -1.1 SD from normal-pass average | rate_0_24=0.011 is -1.1 SD from normal-pass average | stress_weighted_rate=0.063 is -1.0 SD from normal-pass average,False,None,Normal,9.379,7.706,0.2679999999999998,1.6729999999999992,-0.98
CMP04916,B1016,Resistor_Precision,2026-03-09,2026-03-14,82.9,5.19,4.593,5.177,50.0,B1016,4.593,5.177,82.9,5.19,Medium,0.3249,PASS,8.687,6.52,9.72,0.02437,OK,temp_deviation_from_85=-2.100 is -0.3 SD from normal-pass average | pct_change_24_0=0.127 is +0.2 SD from normal-pass average | stress_weighted_rate=0.126 is -0.1 SD from normal-pass average,False,None,Normal,8.687,6.932,0.5839999999999996,1.754999999999999,-0.47
CMP00621,B1009,Relay_Electromech,2026-01-21,2026-02-03,86.5,5.7,10.262,10.459,50.0,B1009,10.262,10.459,86.5,5.7,Medium,0.2881,PASS,14.392,11.7,15.59,0.02732,OK,rate_0_24=0.008 is -1.3 SD from normal-pass average | stress_weighted_rate=0.047 is -1.3 SD from normal-pass average | pct_change_24_0=0.019 is -0.5 SD from normal-pass average,False,None,Normal,14.392,12.426,0.19699999999999918,1.9659999999999993,-0.72
CMP04553,B1003,IC_Analog,2026-06-25,2026-07-02,84.2,5.35,17.24,17.755,50.0,B1003,17.24,17.755,84.2,5.35,Medium,0.2866,PASS,20.453,19.09,23.92,0.01874,OK,pct_change_24_0=0.030 is -0.5 SD from normal-pass average | stress_weighted_rate=0.115 is -0.3 SD from normal-pass average | rate_0_24=0.021 is -0.3 SD from normal-pass average,False,None,Normal,20.453,19.104,0.5150000000000006,1.3490000000000002,-0.73
CMP01496,B1011,IC_Digital,2026-05-14,2026-05-25,75.3,4.79,4.703,5.431,50.0,B1011,4.703,5.431,75.3,4.79,Low,0.3319,PASS,10.547,6.72,16.1,0.03552,OK,temp_deviation_from_85=-9.700 is -1.6 SD from normal-pass average | rate_0_24=0.030 is +0.4 SD from normal-pass average | pct_change_24_0=0.155 is +0.4 SD from normal-pass average,False,None,Normal,10.547,7.989,0.7279999999999998,2.5580000000000007,-0.43
CMP05761,B1046,IC_Analog,2026-06-06,2026-06-20,85.9,5.2,7.39,8.097,50.0,B1046,7.39,8.097,85.9,5.2,Medium,0.3407,PASS,12.393,9.52,18.34,0.02984,OK,rate_0_24=0.029 is +0.4 SD from normal-pass average | stress_weighted_rate=0.153 is +0.2 SD from normal-pass average | temp_deviation_from_85=0.900 is +0.2 SD from normal-pass average,False,None,Normal,12.393,10.245,0.7069999999999999,2.1480000000000015,-0.37
CMP04404,B1012,IC_Analog,2026-01-19,2026-02-01,88.3,5.42,7.533,8.378,50.0,B1012,7.533,8.378,88.3,5.42,Medium,0.4066,REJECT,12.989,9.68,23.17,0.03202,OK,rate_0_24=0.035 is +0.8 SD from normal-pass average | stress_weighted_rate=0.191 is +0.8 SD from normal-pass average | temp_deviation_from_85=3.300 is +0.6 SD from normal-pass average,True,Medium,Lot-Relative Drift,12.989,10.684,0.8449999999999998,2.3050000000000015,0.07
CMP00517,B1031,Transistor_BJT,2026-01-04,2026-01-09,,5.28,7.181,7.571,50.0,B1031,7.181,7.571,,5.28,Low,0.2878,PASS,12.247,8.82,14.75,0.03248,OK,Chamber_Temperature_C_was_missing=1.000 is +7.7 SD from normal-pass average | stress_weighted_rate=0.086 is -0.7 SD from normal-pass average | rate_0_24=0.016 is -0.7 SD from normal-pass average,False,None,Normal,12.247,9.909,0.3899999999999997,2.337999999999999,-0.72
CMP05875,B1018,Resistor_Precision,2026-02-15,2026-02-25,88.3,5.67,8.178,11.072,50.0,B1018,8.178,11.072,88.3,5.67,Medium,0.9792,REJECT,20.993,14.41,22.77,0.0689,EARLY_REJECT,stress_weighted_rate=0.684 is +7.8 SD from normal-pass average | rate_0_24=0.121 is +7.6 SD from normal-pass average | pct_change_24_0=0.354 is +1.7 SD from normal-pass average,True,Critical,Accelerating Drift,20.993,16.032,2.8939999999999984,4.9609999999999985,3.89
CMP04988,B1014,Relay_Electromech,2026-06-22,2026-07-02,74.0,4.56,9.09,9.53,50.0,B1014,9.09,9.53,74.0,4.56,Low,0.3008,PASS,15.343,10.9,24.94,0.04037,OK,temp_deviation_from_85=-11.000 is -1.8 SD from normal-pass average | stress_weighted_rate=0.084 is -0.7 SD from normal-pass average | rate_0_24=0.018 is -0.5 SD from normal-pass average,False,None,Normal,15.343,12.436,0.4399999999999995,2.907,-0.63
CMP05782,B1045,Resistor_Precision,2026-05-09,2026-05-14,87.2,4.94,1.453,1.75,50.0,B1045,1.453,1.75,87.2,4.94,Medium,0.2268,PASS,5.435,3.31,6.82,0.02559,OK,stress_weighted_rate=0.061 is -1.1 SD from normal-pass average | rate_0_24=0.012 is -1.0 SD from normal-pass average | pct_change_24_0=0.204 is +0.7 SD from normal-pass average,False,None,Normal,5.435,3.592,0.29699999999999993,1.8429999999999995,-1.13
CMP00515,B1027,IC_Analog,2026-07-13,2026-07-23,92.8,5.04,8.704,9.333,50.0,B1027,8.704,9.333,92.8,5.04,High,0.3295,PASS,15.512,10.22,18.01,0.04291,OK,temp_deviation_from_85=7.800 is +1.3 SD from normal-pass average | pct_change_24_0=0.072 is -0.2 SD from normal-pass average | Chamber_Temperature_C_was_missing=0.000 is -0.1 SD from normal-pass average,False,None,Normal,15.512,12.422,0.6289999999999996,3.09,-0.44
CMP02695,B1027,Resistor_Precision,2026-05-23,2026-06-03,87.4,6.0,6.895,7.509,50.0,B1027,6.895,7.509,87.4,6.0,Medium,0.3433,PASS,12.466,8.41,10.56,0.03442,OK,temp_deviation_from_85=2.400 is +0.4 SD from normal-pass average | stress_weighted_rate=0.154 is +0.2 SD from normal-pass average | Chamber_Temperature_C_was_missing=0.000 is -0.1 SD from normal-pass average,False,None,Normal,12.466,9.988,0.6140000000000008,2.4779999999999998,-0.35
CMP02731,B1005,Relay_Electromech,2026-02-03,2026-02-16,83.8,5.7,6.772,7.368,50.0,B1005,6.772,7.368,83.8,5.7,Medium,0.3827,PASS,10.613,8.54,9.62,0.02253,OK,temp_deviation_from_85=-1.200 is -0.2 SD from normal-pass average | Chamber_Temperature_C_was_missing=0.000 is -0.1 SD from normal-pass average | Value_0h_was_missing=0.000 is -0.1 SD from normal-pass average,False,None,Normal,10.613,8.99,0.5960000000000001,1.6229999999999993,-0.09
CMP04879,B1030,Resistor_Precision,2026-04-09,2026-04-13,70.9,5.77,4.086,4.71,50.0,B1030,4.086,4.71,70.9,5.77,Low,0.3476,PASS,9.296,6.51,13.67,0.03185,OK,temp_deviation_from_85=-14.100 is -2.4 SD from normal-pass average | pct_change_24_0=0.153 is +0.4 SD from normal-pass average | stress_weighted_rate=0.150 is +0.2 SD from normal-pass average,False,None,Normal,9.296,7.003,0.6239999999999997,2.2929999999999993,-0.32
CMP04009,B1034,MOSFET,2026-02-26,2026-03-09,84.4,5.7,4.145,4.576,50.0,B1034,4.145,4.576,84.4,5.7,Medium,0.3062,PASS,9.691,6.2,12.0,0.03552,OK,rate_0_24=0.018 is -0.5 SD from normal-pass average | stress_weighted_rate=0.102 is -0.5 SD from normal-pass average | Chamber_Temperature_C_was_missing=0.000 is -0.1 SD from normal-pass average,False,None,Normal,9.691,7.134,0.43100000000000005,2.5570000000000004,-0.6
CMP02219,B1017,Transistor_BJT,2026-01-12,2026-01-15,81.6,5.71,4.488,5.239,50.0,B1017,4.488,5.239,81.6,5.71,Medium,0.4084,REJECT,9.129,6.89,14.41,0.02702,OK,stress_weighted_rate=0.179 is +0.6 SD from normal-pass average | temp_deviation_from_85=-3.400 is -0.6 SD from normal-pass average | rate_0_24=0.031 is +0.5 SD from normal-pass average,True,Medium,Lot-Relative Drift,9.129,7.184,0.7509999999999994,1.9449999999999994,0.08
CMP02920,B1013,MOSFET,2026-04-03,2026-04-12,88.2,5.54,5.966,6.504,50.0,B1013,5.966,6.504,88.2,5.54,Medium,0.3067,PASS,9.725,7.59,10.26,0.02237,OK,temp_deviation_from_85=3.200 is +0.5 SD from normal-pass average | rate_0_24=0.022 is -0.2 SD from normal-pass average | stress_weighted_rate=0.124 is -0.2 SD from normal-pass average,False,None,Normal,9.725,8.114,0.5379999999999994,1.6109999999999989,-0.59
CMP04070,B1029,Diode_Zener,2026-02-26,2026-03-11,85.3,5.2,3.514,3.917,50.0,B1029,3.514,3.917,85.3,5.2,Medium,0.2584,PASS,6.321,4.95,7.02,0.01669,OK,stress_weighted_rate=0.087 is -0.7 SD from normal-pass average | rate_0_24=0.017 is -0.6 SD from normal-pass average | Chamber_Temperature_C_was_missing=0.000 is -0.1 SD from normal-pass average,False,None,Normal,6.321,5.119,0.403,1.202,-0.92
CMP02973,B1021,Diode_Zener,2026-05-16,2026-05-27,80.2,5.52,6.032,6.695,50.0,B1021,6.032,6.695,80.2,5.52,Medium,0.3516,PASS,10.478,8.25,14.05,0.02627,OK,temp_deviation_from_85=-4.800 is -0.8 SD from normal-pass average | stress_weighted_rate=0.152 is +0.2 SD from normal-pass average | rate_0_24=0.028 is +0.2 SD from normal-pass average,False,None,Normal,10.478,8.586,0.6630000000000003,1.8919999999999995,-0.29
CMP05330,B1026,MOSFET,2026-05-06,2026-05-18,81.5,5.6,6.843,7.416,50.0,B1026,6.843,7.416,81.5,5.6,Medium,0.3601,PASS,10.42,8.46,9.82,0.02086,OK,temp_deviation_from_85=-3.500 is -0.6 SD from normal-pass average | Chamber_Temperature_C_was_missing=0.000 is -0.1 SD from normal-pass average | Value_0h_was_missing=0.000 is -0.1 SD from normal-pass average,False,None,Normal,10.42,8.918,0.5730000000000004,1.5020000000000007,-0.24
CMP04811,B1030,Resistor_Precision,2026-01-15,2026-01-27,83.6,5.77,3.966,4.403,50.0,B1030,3.966,4.403,83.6,5.77,Medium,0.2733,PASS,7.726,5.68,9.12,0.02308,OK,rate_0_24=0.018 is -0.5 SD from normal-pass average | stress_weighted_rate=0.105 is -0.4 SD from normal-pass average | temp_deviation_from_85=-1.400 is -0.2 SD from normal-pass average,False,None,Normal,7.726,6.064,0.4369999999999994,1.662,-0.82
CMP04957,B1017,IC_Digital,2026-02-23,2026-03-06,83.3,5.93,6.896,7.675,50.0,B1017,6.896,7.675,83.3,5.93,Medium,0.4687,REJECT,12.725,8.78,21.39,0.03507,OK,stress_weighted_rate=0.192 is +0.8 SD from normal-pass average | rate_0_24=0.032 is +0.6 SD from normal-pass average | temp_deviation_from_85=-1.700 is -0.3 SD from normal-pass average,True,Medium,Lot-Relative Drift,12.725,10.2,0.7789999999999999,2.5250000000000004,0.49
CMP02686,B1022,Tantalum_Capacitor,2026-04-06,2026-04-13,87.4,5.39,8.965,9.8,50.0,B1022,8.965,9.8,87.4,5.39,Medium,0.3986,REJECT,15.373,11.08,21.58,0.0387,OK,rate_0_24=0.035 is +0.8 SD from normal-pass average | stress_weighted_rate=0.188 is +0.7 SD from normal-pass average | temp_deviation_from_85=2.400 is +0.4 SD from normal-pass average,True,Medium,Lot-Relative Drift,15.373,12.586,0.8350000000000009,2.786999999999999,0.02
CMP05515,B1017,Tantalum_Capacitor,2026-06-10,2026-06-17,80.5,5.49,11.08,11.384,50.0,B1017,11.08,11.384,80.5,5.49,Medium,0.2715,PASS,15.277,12.95,14.08,0.02703,OK,rate_0_24=0.013 is -1.0 SD from normal-pass average | stress_weighted_rate=0.070 is -0.9 SD from normal-pass average | temp_deviation_from_85=-4.500 is -0.7 SD from normal-pass average,False,None,Normal,15.277,13.33,0.30400000000000027,1.9469999999999992,-0.83
CMP02176,B1043,Relay_Electromech,2026-01-08,2026-01-13,97.3,6.04,15.573,,50.0,B1043,15.573,,97.3,6.04,High,0.4625,REJECT,20.338,10.2,30.2,,OK,Value_24h_was_missing=1.000 is +8.9 SD from normal-pass average | temp_deviation_from_85=12.300 is +2.1 SD from normal-pass average | Chamber_Temperature_C_was_missing=0.000 is -0.1 SD from normal-pass average,True,Medium,Lot-Relative Drift,20.338,,,,0.44
CMP00459,B1010,Relay_Electromech,2026-06-19,2026-06-23,92.7,6.09,12.09,12.857,50.0,B1010,12.09,12.857,92.7,6.09,High,0.4178,REJECT,16.576,14.2,34.08,0.02582,OK,temp_deviation_from_85=7.700 is +1.3 SD from normal-pass average | stress_weighted_rate=0.195 is +0.8 SD from normal-pass average | rate_0_24=0.032 is +0.6 SD from normal-pass average,True,Medium,Lot-Relative Drift,16.576,14.716,0.7669999999999995,1.8600000000000012,0.15
CMP01172,B1018,Relay_Electromech,2026-07-04,2026-07-16,88.5,5.3,14.765,20.933,50.0,B1018,14.765,20.933,88.5,5.3,Medium,0.9876,REJECT,24.982,22.62,29.39,0.02812,OK,rate_0_24=0.257 is +18.4 SD from normal-pass average | stress_weighted_rate=1.362 is +17.4 SD from normal-pass average | pct_change_24_0=0.418 is +2.1 SD from normal-pass average,True,Critical,Severe Latent Degradation,24.982,22.958,6.167999999999999,2.024000000000001,3.95
CMP00774,B1038,MOSFET,2026-01-08,2026-01-14,77.2,6.06,4.155,4.695,50.0,B1038,4.155,4.695,77.2,6.06,Low,0.3498,PASS,8.963,6.42,11.7,0.02964,OK,temp_deviation_from_85=-7.800 is -1.3 SD from normal-pass average | pct_change_24_0=0.130 is +0.2 SD from normal-pass average | rate_0_24=0.023 is -0.2 SD from normal-pass average,False,None,Normal,8.963,6.829,0.54,2.1339999999999995,-0.31
CMP04747,B1047,MOSFET,2026-04-24,2026-05-01,86.1,6.03,8.226,8.777,50.0,B1047,8.226,8.777,86.1,6.03,Medium,0.3262,PASS,12.644,9.8,14.93,0.02686,OK,pct_change_24_0=0.067 is -0.2 SD from normal-pass average | temp_deviation_from_85=1.100 is +0.2 SD from normal-pass average | rate_0_24=0.023 is -0.1 SD from normal-pass average,False,None,Normal,12.644,10.71,0.5509999999999984,1.9339999999999993,-0.46
CMP04412,B1030,Transistor_BJT,2026-05-18,2026-05-24,88.4,4.89,8.062,13.024,50.0,B1030,8.062,13.024,88.4,4.89,Medium,0.9844,REJECT,20.538,15.27,23.95,0.05218,OK,rate_0_24=0.207 is +14.4 SD from normal-pass average | stress_weighted_rate=1.011 is +12.4 SD from normal-pass average | pct_change_24_0=0.615 is +3.4 SD from normal-pass average,True,Critical,Severe Latent Degradation,20.538,16.781,4.962,3.7570000000000014,3.92
CMP03479,B1023,IC_Digital,2026-03-19,2026-03-28,82.5,5.22,6.749,7.725,50.0,B1023,6.749,7.725,82.5,5.22,Medium,0.5067,REJECT,12.258,9.0,18.71,0.03148,OK,rate_0_24=0.041 is +1.3 SD from normal-pass average | stress_weighted_rate=0.212 is +1.1 SD from normal-pass average | temp_deviation_from_85=-2.500 is -0.4 SD from normal-pass average,True,High,Lot-Relative Drift,12.258,9.991,0.976,2.2669999999999995,0.74
CMP02932,B1017,Tantalum_Capacitor,2026-02-02,2026-02-06,86.4,5.42,11.673,12.272,50.0,B1017,11.673,12.272,86.4,5.42,Medium,0.3972,REJECT,16.2,12.9,22.05,0.02727,OK,pct_change_24_0=0.051 is -0.3 SD from normal-pass average | temp_deviation_from_85=1.400 is +0.2 SD from normal-pass average | Chamber_Temperature_C_was_missing=0.000 is -0.1 SD from normal-pass average,True,Medium,Lot-Relative Drift,16.2,14.236,0.5990000000000002,1.9639999999999986,0.01
CMP01492,B1016,IC_Analog,2026-07-17,2026-07-26,78.8,5.54,12.309,12.938,50.0,B1016,12.309,12.938,78.8,5.54,Low,0.3532,PASS,17.689,14.2,20.93,0.03299,OK,temp_deviation_from_85=-6.200 is -1.0 SD from normal-pass average | pct_change_24_0=0.051 is -0.3 SD from normal-pass average | Chamber_Temperature_C_was_missing=0.000 is -0.1 SD from normal-pass average,False,None,Normal,17.689,15.314,0.6290000000000013,2.375,-0.28
CMP00340,B1022,IC_Digital,2026-01-31,2026-02-04,82.0,5.58,7.253,7.999,50.0,B1022,7.253,7.999,82.0,5.58,Medium,0.434,REJECT,12.428,9.33,20.65,0.03076,OK,stress_weighted_rate=0.173 is +0.5 SD from normal-pass average | rate_0_24=0.031 is +0.5 SD from normal-pass average | temp_deviation_from_85=-3.000 is -0.5 SD from normal-pass average,True,Medium,Lot-Relative Drift,12.428,10.214,0.7459999999999996,2.2140000000000004,0.26
CMP04638,B1003,Resistor_Precision,2026-04-07,2026-04-12,81.5,6.01,,5.108,50.0,B1003,,5.108,81.5,6.01,Medium,0.3858,PASS,8.956,6.42,9.95,0.02672,OK,Value_0h_was_missing=1.000 is +7.9 SD from normal-pass average | temp_deviation_from_85=-3.500 is -0.6 SD from normal-pass average | Chamber_Temperature_C_was_missing=0.000 is -0.1 SD from normal-pass average,False,None,Normal,8.956,7.032,,1.9239999999999995,-0.07
CMP03598,B1046,Diode_Zener,2026-03-09,2026-03-21,74.5,5.92,4.553,5.177,50.0,B1046,4.553,5.177,74.5,5.92,Low,0.3386,PASS,9.115,6.59,12.51,0.02735,OK,temp_deviation_from_85=-10.500 is -1.8 SD from normal-pass average | pct_change_24_0=0.137 is +0.3 SD from normal-pass average | stress_weighted_rate=0.154 is +0.3 SD from normal-pass average,False,None,Normal,9.115,7.146,0.6239999999999997,1.9690000000000003,-0.38
CMP03252,B1037,IC_Analog,2026-07-11,2026-07-16,88.1,5.97,13.061,13.946,50.0,B1037,13.061,13.946,88.1,5.97,Medium,0.3741,PASS,17.446,14.75,23.43,0.02431,OK,stress_weighted_rate=0.220 is +1.2 SD from normal-pass average | rate_0_24=0.037 is +1.0 SD from normal-pass average | temp_deviation_from_85=3.100 is +0.5 SD from normal-pass average,False,None,Normal,17.446,15.696,0.8849999999999998,1.7500000000000018,-0.14
CMP05997,B1031,IC_Analog,2026-05-19,2026-05-27,82.0,5.87,12.142,12.649,50.0,B1031,12.142,12.649,82.0,5.87,Medium,0.2899,PASS,15.515,14.16,16.33,0.01991,OK,temp_deviation_from_85=-3.000 is -0.5 SD from normal-pass average | pct_change_24_0=0.042 is -0.4 SD from normal-pass average | rate_0_24=0.021 is -0.3 SD from normal-pass average,False,None,Normal,15.515,14.082,0.5069999999999997,1.4329999999999998,-0.71
CMP02162,B1046,Transistor_BJT,2026-06-06,2026-06-12,79.0,5.46,7.158,8.175,50.0,B1046,7.158,8.175,79.0,5.46,Low,0.5644,REJECT,12.761,9.69,22.22,0.03185,OK,rate_0_24=0.042 is +1.4 SD from normal-pass average | stress_weighted_rate=0.231 is +1.3 SD from normal-pass average | temp_deviation_from_85=-6.000 is -1.0 SD from normal-pass average,True,High,Lot-Relative Drift,12.761,10.468,1.0170000000000003,2.2929999999999993,1.12
CMP03073,B1018,Transistor_BJT,2026-06-20,2026-06-27,85.9,5.28,4.246,4.985,50.0,B1018,4.246,4.985,85.9,5.28,Medium,0.4082,REJECT,8.696,6.05,16.91,0.02577,OK,pct_change_24_0=0.174 is +0.5 SD from normal-pass average | rate_0_24=0.031 is +0.5 SD from normal-pass average | stress_weighted_rate=0.163 is +0.4 SD from normal-pass average,True,Medium,Lot-Relative Drift,8.696,6.841,0.7389999999999999,1.8549999999999995,0.08
CMP04621,B1018,IC_Digital,2026-03-20,2026-03-25,83.1,5.18,6.729,7.524,50.0,B1018,6.729,7.524,83.1,5.18,Medium,0.4131,REJECT,12.562,8.88,28.18,0.03499,OK,rate_0_24=0.033 is +0.7 SD from normal-pass average | stress_weighted_rate=0.172 is +0.5 SD from normal-pass average | temp_deviation_from_85=-1.900 is -0.3 SD from normal-pass average,True,Medium,Lot-Relative Drift,12.562,10.043,0.7949999999999999,2.519,0.12
CMP03620,B1003,Tantalum_Capacitor,2026-05-20,2026-06-03,82.7,5.52,4.418,5.353,50.0,B1003,4.418,5.353,82.7,5.52,Medium,0.5073,REJECT,10.31,6.71,19.45,0.03442,OK,rate_0_24=0.039 is +1.1 SD from normal-pass average | stress_weighted_rate=0.215 is +1.1 SD from normal-pass average | pct_change_24_0=0.212 is +0.7 SD from normal-pass average,True,High,Lot-Relative Drift,10.31,7.832,0.9349999999999996,2.4780000000000006,0.74
CMP00719,B1048,IC_Digital,2026-03-07,2026-03-16,84.7,6.09,9.929,10.376,50.0,B1048,9.929,10.376,84.7,6.09,Medium,0.4214,REJECT,14.186,11.42,16.87,0.02646,OK,rate_0_24=0.019 is -0.5 SD from normal-pass average | pct_change_24_0=0.045 is -0.4 SD from normal-pass average | stress_weighted_rate=0.113 is -0.3 SD from normal-pass average,True,Medium,Lot-Relative Drift,14.186,12.281,0.4469999999999992,1.9049999999999994,0.17
CMP00423,B1018,IC_Analog,2026-02-02,2026-02-06,95.9,5.01,9.012,9.625,50.0,B1018,9.012,9.625,95.9,5.01,High,0.3086,PASS,15.613,11.06,15.52,0.04159,OK,temp_deviation_from_85=10.900 is +1.8 SD from normal-pass average | pct_change_24_0=0.068 is -0.2 SD from normal-pass average | Chamber_Temperature_C_was_missing=0.000 is -0.1 SD from normal-pass average,False,None,Normal,15.613,12.619,0.6129999999999995,2.9939999999999998,-0.58
CMP04270,B1022,Diode_Zener,2026-06-29,2026-07-13,91.5,6.07,4.281,3.954,50.0,B1022,4.281,3.954,91.5,6.07,High,0.38,PASS,7.333,5.46,18.64,0.02347,OK,stress_weighted_rate=-0.083 is -3.1 SD from normal-pass average | rate_0_24=-0.014 is -3.0 SD from normal-pass average | pct_change_24_0=-0.076 is -1.2 SD from normal-pass average,False,None,Normal,7.333,5.644,-0.3269999999999995,1.689,-0.11
CMP00072,B1013,IC_Digital,2026-06-23,2026-06-28,88.5,5.71,5.011,6.191,50.0,B1013,5.011,6.191,88.5,5.71,Medium,0.6091,REJECT,11.633,7.6,24.51,0.03779,OK,stress_weighted_rate=0.281 is +2.0 SD from normal-pass average | rate_0_24=0.049 is +1.9 SD from normal-pass average | pct_change_24_0=0.235 is +0.9 SD from normal-pass average,True,High,Lot-Relative Drift,11.633,8.912,1.1799999999999997,2.7209999999999983,1.42
CMP02283,B1025,Tantalum_Capacitor,2026-03-17,2026-03-21,91.3,4.92,7.932,7.979,50.0,B1025,7.932,7.979,91.3,4.92,High,0.3888,PASS,12.838,9.19,13.45,0.03374,OK,rate_0_24=0.002 is -1.8 SD from normal-pass average | stress_weighted_rate=0.010 is -1.8 SD from normal-pass average | temp_deviation_from_85=6.300 is +1.1 SD from normal-pass average,False,None,Normal,12.838,10.408,0.04699999999999971,2.4299999999999997,-0.05
CMP01996,B1048,IC_Analog,2026-06-24,2026-06-27,85.5,5.28,13.875,14.355,50.0,B1048,13.875,14.355,85.5,5.28,Medium,0.2855,PASS,17.474,15.33,17.86,0.02166,OK,stress_weighted_rate=0.106 is -0.4 SD from normal-pass average | pct_change_24_0=0.035 is -0.4 SD from normal-pass average | rate_0_24=0.020 is -0.4 SD from normal-pass average,False,None,Normal,17.474,15.914,0.4800000000000004,1.5600000000000005,-0.74
CMP02941,B1017,Diode_Zener,2026-05-02,2026-05-12,87.3,5.31,5.604,6.409,50.0,B1017,5.604,6.409,87.3,5.31,Medium,0.3432,PASS,9.979,7.4,10.94,0.02479,OK,rate_0_24=0.034 is +0.7 SD from normal-pass average | stress_weighted_rate=0.178 is +0.6 SD from normal-pass average | temp_deviation_from_85=2.300 is +0.4 SD from normal-pass average,False,None,Normal,9.979,8.194,0.8049999999999997,1.7849999999999984,-0.35
CMP00779,B1035,Transistor_BJT,2026-05-01,2026-05-09,93.7,5.62,8.167,8.394,50.0,B1035,8.167,8.394,93.7,5.62,High,0.2631,PASS,12.234,9.65,14.25,0.02667,OK,temp_deviation_from_85=8.700 is +1.5 SD from normal-pass average | rate_0_24=0.009 is -1.2 SD from normal-pass average | stress_weighted_rate=0.053 is -1.2 SD from normal-pass average,False,None,Normal,12.234,10.314,0.2270000000000003,1.92,-0.88
CMP05856,B1047,Resistor_Precision,2026-01-07,2026-01-19,86.9,6.04,3.585,4.031,50.0,B1047,3.585,4.031,86.9,6.04,Medium,0.2615,PASS,6.562,5.24,7.96,0.01758,OK,rate_0_24=0.019 is -0.5 SD from normal-pass average | stress_weighted_rate=0.112 is -0.3 SD from normal-pass average | temp_deviation_from_85=1.900 is +0.3 SD from normal-pass average,False,None,Normal,6.562,5.296,0.44599999999999973,1.266,-0.9
CMP05830,B1045,MOSFET,2026-05-05,2026-05-14,83.3,5.47,7.919,8.663,50.0,B1045,7.919,8.663,83.3,5.47,Medium,0.3939,PASS,12.511,9.98,19.4,0.02672,OK,rate_0_24=0.031 is +0.5 SD from normal-pass average | stress_weighted_rate=0.170 is +0.5 SD from normal-pass average | temp_deviation_from_85=-1.700 is -0.3 SD from normal-pass average,False,None,Normal,12.511,10.587,0.7440000000000007,1.9239999999999995,-0.01
CMP00771,B1040,IC_Analog,2026-04-15,2026-04-29,76.7,5.88,9.723,10.068,50.0,B1040,9.723,10.068,76.7,5.88,Low,0.2945,PASS,13.605,11.43,12.43,0.02456,OK,temp_deviation_from_85=-8.300 is -1.4 SD from normal-pass average | rate_0_24=0.014 is -0.8 SD from normal-pass average | stress_weighted_rate=0.085 is -0.7 SD from normal-pass average,False,None,Normal,13.605,11.836,0.34499999999999886,1.7690000000000001,-0.67
CMP02750,B1026,IC_Analog,2026-05-07,2026-05-13,96.2,6.58,13.449,14.517,50.0,B1026,13.449,14.517,96.2,6.58,High,0.4882,REJECT,20.876,15.78,32.11,0.04416,OK,stress_weighted_rate=0.293 is +2.2 SD from normal-pass average | temp_deviation_from_85=11.200 is +1.9 SD from normal-pass average | rate_0_24=0.044 is +1.6 SD from normal-pass average,True,Medium,Lot-Relative Drift,20.876,17.696,1.0679999999999996,3.1799999999999997,0.62
CMP05163,B1024,Tantalum_Capacitor,2026-07-02,2026-07-08,86.1,6.16,9.06,9.789,50.0,B1024,9.06,9.789,86.1,6.16,Medium,0.4402,REJECT,15.584,10.88,27.62,0.04024,OK,stress_weighted_rate=0.187 is +0.7 SD from normal-pass average | rate_0_24=0.030 is +0.4 SD from normal-pass average | temp_deviation_from_85=1.100 is +0.2 SD from normal-pass average,True,Medium,Lot-Relative Drift,15.584,12.686,0.7289999999999992,2.8979999999999997,0.3
CMP03774,B1035,Resistor_Precision,2026-07-02,2026-07-10,92.3,5.46,2.505,2.722,50.0,B1035,2.505,2.722,92.3,5.46,High,0.2576,PASS,5.406,4.58,5.39,0.01864,OK,rate_0_24=0.009 is -1.2 SD from normal-pass average | stress_weighted_rate=0.049 is -1.2 SD from normal-pass average | temp_deviation_from_85=7.300 is +1.2 SD from normal-pass average,False,None,Normal,5.406,4.064,0.21700000000000008,1.3419999999999996,-0.92
CMP01403,B1028,IC_Analog,2026-06-16,2026-06-21,83.2,4.92,10.226,11.228,50.0,B1028,10.226,11.228,83.2,4.92,Medium,0.4452,REJECT,15.852,12.71,24.62,0.03211,OK,rate_0_24=0.042 is +1.3 SD from normal-pass average | stress_weighted_rate=0.205 is +1.0 SD from normal-pass average | temp_deviation_from_85=-1.800 is -0.3 SD from normal-pass average,True,Medium,Lot-Relative Drift,15.852,13.54,1.001999999999999,2.312000000000001,0.33
CMP00888,B1038,MOSFET,2026-02-02,2026-02-08,85.3,5.33,9.556,9.727,50.0,B1038,9.556,9.727,85.3,5.33,Medium,0.29,PASS,16.356,10.88,15.16,0.04604,OK,rate_0_24=0.007 is -1.4 SD from normal-pass average | stress_weighted_rate=0.038 is -1.4 SD from normal-pass average | pct_change_24_0=0.018 is -0.5 SD from normal-pass average,False,None,Normal,16.356,13.042,0.17100000000000115,3.314000000000002,-0.7
CMP03137,B1004,IC_Digital,2026-02-25,2026-03-07,75.1,5.03,3.905,4.238,50.0,B1004,3.905,4.238,75.1,5.03,Low,0.3148,PASS,7.269,5.26,9.67,0.02105,OK,temp_deviation_from_85=-9.900 is -1.7 SD from normal-pass average | stress_weighted_rate=0.070 is -0.9 SD from normal-pass average | rate_0_24=0.014 is -0.9 SD from normal-pass average,False,None,Normal,7.269,5.754,0.33300000000000063,1.5150000000000006,-0.54
CMP05476,B1017,MOSFET,2026-05-05,2026-05-18,76.8,5.8,4.628,5.122,50.0,B1017,4.628,5.122,76.8,5.8,Low,0.3462,PASS,8.917,6.45,10.47,0.02636,OK,temp_deviation_from_85=-8.200 is -1.4 SD from normal-pass average | rate_0_24=0.021 is -0.3 SD from normal-pass average | stress_weighted_rate=0.119 is -0.2 SD from normal-pass average,False,None,Normal,8.917,7.02,0.4939999999999998,1.8970000000000002,-0.33
CMP04788,B1027,IC_Analog,2026-06-01,2026-06-10,90.2,5.77,12.892,,50.0,B1027,12.892,,90.2,5.77,High,0.538,REJECT,18.715,10.04,28.45,,OK,Value_24h_was_missing=1.000 is +8.9 SD from normal-pass average | temp_deviation_from_85=5.200 is +0.9 SD from normal-pass average | Chamber_Temperature_C_was_missing=0.000 is -0.1 SD from normal-pass average,True,High,Lot-Relative Drift,18.715,,,,0.95
CMP03046,B1024,Resistor_Precision,2026-05-05,2026-05-09,97.3,6.58,3.52,4.046,50.0,B1024,3.52,4.046,97.3,6.58,High,0.3175,PASS,6.752,5.39,8.26,0.01879,OK,temp_deviation_from_85=12.300 is +2.1 SD from normal-pass average | pct_change_24_0=0.149 is +0.3 SD from normal-pass average | rate_0_24=0.022 is -0.2 SD from normal-pass average,False,None,Normal,6.752,5.399,0.5260000000000002,1.3529999999999998,-0.52
CMP05112,B1027,Tantalum_Capacitor,2026-05-19,2026-05-26,82.7,5.27,8.549,8.911,50.0,B1027,8.549,8.911,82.7,5.27,Medium,0.2965,PASS,13.486,10.09,13.88,0.03177,OK,stress_weighted_rate=0.079 is -0.8 SD from normal-pass average | rate_0_24=0.015 is -0.8 SD from normal-pass average | temp_deviation_from_85=-2.300 is -0.4 SD from normal-pass average,False,None,Normal,13.486,11.198,0.3620000000000001,2.2880000000000003,-0.66
CMP02854,B1036,Transistor_BJT,2026-06-04,2026-06-14,90.7,5.41,7.392,8.488,50.0,B1036,7.392,8.488,90.7,5.41,High,0.6925,REJECT,14.051,9.92,31.83,0.03863,OK,rate_0_24=0.046 is +1.7 SD from normal-pass average | stress_weighted_rate=0.247 is +1.6 SD from normal-pass average | temp_deviation_from_85=5.700 is +1.0 SD from normal-pass average,True,High,Lot-Relative Drift,14.051,11.27,1.0959999999999992,2.7810000000000006,1.98
CMP04456,B1031,Tantalum_Capacitor,2026-05-09,2026-05-22,83.2,4.79,11.426,12.082,50.0,B1031,11.426,12.082,83.2,4.79,Medium,0.3863,PASS,16.025,13.08,20.17,0.02738,OK,temp_deviation_from_85=-1.800 is -0.3 SD from normal-pass average | pct_change_24_0=0.057 is -0.3 SD from normal-pass average | rate_0_24=0.027 is +0.2 SD from normal-pass average,False,None,Normal,16.025,14.054,0.6560000000000006,1.9709999999999983,-0.06
CMP04044,B1040,IC_Digital,2026-06-06,2026-06-20,96.6,5.56,9.702,10.608,50.0,B1040,9.702,10.608,96.6,5.56,High,0.4001,REJECT,15.446,11.94,22.05,0.0336,OK,temp_deviation_from_85=11.600 is +1.9 SD from normal-pass average | stress_weighted_rate=0.210 is +1.0 SD from normal-pass average | rate_0_24=0.038 is +1.0 SD from normal-pass average,True,Medium,Lot-Relative Drift,15.446,13.027,0.9060000000000006,2.4190000000000005,0.03
CMP02166,B1046,IC_Digital,2026-02-24,2026-03-03,76.2,5.4,5.605,5.787,50.0,B1046,5.605,5.787,76.2,5.4,Low,0.3039,PASS,9.411,7.19,10.24,0.02517,OK,temp_deviation_from_85=-8.800 is -1.5 SD from normal-pass average | rate_0_24=0.008 is -1.4 SD from normal-pass average | stress_weighted_rate=0.041 is -1.4 SD from normal-pass average,False,None,Normal,9.411,7.599,0.1819999999999995,1.8119999999999994,-0.61
CMP01394,B1016,Resistor_Precision,2026-02-25,2026-03-05,83.7,5.87,2.741,3.02,50.0,B1016,2.741,3.02,83.7,5.87,Medium,0.2624,PASS,7.139,4.7,5.49,0.02861,OK,rate_0_24=0.012 is -1.0 SD from normal-pass average | stress_weighted_rate=0.068 is -1.0 SD from normal-pass average | temp_deviation_from_85=-1.300 is -0.2 SD from normal-pass average,False,None,Normal,7.139,5.079,0.2789999999999999,2.0600000000000005,-0.89
CMP02821,B1020,Resistor_Precision,2026-06-17,2026-07-01,92.3,5.43,3.342,4.119,50.0,B1020,3.342,4.119,92.3,5.43,High,0.2392,PASS,6.606,5.42,7.29,0.01727,OK,temp_deviation_from_85=7.300 is +1.2 SD from normal-pass average | pct_change_24_0=0.232 is +0.9 SD from normal-pass average | rate_0_24=0.032 is +0.6 SD from normal-pass average,False,None,Normal,6.606,5.362,0.7769999999999997,1.2439999999999998,-1.04
CMP03228,B1034,IC_Analog,2026-02-02,2026-02-08,82.7,5.73,5.389,6.177,50.0,B1034,5.389,6.177,82.7,5.73,Medium,0.4794,REJECT,10.53,7.49,24.6,0.03023,OK,stress_weighted_rate=0.188 is +0.7 SD from normal-pass average | rate_0_24=0.033 is +0.6 SD from normal-pass average | temp_deviation_from_85=-2.300 is -0.4 SD from normal-pass average,True,Medium,Lot-Relative Drift,10.53,8.354,0.7879999999999994,2.176,0.56
CMP04886,B1039,Transistor_BJT,2026-06-20,2026-06-26,89.6,5.19,4.546,5.276,50.0,B1039,4.546,5.276,89.6,5.19,Medium,0.3697,PASS,8.999,6.43,12.73,0.02585,OK,temp_deviation_from_85=4.600 is +0.8 SD from normal-pass average | rate_0_24=0.030 is +0.4 SD from normal-pass average | pct_change_24_0=0.161 is +0.4 SD from normal-pass average,False,None,Normal,8.999,7.138,0.7299999999999995,1.8610000000000007,-0.17
CMP05281,B1014,IC_Analog,2026-01-10,2026-01-23,88.5,5.59,12.447,12.878,50.0,B1014,12.447,12.878,88.5,5.59,Medium,0.2944,PASS,16.6,14.3,16.5,0.02585,OK,temp_deviation_from_85=3.500 is +0.6 SD from normal-pass average | rate_0_24=0.018 is -0.5 SD from normal-pass average | stress_weighted_rate=0.100 is -0.5 SD from normal-pass average,False,None,Normal,16.6,14.739,0.43100000000000094,1.8610000000000007,-0.68
CMP05378,B1022,Transistor_BJT,2026-03-01,2026-03-05,87.8,5.26,2.195,2.566,50.0,B1022,2.195,2.566,87.8,5.26,Medium,0.2839,PASS,6.799,3.65,5.91,0.02939,OK,stress_weighted_rate=0.081 is -0.8 SD from normal-pass average | rate_0_24=0.015 is -0.7 SD from normal-pass average | temp_deviation_from_85=2.800 is +0.5 SD from normal-pass average,False,None,Normal,6.799,4.682,0.371,2.117,-0.75
CMP03567,B1027,Resistor_Precision,2026-01-17,2026-01-21,86.4,5.27,4.896,5.607,50.0,B1027,4.896,5.607,86.4,5.27,Medium,0.3403,PASS,9.161,6.68,9.33,0.02468,OK,rate_0_24=0.030 is +0.4 SD from normal-pass average | pct_change_24_0=0.145 is +0.3 SD from normal-pass average | stress_weighted_rate=0.156 is +0.3 SD from normal-pass average,False,None,Normal,9.161,7.384,0.7110000000000003,1.7769999999999992,-0.37
CMP00287,B1046,Diode_Zener,2026-01-30,2026-02-07,87.6,4.78,5.704,6.986,50.0,B1046,5.704,6.986,87.6,4.78,Medium,0.6633,REJECT,11.966,8.19,25.44,0.03458,OK,rate_0_24=0.053 is +2.3 SD from normal-pass average | stress_weighted_rate=0.255 is +1.7 SD from normal-pass average | pct_change_24_0=0.225 is +0.8 SD from normal-pass average,True,High,Lot-Relative Drift,11.966,9.476,1.282,2.4899999999999984,1.78
CMP05198,B1002,IC_Digital,2026-04-20,2026-04-24,85.7,5.06,5.71,6.184,50.0,B1002,5.71,6.184,85.7,5.06,Medium,0.4369,REJECT,9.755,7.34,17.77,0.0248,OK,stress_weighted_rate=0.100 is -0.5 SD from normal-pass average | rate_0_24=0.020 is -0.4 SD from normal-pass average | Chamber_Temperature_C_was_missing=0.000 is -0.1 SD from normal-pass average,True,Medium,Lot-Relative Drift,9.755,7.97,0.4740000000000002,1.785000000000001,0.27
CMP03737,B1041,Transistor_BJT,2026-03-20,2026-04-02,81.0,5.05,5.19,5.933,50.0,B1041,5.19,5.933,81.0,5.05,Medium,0.413,REJECT,10.005,6.97,19.46,0.02828,OK,temp_deviation_from_85=-4.000 is -0.7 SD from normal-pass average | rate_0_24=0.031 is +0.5 SD from normal-pass average | pct_change_24_0=0.143 is +0.3 SD from normal-pass average,True,Medium,Lot-Relative Drift,10.005,7.969,0.7429999999999994,2.0360000000000005,0.11
CMP04181,B1008,Transistor_BJT,2026-06-16,2026-06-25,86.9,4.95,6.354,6.638,50.0,B1008,6.354,6.638,86.9,4.95,Medium,0.277,PASS,10.373,7.7,12.42,0.02594,OK,stress_weighted_rate=0.059 is -1.1 SD from normal-pass average | rate_0_24=0.012 is -1.0 SD from normal-pass average | pct_change_24_0=0.045 is -0.4 SD from normal-pass average,False,None,Normal,10.373,8.506,0.2839999999999998,1.866999999999999,-0.79
CMP01785,B1018,MOSFET,2026-06-15,2026-06-28,87.2,5.59,8.288,8.984,50.0,B1018,8.288,8.984,87.2,5.59,Medium,0.3945,PASS,16.26,10.3,20.65,0.05053,OK,temp_deviation_from_85=2.200 is +0.4 SD from normal-pass average | stress_weighted_rate=0.162 is +0.4 SD from normal-pass average | rate_0_24=0.029 is +0.3 SD from normal-pass average,False,None,Normal,16.26,12.622,0.6959999999999997,3.6380000000000017,-0.01
CMP04049,B1034,Tantalum_Capacitor,2026-06-27,2026-07-03,89.0,5.12,7.869,8.781,50.0,B1034,7.869,8.781,89.0,5.12,Medium,0.3912,PASS,12.795,9.96,21.51,0.02788,OK,rate_0_24=0.038 is +1.0 SD from normal-pass average | stress_weighted_rate=0.195 is +0.8 SD from normal-pass average | temp_deviation_from_85=4.000 is +0.7 SD from normal-pass average,False,None,Normal,12.795,10.788,0.9120000000000008,2.0069999999999997,-0.03
CMP01202,B1025,Relay_Electromech,2026-02-13,2026-02-17,87.2,4.97,13.662,14.116,50.0,B1025,13.662,14.116,87.2,4.97,Medium,0.3204,PASS,17.082,14.92,18.69,0.0206,OK,stress_weighted_rate=0.094 is -0.6 SD from normal-pass average | rate_0_24=0.019 is -0.5 SD from normal-pass average | pct_change_24_0=0.033 is -0.4 SD from normal-pass average,False,None,Normal,17.082,15.599,0.45399999999999885,1.4830000000000005,-0.5
CMP01513,B1013,Resistor_Precision,2026-01-19,2026-01-25,90.5,5.11,6.036,6.506,50.0,B1013,6.036,6.506,90.5,5.11,High,0.2887,PASS,9.86,7.59,16.63,0.02329,OK,temp_deviation_from_85=5.500 is +0.9 SD from normal-pass average | stress_weighted_rate=0.100 is -0.5 SD from normal-pass average | rate_0_24=0.020 is -0.4 SD from normal-pass average,False,None,Normal,9.86,8.183,0.47000000000000064,1.6769999999999996,-0.71
CMP01619,B1006,MOSFET,2026-01-16,2026-01-27,90.8,5.33,5.071,5.2,50.0,B1006,5.071,5.2,90.8,5.33,High,0.2963,PASS,8.778,6.65,13.9,0.02485,OK,rate_0_24=0.005 is -1.5 SD from normal-pass average | stress_weighted_rate=0.029 is -1.5 SD from normal-pass average | temp_deviation_from_85=5.800 is +1.0 SD from normal-pass average,False,None,Normal,8.778,6.989,0.12900000000000045,1.7890000000000006,-0.66
CMP00381,B1024,Diode_Zener,2026-07-18,2026-07-21,71.8,4.69,5.194,5.687,50.0,B1024,5.194,5.687,71.8,4.69,Low,0.3092,PASS,10.056,7.57,11.97,0.03034,OK,temp_deviation_from_85=-13.200 is -2.2 SD from normal-pass average | stress_weighted_rate=0.096 is -0.6 SD from normal-pass average | rate_0_24=0.021 is -0.3 SD from normal-pass average,False,None,Normal,10.056,7.871,0.4930000000000003,2.1849999999999987,-0.58
CMP01674,B1044,Resistor_Precision,2026-01-19,2026-01-23,87.2,5.52,5.125,5.626,50.0,B1044,5.125,5.626,87.2,5.52,Medium,0.2817,PASS,8.972,6.98,9.66,0.02324,OK,temp_deviation_from_85=2.200 is +0.4 SD from normal-pass average | rate_0_24=0.021 is -0.3 SD from normal-pass average | stress_weighted_rate=0.115 is -0.3 SD from normal-pass average,False,None,Normal,8.972,7.299,0.5010000000000003,1.6729999999999992,-0.76
CMP00451,B1025,IC_Digital,2026-04-23,2026-05-05,86.0,6.38,7.965,8.357,50.0,B1025,7.965,8.357,86.0,6.38,Medium,0.4295,REJECT,12.377,9.43,17.31,0.02792,OK,rate_0_24=0.016 is -0.7 SD from normal-pass average | stress_weighted_rate=0.104 is -0.5 SD from normal-pass average | pct_change_24_0=0.049 is -0.3 SD from normal-pass average,True,Medium,Lot-Relative Drift,12.377,10.367,0.39199999999999946,2.01,0.22
CMP00308,B1029,Tantalum_Capacitor,2026-01-22,2026-02-05,87.0,5.8,11.18,11.572,50.0,B1029,11.18,11.572,87.0,5.8,Medium,0.3013,PASS,15.827,12.88,15.96,0.02955,OK,rate_0_24=0.016 is -0.7 SD from normal-pass average | stress_weighted_rate=0.095 is -0.6 SD from normal-pass average | pct_change_24_0=0.035 is -0.4 SD from normal-pass average,False,None,Normal,15.827,13.7,0.39199999999999946,2.1270000000000007,-0.63
CMP04907,B1029,IC_Digital,2026-07-15,2026-07-25,79.5,5.24,,7.435,50.0,B1029,,7.435,79.5,5.24,Low,0.5077,REJECT,11.776,8.61,17.84,0.03014,OK,Value_0h_was_missing=1.000 is +7.9 SD from normal-pass average | temp_deviation_from_85=-5.500 is -0.9 SD from normal-pass average | Chamber_Temperature_C_was_missing=0.000 is -0.1 SD from normal-pass average,True,High,Lot-Relative Drift,11.776,9.606,,2.17,0.75
CMP01967,B1005,Diode_Zener,2026-02-20,2026-02-23,90.7,5.7,6.452,6.579,50.0,B1005,6.452,6.579,90.7,5.7,High,0.2403,PASS,9.98,7.47,14.08,0.02362,OK,rate_0_24=0.005 is -1.5 SD from normal-pass average | stress_weighted_rate=0.030 is -1.5 SD from normal-pass average | temp_deviation_from_85=5.700 is +1.0 SD from normal-pass average,False,None,Normal,9.98,8.28,0.12699999999999978,1.700000000000001,-1.04
CMP03005,B1010,Relay_Electromech,2026-01-19,2026-01-29,84.9,5.6,12.71,13.091,50.0,B1010,12.71,13.091,84.9,5.6,Medium,0.3023,PASS,16.6,14.09,16.77,0.02437,OK,rate_0_24=0.016 is -0.7 SD from normal-pass average | stress_weighted_rate=0.089 is -0.7 SD from normal-pass average | pct_change_24_0=0.030 is -0.5 SD from normal-pass average,False,None,Normal,16.6,14.846,0.38099999999999845,1.7540000000000013,-0.62
CMP00054,B1015,Diode_Zener,2026-03-10,2026-03-19,78.1,5.5,8.897,9.563,50.0,B1015,8.897,9.563,78.1,5.5,Low,0.3872,PASS,14.737,10.62,17.54,0.03593,OK,temp_deviation_from_85=-6.900 is -1.2 SD from normal-pass average | rate_0_24=0.028 is +0.2 SD from normal-pass average | stress_weighted_rate=0.153 is +0.2 SD from normal-pass average,False,None,Normal,14.737,12.15,0.6660000000000004,2.5869999999999997,-0.06
CMP04197,B1018,Tantalum_Capacitor,2026-06-29,2026-07-08,85.4,5.59,10.02,11.145,50.0,B1018,10.02,11.145,85.4,5.59,Medium,0.5308,REJECT,15.477,12.28,27.09,0.03009,OK,stress_weighted_rate=0.262 is +1.8 SD from normal-pass average | rate_0_24=0.047 is +1.8 SD from normal-pass average | Chamber_Temperature_C_was_missing=0.000 is -0.1 SD from normal-pass average,True,High,Lot-Relative Drift,15.477,13.311,1.125,2.1660000000000004,0.9
CMP02659,B1005,Relay_Electromech,2026-07-03,2026-07-17,94.8,5.71,12.111,12.74,50.0,B1005,12.111,12.74,94.8,5.71,High,0.4004,REJECT,16.759,14.6,20.41,0.02791,OK,temp_deviation_from_85=9.800 is +1.6 SD from normal-pass average | pct_change_24_0=0.052 is -0.3 SD from normal-pass average | stress_weighted_rate=0.150 is +0.2 SD from normal-pass average,True,Medium,Lot-Relative Drift,16.759,14.75,0.6289999999999996,2.0090000000000003,0.03
CMP03953,B1026,Resistor_Precision,2026-02-26,2026-03-11,88.6,5.48,3.218,3.314,50.0,B1026,3.218,3.314,88.6,5.48,Medium,0.2983,PASS,6.692,4.84,9.47,0.02346,OK,rate_0_24=0.004 is -1.6 SD from normal-pass average | stress_weighted_rate=0.022 is -1.6 SD from normal-pass average | temp_deviation_from_85=3.600 is +0.6 SD from normal-pass average,False,None,Normal,6.692,5.003,0.09600000000000009,1.689,-0.65
CMP00099,B1043,Transistor_BJT,2026-01-22,2026-02-05,78.3,5.03,4.36,5.376,50.0,B1043,4.36,5.376,78.3,5.03,Low,0.5469,REJECT,10.568,6.85,17.89,0.03605,OK,rate_0_24=0.042 is +1.4 SD from normal-pass average | temp_deviation_from_85=-6.700 is -1.1 SD from normal-pass average | stress_weighted_rate=0.213 is +1.1 SD from normal-pass average,True,High,Lot-Relative Drift,10.568,7.972,1.016,2.595999999999999,1.01
CMP04751,B1036,Relay_Electromech,2026-05-14,2026-05-28,93.6,5.26,11.213,11.898,50.0,B1036,11.213,11.898,93.6,5.26,High,0.3862,PASS,15.812,13.24,17.5,0.02718,OK,temp_deviation_from_85=8.600 is +1.4 SD from normal-pass average | rate_0_24=0.029 is +0.3 SD from normal-pass average | pct_change_24_0=0.061 is -0.2 SD from normal-pass average,False,None,Normal,15.812,13.855,0.6850000000000005,1.956999999999999,-0.06
CMP01715,B1011,Transistor_BJT,2026-04-14,2026-04-24,78.1,6.54,6.755,7.312,50.0,B1011,6.755,7.312,78.1,6.54,Low,0.4106,REJECT,11.518,8.34,8.28,0.02921,OK,temp_deviation_from_85=-6.900 is -1.2 SD from normal-pass average | stress_weighted_rate=0.152 is +0.2 SD from normal-pass average | Chamber_Temperature_C_was_missing=0.000 is -0.1 SD from normal-pass average,True,Medium,Lot-Relative Drift,11.518,9.415,0.5570000000000004,2.1030000000000015,0.1
CMP01869,B1003,IC_Digital,2026-06-18,2026-07-02,91.7,6.2,10.473,11.598,50.0,B1003,10.473,11.598,91.7,6.2,High,0.5738,REJECT,16.195,13.35,26.76,0.03192,OK,stress_weighted_rate=0.291 is +2.2 SD from normal-pass average | rate_0_24=0.047 is +1.8 SD from normal-pass average | temp_deviation_from_85=6.700 is +1.1 SD from normal-pass average,True,High,Lot-Relative Drift,16.195,13.896,1.125,2.2989999999999995,1.19
CMP01684,B1045,MOSFET,2026-04-03,2026-04-12,76.9,5.9,7.288,8.339,50.0,B1045,7.288,8.339,76.9,5.9,Low,0.5927,REJECT,13.536,9.84,24.14,0.03609,OK,stress_weighted_rate=0.258 is +1.7 SD from normal-pass average | rate_0_24=0.044 is +1.5 SD from normal-pass average | temp_deviation_from_85=-8.100 is -1.4 SD from normal-pass average,True,High,Lot-Relative Drift,13.536,10.938,1.0510000000000002,2.597999999999999,1.31
CMP01126,B1025,IC_Analog,2026-02-05,2026-02-13,95.8,5.55,8.306,10.13,50.0,B1025,8.306,10.13,95.8,5.55,High,0.9605,REJECT,25.977,15.04,34.2,0.11005,EARLY_REJECT,rate_0_24=0.076 is +4.1 SD from normal-pass average | stress_weighted_rate=0.422 is +4.0 SD from normal-pass average | temp_deviation_from_85=10.800 is +1.8 SD from normal-pass average,True,Critical,Accelerating Drift,25.977,18.054,1.8240000000000016,7.923000000000002,3.76
CMP03060,B1005,Relay_Electromech,2026-03-09,2026-03-20,75.2,5.11,10.09,10.451,50.0,B1005,10.09,10.451,75.2,5.11,Low,0.2804,PASS,14.341,11.78,13.06,0.02701,OK,temp_deviation_from_85=-9.800 is -1.6 SD from normal-pass average | stress_weighted_rate=0.077 is -0.8 SD from normal-pass average | rate_0_24=0.015 is -0.8 SD from normal-pass average,False,None,Normal,14.341,12.396,0.36100000000000065,1.9449999999999985,-0.77
CMP01507,B1049,IC_Analog,2026-05-16,2026-05-22,89.7,5.69,8.957,9.764,50.0,B1049,8.957,9.764,89.7,5.69,Medium,0.3865,PASS,14.793,11.02,21.7,0.03492,OK,temp_deviation_from_85=4.700 is +0.8 SD from normal-pass average | stress_weighted_rate=0.191 is +0.8 SD from normal-pass average | rate_0_24=0.034 is +0.7 SD from normal-pass average,False,None,Normal,14.793,12.278,0.8069999999999986,2.514999999999999,-0.06
CMP02357,B1004,IC_Digital,2026-04-20,2026-05-04,87.7,5.72,6.544,7.095,50.0,B1004,6.544,7.095,87.7,5.72,Medium,0.3797,PASS,10.188,8.23,10.79,0.02148,OK,temp_deviation_from_85=2.700 is +0.5 SD from normal-pass average | rate_0_24=0.023 is -0.1 SD from normal-pass average | Chamber_Temperature_C_was_missing=0.000 is -0.1 SD from normal-pass average,False,None,Normal,10.188,8.642,0.5510000000000002,1.5460000000000012,-0.11
CMP02261,B1024,MOSFET,2026-03-10,2026-03-15,85.9,5.31,4.082,4.923,50.0,B1024,4.082,4.923,85.9,5.31,Medium,0.4176,REJECT,9.32,6.16,18.66,0.03054,OK,rate_0_24=0.035 is +0.8 SD from normal-pass average | pct_change_24_0=0.206 is +0.7 SD from normal-pass average | stress_weighted_rate=0.186 is +0.7 SD from normal-pass average,True,Medium,Lot-Relative Drift,9.32,7.122,0.8410000000000002,2.1980000000000004,0.15
CMP00023,B1048,Transistor_BJT,2026-03-28,2026-04-01,87.0,6.06,6.136,6.929,50.0,B1048,6.136,6.929,87.0,6.06,Medium,0.4273,REJECT,11.056,8.45,24.06,0.02866,OK,stress_weighted_rate=0.200 is +0.9 SD from normal-pass average | rate_0_24=0.033 is +0.7 SD from normal-pass average | temp_deviation_from_85=2.000 is +0.3 SD from normal-pass average,True,Medium,Lot-Relative Drift,11.056,8.992,0.7930000000000001,2.0639999999999983,0.21
CMP02322,B1048,Diode_Zener,2026-05-26,2026-05-31,89.6,5.33,3.563,3.908,50.0,B1048,3.563,3.908,89.6,5.33,Medium,0.2064,PASS,6.28,4.95,7.35,0.01647,OK,stress_weighted_rate=0.077 is -0.8 SD from normal-pass average | rate_0_24=0.014 is -0.8 SD from normal-pass average | temp_deviation_from_85=4.600 is +0.8 SD from normal-pass average,False,None,Normal,6.28,5.094,0.34499999999999975,1.186,-1.26
CMP00709,B1008,Diode_Zener,2026-01-18,2026-01-21,83.5,4.79,2.57,2.62,50.0,B1008,2.57,2.62,83.5,4.79,Medium,0.2958,PASS,6.37,3.6,15.61,0.02604,OK,rate_0_24=0.002 is -1.8 SD from normal-pass average | stress_weighted_rate=0.010 is -1.8 SD from normal-pass average | pct_change_24_0=0.019 is -0.5 SD from normal-pass average,False,None,Normal,6.37,4.495,0.050000000000000266,1.875,-0.67
CMP03862,B1046,MOSFET,2026-02-23,2026-03-08,86.3,5.11,5.649,5.82,50.0,B1046,5.649,5.82,86.3,5.11,Medium,0.2953,PASS,9.34,6.92,13.01,0.02444,OK,stress_weighted_rate=0.036 is -1.4 SD from normal-pass average | rate_0_24=0.007 is -1.4 SD from normal-pass average | pct_change_24_0=0.030 is -0.4 SD from normal-pass average,False,None,Normal,9.34,7.58,0.17100000000000026,1.7599999999999998,-0.67
CMP03120,B1037,Relay_Electromech,2026-04-11,2026-04-15,83.9,4.56,11.618,12.098,50.0,B1037,11.618,12.098,83.9,4.56,Medium,0.3203,PASS,15.724,13.4,20.5,0.02518,OK,stress_weighted_rate=0.091 is -0.6 SD from normal-pass average | rate_0_24=0.020 is -0.4 SD from normal-pass average | pct_change_24_0=0.041 is -0.4 SD from normal-pass average,False,None,Normal,15.724,13.911,0.4800000000000004,1.8130000000000006,-0.5
CMP05240,B1001,Resistor_Precision,2026-01-04,2026-01-07,81.0,5.08,3.123,3.852,50.0,B1001,3.123,3.852,81.0,5.08,Medium,0.3378,PASS,6.455,5.03,8.08,0.01807,OK,pct_change_24_0=0.233 is +0.9 SD from normal-pass average | temp_deviation_from_85=-4.000 is -0.7 SD from normal-pass average | rate_0_24=0.030 is +0.4 SD from normal-pass average,False,None,Normal,6.455,5.154,0.7289999999999996,1.3010000000000002,-0.39
CMP01198,B1028,Resistor_Precision,2026-06-27,2026-07-03,86.1,5.45,2.876,3.137,50.0,B1028,2.876,3.137,86.1,5.45,Medium,0.2626,PASS,6.019,4.53,5.5,0.02001,OK,rate_0_24=0.011 is -1.1 SD from normal-pass average | stress_weighted_rate=0.059 is -1.1 SD from normal-pass average | temp_deviation_from_85=1.100 is +0.2 SD from normal-pass average,False,None,Normal,6.019,4.578,0.2610000000000001,1.4409999999999998,-0.89
CMP05237,B1036,IC_Digital,2026-04-28,2026-05-03,89.5,5.51,7.502,8.787,50.0,B1036,7.502,8.787,89.5,5.51,Medium,0.6819,REJECT,16.237,10.5,32.01,0.05174,OK,rate_0_24=0.054 is +2.3 SD from normal-pass average | stress_weighted_rate=0.295 is +2.3 SD from normal-pass average | temp_deviation_from_85=4.500 is +0.8 SD from normal-pass average,True,High,Lot-Relative Drift,16.237,12.512,1.285000000000001,3.724999999999998,1.91
CMP01602,B1036,Tantalum_Capacitor,2026-06-22,2026-07-04,87.5,5.32,12.828,13.096,50.0,B1036,12.828,13.096,87.5,5.32,Medium,0.2705,PASS,17.302,14.14,18.6,0.02921,OK,stress_weighted_rate=0.059 is -1.1 SD from normal-pass average | rate_0_24=0.011 is -1.1 SD from normal-pass average | pct_change_24_0=0.021 is -0.5 SD from normal-pass average,False,None,Normal,17.302,15.199,0.2680000000000007,2.1029999999999998,-0.84
CMP00164,B1018,Relay_Electromech,2026-05-06,2026-05-18,85.2,4.99,7.919,8.091,50.0,B1018,7.919,8.091,85.2,4.99,Medium,0.2939,PASS,13.07,9.53,15.34,0.03458,OK,stress_weighted_rate=0.036 is -1.4 SD from normal-pass average | rate_0_24=0.007 is -1.4 SD from normal-pass average | pct_change_24_0=0.022 is -0.5 SD from normal-pass average,False,None,Normal,13.07,10.58,0.1719999999999997,2.49,-0.68
CMP02435,B1017,Transistor_BJT,2026-05-23,2026-05-28,75.8,4.84,6.505,6.811,50.0,B1017,6.505,6.811,75.8,4.84,Low,0.2851,PASS,10.485,8.28,16.74,0.02551,OK,temp_deviation_from_85=-9.200 is -1.5 SD from normal-pass average | stress_weighted_rate=0.062 is -1.1 SD from normal-pass average | rate_0_24=0.013 is -1.0 SD from normal-pass average,False,None,Normal,10.485,8.648,0.30600000000000005,1.8369999999999997,-0.74
CMP01070,B1002,IC_Analog,2026-03-07,2026-03-19,91.4,5.48,10.168,10.921,50.0,B1002,10.168,10.921,91.4,5.48,High,0.343,PASS,15.421,12.25,19.21,0.03125,OK,temp_deviation_from_85=6.400 is +1.1 SD from normal-pass average | rate_0_24=0.031 is +0.5 SD from normal-pass average | stress_weighted_rate=0.172 is +0.5 SD from normal-pass average,False,None,Normal,15.421,13.171,0.7530000000000001,2.25,-0.35
CMP00937,B1026,IC_Digital,2026-03-19,2026-04-01,87.7,6.03,7.28,7.658,50.0,B1026,7.28,7.658,87.7,6.03,Medium,0.368,PASS,12.25,8.84,15.53,0.03189,OK,rate_0_24=0.016 is -0.7 SD from normal-pass average | stress_weighted_rate=0.095 is -0.6 SD from normal-pass average | temp_deviation_from_85=2.700 is +0.5 SD from normal-pass average,False,None,Normal,12.25,9.954,0.3780000000000001,2.2959999999999994,-0.19
CMP04025,B1006,Diode_Zener,2026-07-12,2026-07-23,,5.99,5.221,5.876,50.0,B1006,5.221,5.876,,5.99,Low,0.3071,PASS,9.208,7.03,11.14,0.02314,OK,Chamber_Temperature_C_was_missing=1.000 is +7.7 SD from normal-pass average | stress_weighted_rate=0.163 is +0.4 SD from normal-pass average | rate_0_24=0.027 is +0.2 SD from normal-pass average,False,None,Normal,9.208,7.542,0.6550000000000002,1.6660000000000004,-0.59
CMP03500,B1038,Resistor_Precision,2026-05-24,2026-05-30,86.4,6.48,7.956,9.061,50.0,B1038,7.956,9.061,86.4,6.48,Medium,0.6715,REJECT,15.611,10.31,32.58,0.04549,OK,stress_weighted_rate=0.298 is +2.3 SD from normal-pass average | rate_0_24=0.046 is +1.7 SD from normal-pass average | pct_change_24_0=0.139 is +0.3 SD from normal-pass average,True,High,Lot-Relative Drift,15.611,12.336,1.1049999999999995,3.2750000000000004,1.84
CMP03251,B1018,Diode_Zener,2026-02-10,2026-02-22,86.4,5.7,7.191,7.866,50.0,B1018,7.191,7.866,86.4,5.7,Medium,0.3265,PASS,12.362,9.1,17.88,0.03122,OK,stress_weighted_rate=0.160 is +0.3 SD from normal-pass average | rate_0_24=0.028 is +0.3 SD from normal-pass average | temp_deviation_from_85=1.400 is +0.2 SD from normal-pass average,False,None,Normal,12.362,10.114,0.6749999999999998,2.2479999999999993,-0.46
CMP04377,B1040,Tantalum_Capacitor,2026-05-22,2026-06-05,90.5,5.6,9.015,9.436,50.0,B1040,9.015,9.436,90.5,5.6,High,0.3114,PASS,13.472,10.46,14.07,0.02802,OK,temp_deviation_from_85=5.500 is +0.9 SD from normal-pass average | rate_0_24=0.018 is -0.6 SD from normal-pass average | stress_weighted_rate=0.098 is -0.5 SD from normal-pass average,False,None,Normal,13.472,11.454,0.4209999999999994,2.017999999999999,-0.56
CMP04911,B1008,IC_Analog,2026-02-05,2026-02-16,84.1,5.18,12.908,12.807,50.0,B1008,12.908,12.807,84.1,5.18,Medium,0.5105,REJECT,17.438,14.3,24.3,0.03216,OK,rate_0_24=-0.004 is -2.3 SD from normal-pass average | stress_weighted_rate=-0.022 is -2.2 SD from normal-pass average | pct_change_24_0=-0.008 is -0.7 SD from normal-pass average,True,High,Lot-Relative Drift,17.438,15.122,-0.10099999999999909,2.315999999999999,0.76
CMP04979,B1033,IC_Digital,2026-06-05,2026-06-18,87.9,5.63,8.345,9.421,50.0,B1033,8.345,9.421,87.9,5.63,Medium,0.6112,REJECT,17.161,10.58,32.6,0.05375,OK,stress_weighted_rate=0.252 is +1.6 SD from normal-pass average | rate_0_24=0.045 is +1.6 SD from normal-pass average | temp_deviation_from_85=2.900 is +0.5 SD from normal-pass average,True,High,Lot-Relative Drift,17.161,13.291,1.0759999999999987,3.870000000000001,1.44
CMP04133,B1008,IC_Digital,2026-01-28,2026-02-08,80.2,5.28,8.505,9.158,50.0,B1008,8.505,9.158,80.2,5.28,Medium,0.4811,REJECT,13.669,10.5,18.2,0.03132,OK,temp_deviation_from_85=-4.800 is -0.8 SD from normal-pass average | rate_0_24=0.027 is +0.2 SD from normal-pass average | pct_change_24_0=0.077 is -0.1 SD from normal-pass average,True,Medium,Lot-Relative Drift,13.669,11.414,0.6529999999999987,2.255000000000001,0.57
CMP04246,B1046,Tantalum_Capacitor,2026-04-28,2026-05-11,83.7,5.07,5.396,6.358,50.0,B1046,5.396,6.358,83.7,5.07,Medium,0.4991,REJECT,10.677,7.48,19.61,0.02999,OK,rate_0_24=0.040 is +1.2 SD from normal-pass average | stress_weighted_rate=0.203 is +0.9 SD from normal-pass average | pct_change_24_0=0.178 is +0.5 SD from normal-pass average,True,Medium,Lot-Relative Drift,10.677,8.518,0.9619999999999997,2.158999999999999,0.69
CMP01854,B1047,IC_Digital,2026-03-15,2026-03-20,88.5,5.05,7.579,,50.0,B1047,7.579,,88.5,5.05,Medium,0.5203,REJECT,15.082,9.14,22.38,,OK,Value_24h_was_missing=1.000 is +8.9 SD from normal-pass average | temp_deviation_from_85=3.500 is +0.6 SD from normal-pass average | Chamber_Temperature_C_was_missing=0.000 is -0.1 SD from normal-pass average,True,High,Lot-Relative Drift,15.082,,,,0.83
CMP04319,B1037,Transistor_BJT,2026-03-01,2026-03-11,85.5,5.69,2.676,3.251,50.0,B1037,2.676,3.251,85.5,5.69,Medium,0.2965,PASS,5.879,4.73,6.2,0.01825,OK,pct_change_24_0=0.215 is +0.8 SD from normal-pass average | Chamber_Temperature_C_was_missing=0.000 is -0.1 SD from normal-pass average | Value_0h_was_missing=0.000 is -0.1 SD from normal-pass average,False,None,Normal,5.879,4.565,0.5749999999999997,1.3139999999999992,-0.66
CMP03747,B1004,Diode_Zener,2026-03-25,2026-04-05,89.6,5.91,7.379,7.645,50.0,B1004,7.379,7.645,89.6,5.91,Medium,0.2159,PASS,12.197,8.49,13.04,0.03161,OK,rate_0_24=0.011 is -1.1 SD from normal-pass average | stress_weighted_rate=0.066 is -1.0 SD from normal-pass average | temp_deviation_from_85=4.600 is +0.8 SD from normal-pass average,False,None,Normal,12.197,9.921,0.266,2.276,-1.2
CMP01351,B1028,Transistor_BJT,2026-03-15,2026-03-20,80.3,5.49,5.943,6.15,50.0,B1028,5.943,6.15,80.3,5.49,Medium,0.2984,PASS,9.772,7.7,9.32,0.02515,OK,rate_0_24=0.009 is -1.3 SD from normal-pass average | stress_weighted_rate=0.047 is -1.3 SD from normal-pass average | temp_deviation_from_85=-4.700 is -0.8 SD from normal-pass average,False,None,Normal,9.772,7.961,0.20700000000000074,1.811,-0.65
CMP02880,B1038,IC_Digital,2026-05-14,2026-05-23,79.9,5.86,6.638,7.409,50.0,B1038,6.638,7.409,79.9,5.86,Low,0.4907,REJECT,11.183,8.38,30.53,0.02621,OK,temp_deviation_from_85=-5.100 is -0.8 SD from normal-pass average | stress_weighted_rate=0.188 is +0.7 SD from normal-pass average | rate_0_24=0.032 is +0.6 SD from normal-pass average,True,Medium,Lot-Relative Drift,11.183,9.296,0.7709999999999999,1.8870000000000005,0.63
CMP04520,B1045,IC_Digital,2026-03-27,2026-04-08,88.2,5.39,10.627,11.511,50.0,B1045,10.627,11.511,88.2,5.39,Medium,0.4775,REJECT,15.554,12.9,23.17,0.02807,OK,rate_0_24=0.037 is +1.0 SD from normal-pass average | stress_weighted_rate=0.199 is +0.9 SD from normal-pass average | temp_deviation_from_85=3.200 is +0.5 SD from normal-pass average,True,Medium,Lot-Relative Drift,15.554,13.532,0.8839999999999986,2.0220000000000002,0.54
CMP02320,B1006,Diode_Zener,2026-04-15,2026-04-24,83.8,5.33,5.069,5.195,50.0,B1006,5.069,5.195,83.8,5.33,Medium,0.2881,PASS,8.659,6.63,12.3,0.02405,OK,rate_0_24=0.005 is -1.5 SD from normal-pass average | stress_weighted_rate=0.028 is -1.5 SD from normal-pass average | pct_change_24_0=0.025 is -0.5 SD from normal-pass average,False,None,Normal,8.659,6.927,0.12600000000000033,1.732000000000001,-0.72
CMP02868,B1045,IC_Digital,2026-06-15,2026-06-20,82.6,4.85,7.47,8.087,50.0,B1045,7.47,8.087,82.6,4.85,Medium,0.4459,REJECT,12.41,9.59,17.88,0.03002,OK,temp_deviation_from_85=-2.400 is -0.4 SD from normal-pass average | stress_weighted_rate=0.125 is -0.2 SD from normal-pass average | Chamber_Temperature_C_was_missing=0.000 is -0.1 SD from normal-pass average,True,Medium,Lot-Relative Drift,12.41,10.248,0.617,2.162000000000001,0.33
CMP04877,B1034,MOSFET,2026-06-28,2026-07-06,89.9,5.81,5.293,5.972,50.0,B1034,5.293,5.972,89.9,5.81,Medium,0.3549,PASS,9.289,7.18,9.22,0.02304,OK,temp_deviation_from_85=4.900 is +0.8 SD from normal-pass average | stress_weighted_rate=0.164 is +0.4 SD from normal-pass average | rate_0_24=0.028 is +0.3 SD from normal-pass average,False,None,Normal,9.289,7.63,0.6790000000000003,1.6589999999999998,-0.27
CMP01425,B1017,Resistor_Precision,2026-01-01,2026-01-13,80.6,5.36,3.994,4.438,50.0,B1017,3.994,4.438,80.6,5.36,Medium,0.2898,PASS,7.603,5.98,11.75,0.02198,OK,temp_deviation_from_85=-4.400 is -0.7 SD from normal-pass average | stress_weighted_rate=0.099 is -0.5 SD from normal-pass average | rate_0_24=0.018 is -0.5 SD from normal-pass average,False,None,Normal,7.603,6.02,0.4439999999999995,1.5830000000000002,-0.71
CMP04208,B1040,Transistor_BJT,2026-02-07,2026-02-17,86.2,5.53,7.563,7.622,50.0,B1040,7.563,7.622,86.2,5.53,Medium,0.3306,PASS,14.025,8.89,15.67,0.04446,OK,rate_0_24=0.002 is -1.8 SD from normal-pass average | stress_weighted_rate=0.014 is -1.7 SD from normal-pass average | pct_change_24_0=0.008 is -0.6 SD from normal-pass average,False,None,Normal,14.025,10.824,0.05900000000000016,3.2010000000000005,-0.43
CMP03974,B1009,Tantalum_Capacitor,2026-04-09,2026-04-13,92.8,5.43,9.209,9.855,50.0,B1009,9.209,9.855,92.8,5.43,High,0.4251,REJECT,15.252,10.82,15.11,0.03748,OK,temp_deviation_from_85=7.800 is +1.3 SD from normal-pass average | pct_change_24_0=0.070 is -0.2 SD from normal-pass average | rate_0_24=0.027 is +0.2 SD from normal-pass average,True,Medium,Lot-Relative Drift,15.252,12.554,0.6460000000000008,2.6980000000000004,0.2
CMP01802,B1025,Transistor_BJT,2026-06-17,2026-06-21,76.3,5.18,5.039,5.724,50.0,B1025,5.039,5.724,76.3,5.18,Low,0.3867,PASS,9.693,7.1,10.03,0.02756,OK,temp_deviation_from_85=-8.700 is -1.5 SD from normal-pass average | rate_0_24=0.029 is +0.3 SD from normal-pass average | pct_change_24_0=0.136 is +0.2 SD from normal-pass average,False,None,Normal,9.693,7.708,0.6850000000000005,1.9849999999999994,-0.06
CMP01459,B1043,MOSFET,2026-03-11,2026-03-19,90.5,5.31,7.568,7.986,50.0,B1043,7.568,7.986,90.5,5.31,High,0.2856,PASS,12.203,9.23,14.12,0.02928,OK,temp_deviation_from_85=5.500 is +0.9 SD from normal-pass average | stress_weighted_rate=0.092 is -0.6 SD from normal-pass average | rate_0_24=0.017 is -0.6 SD from normal-pass average,False,None,Normal,12.203,10.094,0.41800000000000015,2.109,-0.73
CMP02440,B1023,Tantalum_Capacitor,2026-04-17,2026-05-01,89.5,5.34,8.773,9.175,50.0,B1023,8.773,9.175,89.5,5.34,Medium,0.2932,PASS,13.523,10.61,14.28,0.0302,OK,temp_deviation_from_85=4.500 is +0.8 SD from normal-pass average | stress_weighted_rate=0.089 is -0.7 SD from normal-pass average | rate_0_24=0.017 is -0.6 SD from normal-pass average,False,None,Normal,13.523,11.349,0.402000000000001,2.1739999999999995,-0.68
CMP05012,B1032,MOSFET,2026-03-20,2026-03-24,93.7,5.08,6.031,6.6,50.0,B1032,6.031,6.6,93.7,5.08,High,0.2915,PASS,10.995,7.78,14.09,0.03052,OK,temp_deviation_from_85=8.700 is +1.5 SD from normal-pass average | stress_weighted_rate=0.120 is -0.2 SD from normal-pass average | Chamber_Temperature_C_was_missing=0.000 is -0.1 SD from normal-pass average,False,None,Normal,10.995,8.798,0.569,2.196999999999999,-0.7
CMP03068,B1038,MOSFET,2026-03-05,2026-03-11,86.7,4.71,7.394,8.024,50.0,B1038,7.394,8.024,86.7,4.71,Medium,0.3411,PASS,12.294,9.55,14.32,0.02966,OK,temp_deviation_from_85=1.700 is +0.3 SD from normal-pass average | stress_weighted_rate=0.124 is -0.2 SD from normal-pass average | Chamber_Temperature_C_was_missing=0.000 is -0.1 SD from normal-pass average,False,None,Normal,12.294,10.159,0.629999999999999,2.135,-0.36
CMP05722,B1011,Diode_Zener,2026-06-22,2026-06-27,80.5,5.83,5.165,5.597,50.0,B1011,5.165,5.597,80.5,5.83,Medium,0.2828,PASS,8.94,6.91,8.71,0.02322,OK,temp_deviation_from_85=-4.500 is -0.7 SD from normal-pass average | rate_0_24=0.018 is -0.5 SD from normal-pass average | stress_weighted_rate=0.105 is -0.4 SD from normal-pass average,False,None,Normal,8.94,7.268,0.4320000000000004,1.6719999999999997,-0.75
CMP04627,B1018,IC_Analog,2026-06-09,2026-06-20,75.7,4.77,6.401,6.603,50.0,B1018,6.401,6.603,75.7,4.77,Low,0.2981,PASS,10.76,7.99,10.78,0.02887,OK,temp_deviation_from_85=-9.300 is -1.6 SD from normal-pass average | stress_weighted_rate=0.040 is -1.4 SD from normal-pass average | rate_0_24=0.008 is -1.3 SD from normal-pass average,False,None,Normal,10.76,8.682,0.20199999999999996,2.0779999999999994,-0.65
CMP05954,B1011,Tantalum_Capacitor,2026-04-12,2026-04-24,76.8,5.28,8.147,8.85,50.0,B1011,8.147,8.85,76.8,5.28,Low,0.4673,REJECT,12.586,10.18,15.83,0.02594,OK,temp_deviation_from_85=-8.200 is -1.4 SD from normal-pass average | rate_0_24=0.029 is +0.4 SD from normal-pass average | stress_weighted_rate=0.155 is +0.3 SD from normal-pass average,True,Medium,Lot-Relative Drift,12.586,10.718,0.7029999999999994,1.8680000000000003,0.48
CMP04328,B1033,IC_Digital,2026-04-01,2026-04-14,71.8,5.38,7.024,7.972,50.0,B1033,7.024,7.972,71.8,5.38,Low,0.4758,REJECT,12.94,9.26,16.84,0.0345,OK,temp_deviation_from_85=-13.200 is -2.2 SD from normal-pass average | rate_0_24=0.040 is +1.2 SD from normal-pass average | stress_weighted_rate=0.213 is +1.1 SD from normal-pass average,True,Medium,Lot-Relative Drift,12.94,10.456,0.9480000000000004,2.484,0.53
CMP04295,B1028,MOSFET,2026-03-03,2026-03-08,,5.41,7.29,7.675,50.0,B1028,7.29,7.675,,5.41,Low,0.3013,PASS,12.363,9.04,14.37,0.03255,OK,Chamber_Temperature_C_was_missing=1.000 is +7.7 SD from normal-pass average | stress_weighted_rate=0.087 is -0.7 SD from normal-pass average | rate_0_24=0.016 is -0.7 SD from normal-pass average,False,None,Normal,12.363,10.019,0.3849999999999998,2.3439999999999994,-0.63
CMP00505,B1044,Resistor_Precision,2026-05-07,2026-05-17,89.7,5.08,4.318,4.877,50.0,B1044,4.318,4.877,89.7,5.08,Medium,0.2595,PASS,8.311,6.08,9.05,0.02385,OK,temp_deviation_from_85=4.700 is +0.8 SD from normal-pass average | stress_weighted_rate=0.118 is -0.3 SD from normal-pass average | pct_change_24_0=0.129 is +0.2 SD from normal-pass average,False,None,Normal,8.311,6.594,0.5590000000000002,1.7169999999999996,-0.91
CMP05346,B1033,Relay_Electromech,2026-07-17,2026-07-30,89.2,5.57,13.031,13.458,50.0,B1033,13.031,13.458,89.2,5.57,Medium,0.3052,PASS,17.334,14.73,18.64,0.02692,OK,temp_deviation_from_85=4.200 is +0.7 SD from normal-pass average | rate_0_24=0.018 is -0.6 SD from normal-pass average | stress_weighted_rate=0.099 is -0.5 SD from normal-pass average,False,None,Normal,17.334,15.396,0.4269999999999996,1.9379999999999988,-0.6
CMP03043,B1010,MOSFET,2026-05-02,2026-05-06,78.9,5.74,8.791,9.667,50.0,B1010,8.791,9.667,78.9,5.74,Low,0.5356,REJECT,14.596,10.8,21.28,0.03423,OK,stress_weighted_rate=0.210 is +1.0 SD from normal-pass average | temp_deviation_from_85=-6.100 is -1.0 SD from normal-pass average | rate_0_24=0.036 is +0.9 SD from normal-pass average,True,High,Lot-Relative Drift,14.596,12.131,0.8759999999999994,2.465,0.93
CMP02897,B1048,Transistor_BJT,2026-07-08,2026-07-13,87.8,5.86,5.473,5.756,50.0,B1048,5.473,5.756,87.8,5.86,Medium,0.2706,PASS,8.963,6.68,9.08,0.02227,OK,rate_0_24=0.012 is -1.0 SD from normal-pass average | stress_weighted_rate=0.069 is -1.0 SD from normal-pass average | temp_deviation_from_85=2.800 is +0.5 SD from normal-pass average,False,None,Normal,8.963,7.36,0.28300000000000036,1.6029999999999989,-0.83
CMP05408,B1041,IC_Analog,2026-03-01,2026-03-13,95.6,4.78,13.818,14.373,50.0,B1041,13.818,14.373,95.6,4.78,High,0.2809,PASS,17.697,15.93,18.08,0.02309,OK,temp_deviation_from_85=10.600 is +1.8 SD from normal-pass average | pct_change_24_0=0.040 is -0.4 SD from normal-pass average | stress_weighted_rate=0.111 is -0.4 SD from normal-pass average,False,None,Normal,17.697,16.035,0.5549999999999997,1.661999999999999,-0.77
CMP03985,B1032,Relay_Electromech,2026-01-28,2026-02-05,80.8,5.29,15.002,16.035,50.0,B1032,15.002,16.035,80.8,5.29,Medium,0.5763,REJECT,20.517,17.85,26.96,0.03113,OK,rate_0_24=0.043 is +1.4 SD from normal-pass average | stress_weighted_rate=0.228 is +1.3 SD from normal-pass average | temp_deviation_from_85=-4.200 is -0.7 SD from normal-pass average,True,High,Lot-Relative Drift,20.517,18.276,1.0329999999999995,2.2409999999999997,1.2
CMP01238,B1034,Transistor_BJT,2026-01-14,2026-01-25,81.1,5.21,7.832,8.294,50.0,B1034,7.832,8.294,81.1,5.21,Medium,0.3537,PASS,12.774,9.44,18.42,0.03111,OK,temp_deviation_from_85=-3.900 is -0.6 SD from normal-pass average | stress_weighted_rate=0.100 is -0.5 SD from normal-pass average | rate_0_24=0.019 is -0.4 SD from normal-pass average,False,None,Normal,12.774,10.534,0.46200000000000063,2.2399999999999984,-0.28
CMP00790,B1042,Transistor_BJT,2026-01-21,2026-01-27,94.5,5.68,,7.355,50.0,B1042,,7.355,94.5,5.68,High,0.3897,PASS,10.781,8.75,10.6,0.02379,OK,Value_0h_was_missing=1.000 is +7.9 SD from normal-pass average | temp_deviation_from_85=9.500 is +1.6 SD from normal-pass average | Chamber_Temperature_C_was_missing=0.000 is -0.1 SD from normal-pass average,False,None,Normal,10.781,9.068,,1.713000000000001,-0.04
CMP05549,B1027,Resistor_Precision,2026-06-14,2026-06-25,83.7,5.27,2.257,2.705,50.0,B1027,2.257,2.705,83.7,5.27,Medium,0.2529,PASS,5.61,4.72,7.69,0.02017,OK,pct_change_24_0=0.198 is +0.7 SD from normal-pass average | stress_weighted_rate=0.098 is -0.5 SD from normal-pass average | rate_0_24=0.019 is -0.5 SD from normal-pass average,False,None,Normal,5.61,4.158,0.44799999999999995,1.452,-0.95
CMP03419,B1040,Diode_Zener,2026-01-19,2026-01-25,78.6,4.98,4.958,5.543,50.0,B1040,4.958,5.543,78.6,4.98,Low,0.2751,PASS,9.319,7.19,9.94,0.02622,OK,temp_deviation_from_85=-6.400 is -1.1 SD from normal-pass average | stress_weighted_rate=0.121 is -0.2 SD from normal-pass average | pct_change_24_0=0.118 is +0.1 SD from normal-pass average,False,None,Normal,9.319,7.431,0.585,1.8880000000000008,-0.8
CMP04448,B1015,Transistor_BJT,2026-04-21,2026-04-25,87.7,5.35,6.676,6.931,50.0,B1015,6.676,6.931,87.7,5.35,Medium,0.271,PASS,10.303,8.21,10.42,0.02342,OK,stress_weighted_rate=0.057 is -1.1 SD from normal-pass average | rate_0_24=0.011 is -1.1 SD from normal-pass average | temp_deviation_from_85=2.700 is +0.5 SD from normal-pass average,False,None,Normal,10.303,8.617,0.2549999999999999,1.686,-0.83
CMP02174,B1034,MOSFET,2026-04-13,2026-04-20,81.5,5.78,5.328,5.662,50.0,B1034,5.328,5.662,81.5,5.78,Medium,0.2857,PASS,9.014,6.84,8.57,0.02328,OK,rate_0_24=0.014 is -0.9 SD from normal-pass average | stress_weighted_rate=0.080 is -0.8 SD from normal-pass average | temp_deviation_from_85=-3.500 is -0.6 SD from normal-pass average,False,None,Normal,9.014,7.338,0.33399999999999963,1.6759999999999993,-0.73
CMP04117,B1031,Resistor_Precision,2026-07-15,2026-07-26,73.9,5.07,3.817,4.434,50.0,B1031,3.817,4.434,73.9,5.07,Low,0.2954,PASS,7.942,5.62,9.1,0.02436,OK,temp_deviation_from_85=-11.100 is -1.9 SD from normal-pass average | pct_change_24_0=0.162 is +0.4 SD from normal-pass average | Chamber_Temperature_C_was_missing=0.000 is -0.1 SD from normal-pass average,False,None,Normal,7.942,6.188,0.617,1.7540000000000004,-0.67
CMP00626,B1044,Tantalum_Capacitor,2026-04-08,2026-04-22,93.1,5.75,,10.52,50.0,B1044,,10.52,93.1,5.75,High,0.4314,REJECT,15.602,11.47,19.29,0.03529,OK,Value_0h_was_missing=1.000 is +7.9 SD from normal-pass average | temp_deviation_from_85=8.100 is +1.4 SD from normal-pass average | Chamber_Temperature_C_was_missing=0.000 is -0.1 SD from normal-pass average,True,Medium,Lot-Relative Drift,15.602,13.061,,2.5410000000000004,0.24
CMP00859,B1002,Resistor_Precision,2026-06-19,2026-06-23,80.5,4.89,4.244,,50.0,B1002,4.244,,80.5,4.89,Medium,0.3956,PASS,8.594,5.87,12.33,,OK,Value_24h_was_missing=1.000 is +8.9 SD from normal-pass average | temp_deviation_from_85=-4.500 is -0.7 SD from normal-pass average | Chamber_Temperature_C_was_missing=0.000 is -0.1 SD from normal-pass average,False,None,Normal,8.594,,,,-0.0
CMP04063,B1036,Relay_Electromech,2026-07-09,2026-07-15,,5.44,17.094,20.162,50.0,B1036,17.094,20.162,,5.44,Low,0.9344,REJECT,26.087,22.12,29.76,0.04114,OK,rate_0_24=0.128 is +8.2 SD from normal-pass average | stress_weighted_rate=0.695 is +7.9 SD from normal-pass average | Chamber_Temperature_C_was_missing=1.000 is +7.7 SD from normal-pass average,True,Critical,Severe Latent Degradation,26.087,23.124,3.067999999999998,2.963000000000001,3.59
CMP00982,B1032,Tantalum_Capacitor,2026-01-29,2026-02-03,91.1,5.64,9.415,10.867,50.0,B1032,9.415,10.867,91.1,5.64,High,0.9125,REJECT,24.979,12.67,37.46,0.098,EARLY_REJECT,stress_weighted_rate=0.341 is +2.9 SD from normal-pass average | rate_0_24=0.061 is +2.8 SD from normal-pass average | temp_deviation_from_85=6.100 is +1.0 SD from normal-pass average,True,Critical,Accelerating Drift,24.979,17.923,1.4520000000000017,7.056000000000001,3.45
CMP03371,B1018,Tantalum_Capacitor,2026-02-18,2026-02-25,90.0,5.84,12.531,13.71,50.0,B1018,12.531,13.71,90.0,5.84,High,0.5992,REJECT,22.519,14.93,28.53,0.06117,EARLY_REJECT,stress_weighted_rate=0.287 is +2.1 SD from normal-pass average | rate_0_24=0.049 is +1.9 SD from normal-pass average | temp_deviation_from_85=5.000 is +0.8 SD from normal-pass average,True,Critical,Accelerating Drift,22.519,18.114,1.1790000000000003,4.404999999999998,1.36
CMP03292,B1033,Relay_Electromech,2026-02-23,2026-03-06,96.1,5.62,10.95,15.478,50.0,B1033,10.95,15.478,96.1,5.62,High,0.9769,REJECT,24.701,18.67,33.88,0.06405,EARLY_REJECT,stress_weighted_rate=1.060 is +13.1 SD from normal-pass average | rate_0_24=0.189 is +13.0 SD from normal-pass average | pct_change_24_0=0.414 is +2.1 SD from normal-pass average,True,Critical,Accelerating Drift,24.701,20.09,4.5280000000000005,4.611000000000001,3.87
CMP02958,B1036,Resistor_Precision,2026-01-26,2026-02-06,93.2,5.22,4.117,4.407,50.0,B1036,4.117,4.407,93.2,5.22,High,0.2705,PASS,7.331,6.04,8.89,0.02031,OK,temp_deviation_from_85=8.200 is +1.4 SD from normal-pass average | stress_weighted_rate=0.063 is -1.0 SD from normal-pass average | rate_0_24=0.012 is -1.0 SD from normal-pass average,False,None,Normal,7.331,5.869,0.29000000000000004,1.4620000000000006,-0.83
CMP05283,B1021,Diode_Zener,2026-06-30,2026-07-08,79.9,5.9,4.063,4.795,50.0,B1021,4.063,4.795,79.9,5.9,Low,0.4093,REJECT,9.359,6.59,17.87,0.0317,OK,temp_deviation_from_85=-5.100 is -0.8 SD from normal-pass average | stress_weighted_rate=0.180 is +0.6 SD from normal-pass average | pct_change_24_0=0.180 is +0.5 SD from normal-pass average,True,Medium,Lot-Relative Drift,9.359,7.077,0.7320000000000002,2.282,0.09
CMP02134,B1029,Transistor_BJT,2026-01-22,2026-01-26,89.1,5.51,6.647,7.456,50.0,B1029,6.647,7.456,89.1,5.51,Medium,0.3867,PASS,10.814,8.87,18.01,0.02332,OK,rate_0_24=0.034 is +0.7 SD from normal-pass average | stress_weighted_rate=0.186 is +0.7 SD from normal-pass average | temp_deviation_from_85=4.100 is +0.7 SD from normal-pass average,False,None,Normal,10.814,9.135,0.8090000000000002,1.6790000000000003,-0.06
CMP00891,B1033,MOSFET,2026-04-21,2026-05-05,94.5,5.45,10.459,10.876,50.0,B1033,10.459,10.876,94.5,5.45,High,0.2971,PASS,15.05,12.41,14.1,0.02899,OK,temp_deviation_from_85=9.500 is +1.6 SD from normal-pass average | stress_weighted_rate=0.095 is -0.6 SD from normal-pass average | rate_0_24=0.017 is -0.6 SD from normal-pass average,False,None,Normal,15.05,12.963,0.4169999999999998,2.0870000000000015,-0.66
CMP00125,B1024,IC_Analog,2026-02-23,2026-02-27,85.5,5.95,8.916,9.957,50.0,B1024,8.916,9.957,85.5,5.95,Medium,0.5231,REJECT,14.804,11.04,24.46,0.03366,OK,stress_weighted_rate=0.258 is +1.7 SD from normal-pass average | rate_0_24=0.043 is +1.5 SD from normal-pass average | Chamber_Temperature_C_was_missing=0.000 is -0.1 SD from normal-pass average,True,High,Lot-Relative Drift,14.804,12.381,1.0410000000000004,2.423,0.85
CMP05418,B1036,IC_Analog,2026-06-26,2026-07-04,91.5,5.07,12.051,12.96,50.0,B1036,12.051,12.96,91.5,5.07,High,0.3652,PASS,27.483,14.6,28.72,0.10085,EARLY_REJECT,temp_deviation_from_85=6.500 is +1.1 SD from normal-pass average | rate_0_24=0.038 is +1.0 SD from normal-pass average | stress_weighted_rate=0.192 is +0.8 SD from normal-pass average,True,Critical,Accelerating Drift,27.483,20.222,0.9090000000000007,7.260999999999999,-0.2
CMP05539,B1026,Transistor_BJT,2026-04-16,2026-04-29,88.9,6.15,6.193,6.591,50.0,B1026,6.193,6.591,88.9,6.15,Medium,0.2885,PASS,10.246,7.57,10.54,0.02538,OK,temp_deviation_from_85=3.900 is +0.7 SD from normal-pass average | rate_0_24=0.017 is -0.6 SD from normal-pass average | stress_weighted_rate=0.102 is -0.5 SD from normal-pass average,False,None,Normal,10.246,8.418,0.3980000000000006,1.8280000000000012,-0.72
CMP02651,B1003,Relay_Electromech,2026-01-30,2026-02-05,84.8,5.33,9.326,9.809,50.0,B1003,9.326,9.809,84.8,5.33,Medium,0.3574,PASS,14.519,11.08,15.28,0.03271,OK,stress_weighted_rate=0.107 is -0.4 SD from normal-pass average | rate_0_24=0.020 is -0.4 SD from normal-pass average | pct_change_24_0=0.052 is -0.3 SD from normal-pass average,False,None,Normal,14.519,12.164,0.48299999999999876,2.3550000000000004,-0.26
CMP04497,B1019,IC_Digital,2026-04-21,2026-04-24,99.2,5.32,11.131,11.611,50.0,B1019,11.131,11.611,99.2,5.32,High,0.2699,PASS,17.33,13.26,13.66,0.03971,OK,temp_deviation_from_85=14.200 is +2.4 SD from normal-pass average | stress_weighted_rate=0.106 is -0.4 SD from normal-pass average | rate_0_24=0.020 is -0.4 SD from normal-pass average,False,None,Normal,17.33,14.47,0.4800000000000004,2.8599999999999977,-0.84
CMP00201,B1038,Transistor_BJT,2026-05-22,2026-05-25,83.0,5.44,,5.622,50.0,B1038,,5.622,83.0,5.44,Medium,0.4065,REJECT,9.428,7.01,12.47,0.02643,OK,Value_0h_was_missing=1.000 is +7.9 SD from normal-pass average | temp_deviation_from_85=-2.000 is -0.3 SD from normal-pass average | Chamber_Temperature_C_was_missing=0.000 is -0.1 SD from normal-pass average,True,Medium,Lot-Relative Drift,9.428,7.525,,1.9030000000000005,0.07
CMP01281,B1035,IC_Analog,2026-03-08,2026-03-16,95.2,5.39,9.497,10.25,50.0,B1035,9.497,10.25,95.2,5.39,High,0.3598,PASS,15.708,11.72,19.8,0.03791,OK,temp_deviation_from_85=10.200 is +1.7 SD from normal-pass average | rate_0_24=0.031 is +0.5 SD from normal-pass average | stress_weighted_rate=0.169 is +0.5 SD from normal-pass average,False,None,Normal,15.708,12.979,0.7530000000000001,2.729000000000001,-0.24
CMP05190,B1032,IC_Analog,2026-01-11,2026-01-21,84.2,5.47,8.103,8.949,50.0,B1032,8.103,8.949,84.2,5.47,Medium,0.4502,REJECT,13.502,10.37,22.59,0.03162,OK,rate_0_24=0.035 is +0.8 SD from normal-pass average | stress_weighted_rate=0.193 is +0.8 SD from normal-pass average | Chamber_Temperature_C_was_missing=0.000 is -0.1 SD from normal-pass average,True,Medium,Lot-Relative Drift,13.502,11.226,0.8460000000000001,2.276,0.36
CMP04808,B1044,Tantalum_Capacitor,2026-04-20,2026-05-03,88.1,4.85,,8.876,50.0,B1044,,8.876,88.1,4.85,Medium,0.4139,REJECT,13.955,9.83,18.99,0.03527,OK,Value_0h_was_missing=1.000 is +7.9 SD from normal-pass average | temp_deviation_from_85=3.100 is +0.5 SD from normal-pass average | Chamber_Temperature_C_was_missing=0.000 is -0.1 SD from normal-pass average,True,Medium,Lot-Relative Drift,13.955,11.416,,2.5389999999999997,0.12
CMP01192,B1009,Diode_Zener,2026-05-05,2026-05-19,83.5,4.71,5.151,5.883,50.0,B1009,5.151,5.883,83.5,4.71,Medium,0.3771,PASS,10.257,7.19,17.43,0.03037,OK,rate_0_24=0.031 is +0.5 SD from normal-pass average | pct_change_24_0=0.142 is +0.3 SD from normal-pass average | temp_deviation_from_85=-1.500 is -0.2 SD from normal-pass average,False,None,Normal,10.257,8.07,0.7320000000000002,2.1869999999999994,-0.12
CMP05750,B1008,Diode_Zener,2026-02-13,2026-02-23,,5.55,5.156,5.65,50.0,B1008,5.156,5.65,,5.55,Low,0.2664,PASS,9.006,7.04,9.43,0.02331,OK,Chamber_Temperature_C_was_missing=1.000 is +7.7 SD from normal-pass average | rate_0_24=0.021 is -0.3 SD from normal-pass average | stress_weighted_rate=0.114 is -0.3 SD from normal-pass average,False,None,Normal,9.006,7.328,0.49400000000000066,1.678,-0.86
CMP02341,B1007,Transistor_BJT,2026-06-17,2026-06-21,88.5,5.42,,6.785,50.0,B1007,,6.785,88.5,5.42,Medium,0.3773,PASS,10.569,8.01,13.58,0.02628,OK,Value_0h_was_missing=1.000 is +7.9 SD from normal-pass average | temp_deviation_from_85=3.500 is +0.6 SD from normal-pass average | Chamber_Temperature_C_was_missing=0.000 is -0.1 SD from normal-pass average,False,None,Normal,10.569,8.677,,1.8920000000000012,-0.12
CMP01278,B1032,Tantalum_Capacitor,2026-06-30,2026-07-03,93.3,5.0,11.206,,50.0,B1032,11.206,,93.3,5.0,High,0.5508,REJECT,16.684,9.51,23.6,,OK,Value_24h_was_missing=1.000 is +8.9 SD from normal-pass average | temp_deviation_from_85=8.300 is +1.4 SD from normal-pass average | Chamber_Temperature_C_was_missing=0.000 is -0.1 SD from normal-pass average,True,High,Lot-Relative Drift,16.684,,,,1.03
CMP03655,B1034,Transistor_BJT,2026-05-08,2026-05-12,81.5,5.46,7.287,7.723,50.0,B1034,7.287,7.723,81.5,5.46,Medium,0.3311,PASS,11.893,8.96,15.62,0.02895,OK,temp_deviation_from_85=-3.500 is -0.6 SD from normal-pass average | stress_weighted_rate=0.099 is -0.5 SD from normal-pass average | rate_0_24=0.018 is -0.5 SD from normal-pass average,False,None,Normal,11.893,9.808,0.43599999999999994,2.085000000000001,-0.43
CMP01178,B1027,Transistor_BJT,2026-02-08,2026-02-14,78.8,4.98,4.572,5.336,50.0,B1027,4.572,5.336,78.8,4.98,Low,0.406,REJECT,9.658,6.64,8.73,0.03001,OK,temp_deviation_from_85=-6.200 is -1.0 SD from normal-pass average | rate_0_24=0.032 is +0.6 SD from normal-pass average | pct_change_24_0=0.167 is +0.5 SD from normal-pass average,True,Medium,Lot-Relative Drift,9.658,7.497,0.7640000000000002,2.1609999999999996,0.07
CMP00182,B1045,MOSFET,2026-02-19,2026-03-04,94.5,5.65,9.156,9.39,50.0,B1045,9.156,9.39,94.5,5.65,High,0.2687,PASS,14.559,10.85,14.26,0.0359,OK,temp_deviation_from_85=9.500 is +1.6 SD from normal-pass average | rate_0_24=0.010 is -1.2 SD from normal-pass average | stress_weighted_rate=0.055 is -1.2 SD from normal-pass average,False,None,Normal,14.559,11.974,0.23399999999999999,2.584999999999999,-0.85
CMP00786,B1000,Resistor_Precision,2026-06-25,2026-07-05,86.2,5.4,,5.522,50.0,B1000,,5.522,86.2,5.4,Medium,0.3567,PASS,9.237,7.0,9.64,0.0258,OK,Value_0h_was_missing=1.000 is +7.9 SD from normal-pass average | temp_deviation_from_85=1.200 is +0.2 SD from normal-pass average | Chamber_Temperature_C_was_missing=0.000 is -0.1 SD from normal-pass average,False,None,Normal,9.237,7.38,,1.8570000000000002,-0.26
CMP03316,B1006,Relay_Electromech,2026-03-19,2026-04-01,92.6,5.68,14.117,14.881,50.0,B1006,14.117,14.881,92.6,5.68,High,0.385,PASS,18.355,15.65,22.04,0.02413,OK,temp_deviation_from_85=7.600 is +1.3 SD from normal-pass average | stress_weighted_rate=0.181 is +0.6 SD from normal-pass average | rate_0_24=0.032 is +0.6 SD from normal-pass average,False,None,Normal,18.355,16.618,0.7639999999999993,1.7370000000000019,-0.07
CMP04986,B1009,Transistor_BJT,2026-03-01,2026-03-05,85.7,5.16,5.706,5.994,50.0,B1009,5.706,5.994,85.7,5.16,Medium,0.2841,PASS,9.433,7.22,8.84,0.02388,OK,stress_weighted_rate=0.062 is -1.1 SD from normal-pass average | rate_0_24=0.012 is -1.0 SD from normal-pass average | pct_change_24_0=0.050 is -0.3 SD from normal-pass average,False,None,Normal,9.433,7.714,0.28799999999999937,1.7189999999999994,-0.74
CMP00966,B1006,Transistor_BJT,2026-03-20,2026-03-29,,5.46,8.205,8.814,50.0,B1006,8.205,8.814,,5.46,Low,0.3419,PASS,13.349,10.18,16.98,0.03149,OK,Chamber_Temperature_C_was_missing=1.000 is +7.7 SD from normal-pass average | pct_change_24_0=0.074 is -0.2 SD from normal-pass average | Value_0h_was_missing=0.000 is -0.1 SD from normal-pass average,False,None,Normal,13.349,11.082,0.609,2.2669999999999995,-0.36
CMP02863,B1006,Tantalum_Capacitor,2026-07-04,2026-07-13,85.6,5.13,6.965,7.497,50.0,B1006,6.965,7.497,85.6,5.13,Medium,0.372,PASS,10.983,8.65,11.34,0.02421,OK,stress_weighted_rate=0.114 is -0.3 SD from normal-pass average | rate_0_24=0.022 is -0.2 SD from normal-pass average | pct_change_24_0=0.076 is -0.1 SD from normal-pass average,False,None,Normal,10.983,9.24,0.532,1.7430000000000003,-0.16
CMP04358,B1012,Relay_Electromech,2026-06-08,2026-06-14,82.4,5.31,12.686,12.821,50.0,B1012,12.686,12.821,82.4,5.31,Medium,0.3065,PASS,16.016,14.45,18.35,0.02219,OK,rate_0_24=0.006 is -1.5 SD from normal-pass average | stress_weighted_rate=0.030 is -1.5 SD from normal-pass average | pct_change_24_0=0.011 is -0.6 SD from normal-pass average,False,None,Normal,16.016,14.418,0.1349999999999998,1.597999999999999,-0.6
CMP01535,B1028,MOSFET,2026-02-21,2026-02-25,87.3,5.49,9.744,10.431,50.0,B1028,9.744,10.431,87.3,5.49,Medium,0.3821,PASS,14.566,11.62,16.37,0.02872,OK,temp_deviation_from_85=2.300 is +0.4 SD from normal-pass average | rate_0_24=0.029 is +0.3 SD from normal-pass average | stress_weighted_rate=0.157 is +0.3 SD from normal-pass average,False,None,Normal,14.566,12.498,0.6869999999999994,2.0680000000000014,-0.09
CMP06000,B1003,Tantalum_Capacitor,2026-06-08,2026-06-14,73.2,5.89,9.548,10.496,50.0,B1003,9.548,10.496,73.2,5.89,Low,0.5089,REJECT,14.659,11.71,17.7,0.02891,OK,temp_deviation_from_85=-11.800 is -2.0 SD from normal-pass average | stress_weighted_rate=0.233 is +1.4 SD from normal-pass average | rate_0_24=0.040 is +1.2 SD from normal-pass average,True,High,Lot-Relative Drift,14.659,12.578,0.9480000000000004,2.0810000000000013,0.75
CMP04595,B1020,Relay_Electromech,2026-07-12,2026-07-24,80.9,5.59,13.156,14.137,50.0,B1020,13.156,14.137,80.9,5.59,Medium,0.5532,REJECT,17.609,14.61,25.53,0.02411,OK,stress_weighted_rate=0.228 is +1.3 SD from normal-pass average | rate_0_24=0.041 is +1.3 SD from normal-pass average | temp_deviation_from_85=-4.100 is -0.7 SD from normal-pass average,True,High,Lot-Relative Drift,17.609,15.873,0.9809999999999999,1.7360000000000024,1.05
CMP01947,B1034,IC_Digital,2026-01-30,2026-02-12,83.2,5.77,6.699,7.817,50.0,B1034,6.699,7.817,83.2,5.77,Medium,0.6235,REJECT,13.633,9.15,30.79,0.04039,OK,stress_weighted_rate=0.269 is +1.9 SD from normal-pass average | rate_0_24=0.047 is +1.7 SD from normal-pass average | pct_change_24_0=0.167 is +0.5 SD from normal-pass average,True,High,Lot-Relative Drift,13.633,10.725,1.1180000000000003,2.9079999999999995,1.52
CMP05182,B1019,IC_Digital,2026-04-04,2026-04-12,83.6,5.29,8.727,9.445,50.0,B1019,8.727,9.445,83.6,5.29,Medium,0.4538,REJECT,14.184,10.56,17.8,0.03291,OK,rate_0_24=0.030 is +0.4 SD from normal-pass average | stress_weighted_rate=0.158 is +0.3 SD from normal-pass average | temp_deviation_from_85=-1.400 is -0.2 SD from normal-pass average,True,Medium,Lot-Relative Drift,14.184,11.814,0.718,2.369999999999999,0.39
CMP03885,B1036,IC_Digital,2026-01-21,2026-01-29,84.3,5.92,9.045,9.701,50.0,B1036,9.045,9.701,84.3,5.92,Medium,0.4694,REJECT,15.447,10.93,17.33,0.03991,OK,stress_weighted_rate=0.162 is +0.4 SD from normal-pass average | rate_0_24=0.027 is +0.2 SD from normal-pass average | pct_change_24_0=0.073 is -0.2 SD from normal-pass average,True,Medium,Lot-Relative Drift,15.447,12.574,0.6560000000000006,2.8729999999999993,0.49
CMP00931,B1011,Relay_Electromech,2026-02-19,2026-03-05,92.7,5.47,15.5,16.071,50.0,B1011,15.5,16.071,92.7,5.47,High,0.3035,PASS,18.77,17.83,18.7,0.01874,OK,temp_deviation_from_85=7.700 is +1.3 SD from normal-pass average | pct_change_24_0=0.037 is -0.4 SD from normal-pass average | Chamber_Temperature_C_was_missing=0.000 is -0.1 SD from normal-pass average,False,None,Normal,18.77,17.42,0.5710000000000015,1.3499999999999979,-0.62
CMP05194,B1045,IC_Digital,2026-02-13,2026-02-19,85.2,5.41,10.38,11.13,50.0,B1045,10.38,11.13,85.2,5.41,Medium,0.4288,REJECT,15.596,12.13,18.57,0.03101,OK,rate_0_24=0.031 is +0.5 SD from normal-pass average | stress_weighted_rate=0.169 is +0.5 SD from normal-pass average | pct_change_24_0=0.072 is -0.2 SD from normal-pass average,True,Medium,Lot-Relative Drift,15.596,13.363,0.75,2.2330000000000005,0.22
CMP04378,B1037,MOSFET,2026-02-27,2026-03-07,96.7,5.33,9.35,9.91,50.0,B1037,9.35,9.91,96.7,5.33,High,0.2933,PASS,14.816,11.38,20.62,0.03407,OK,temp_deviation_from_85=11.700 is +2.0 SD from normal-pass average | pct_change_24_0=0.060 is -0.3 SD from normal-pass average | stress_weighted_rate=0.124 is -0.2 SD from normal-pass average,False,None,Normal,14.816,12.363,0.5600000000000005,2.453000000000001,-0.68
CMP01483,B1011,IC_Analog,2026-06-06,2026-06-16,84.5,5.78,10.259,11.149,50.0,B1011,10.259,11.149,84.5,5.78,Medium,0.4438,REJECT,15.094,12.12,22.85,0.0274,OK,stress_weighted_rate=0.214 is +1.1 SD from normal-pass average | rate_0_24=0.037 is +1.0 SD from normal-pass average | Chamber_Temperature_C_was_missing=0.000 is -0.1 SD from normal-pass average,True,Medium,Lot-Relative Drift,15.094,13.122,0.8899999999999988,1.9719999999999995,0.32
CMP05210,B1010,Relay_Electromech,2026-03-24,2026-04-07,75.1,5.19,12.115,12.506,50.0,B1010,12.115,12.506,75.1,5.19,Low,0.2874,PASS,15.748,14.09,16.63,0.02251,OK,temp_deviation_from_85=-9.900 is -1.7 SD from normal-pass average | stress_weighted_rate=0.085 is -0.7 SD from normal-pass average | rate_0_24=0.016 is -0.7 SD from normal-pass average,False,None,Normal,15.748,14.127,0.391,1.6209999999999987,-0.72
CMP01380,B1016,Relay_Electromech,2026-07-19,2026-07-27,86.1,5.59,4.713,5.507,50.0,B1016,4.713,5.507,86.1,5.59,Medium,0.4139,REJECT,9.175,7.02,13.7,0.02547,OK,stress_weighted_rate=0.185 is +0.7 SD from normal-pass average | rate_0_24=0.033 is +0.7 SD from normal-pass average | pct_change_24_0=0.168 is +0.5 SD from normal-pass average,True,Medium,Lot-Relative Drift,9.175,7.341,0.7939999999999996,1.8340000000000005,0.12
CMP05310,B1048,MOSFET,2026-04-20,2026-04-25,81.9,5.43,8.093,8.951,50.0,B1048,8.093,8.951,81.9,5.43,Medium,0.5412,REJECT,13.46,10.17,26.96,0.03131,OK,rate_0_24=0.036 is +0.9 SD from normal-pass average | stress_weighted_rate=0.194 is +0.8 SD from normal-pass average | temp_deviation_from_85=-3.100 is -0.5 SD from normal-pass average,True,High,Lot-Relative Drift,13.46,11.206,0.8580000000000005,2.2540000000000013,0.97
CMP03496,B1000,Tantalum_Capacitor,2026-03-02,2026-03-08,75.9,4.58,10.608,11.514,50.0,B1000,10.608,11.514,75.9,4.58,Low,0.4674,REJECT,15.957,12.79,22.9,0.03086,OK,temp_deviation_from_85=-9.100 is -1.5 SD from normal-pass average | rate_0_24=0.038 is +1.0 SD from normal-pass average | stress_weighted_rate=0.173 is +0.5 SD from normal-pass average,True,Medium,Lot-Relative Drift,15.957,13.736,0.9059999999999988,2.221,0.48
CMP01086,B1024,Tantalum_Capacitor,2026-05-04,2026-05-12,74.4,5.44,12.076,12.297,50.0,B1024,12.076,12.297,74.4,5.44,Low,0.2482,PASS,15.734,13.37,13.98,0.02387,OK,temp_deviation_from_85=-10.600 is -1.8 SD from normal-pass average | rate_0_24=0.009 is -1.2 SD from normal-pass average | stress_weighted_rate=0.050 is -1.2 SD from normal-pass average,False,None,Normal,15.734,14.016,0.22100000000000009,1.718,-0.98
CMP03575,B1038,IC_Digital,2026-03-01,2026-03-14,81.4,5.47,9.154,9.671,50.0,B1038,9.154,9.671,81.4,5.47,Medium,0.4132,REJECT,14.486,10.81,16.37,0.03343,OK,temp_deviation_from_85=-3.600 is -0.6 SD from normal-pass average | pct_change_24_0=0.056 is -0.3 SD from normal-pass average | stress_weighted_rate=0.118 is -0.3 SD from normal-pass average,True,Medium,Lot-Relative Drift,14.486,12.078,0.5169999999999995,2.4080000000000013,0.12
CMP02379,B1007,Resistor_Precision,2026-05-15,2026-05-18,84.3,6.17,4.738,5.213,50.0,B1007,4.738,5.213,84.3,6.17,Medium,0.2943,PASS,8.598,6.16,9.26,0.02351,OK,rate_0_24=0.020 is -0.4 SD from normal-pass average | stress_weighted_rate=0.122 is -0.2 SD from normal-pass average | Chamber_Temperature_C_was_missing=0.000 is -0.1 SD from normal-pass average,False,None,Normal,8.598,6.906,0.47499999999999964,1.692000000000001,-0.68
CMP05689,B1001,Resistor_Precision,2026-02-06,2026-02-09,89.8,5.46,4.504,4.877,50.0,B1001,4.504,4.877,89.8,5.46,Medium,0.2431,PASS,8.219,5.85,9.79,0.02321,OK,temp_deviation_from_85=4.800 is +0.8 SD from normal-pass average | rate_0_24=0.016 is -0.7 SD from normal-pass average | stress_weighted_rate=0.085 is -0.7 SD from normal-pass average,False,None,Normal,8.219,6.548,0.3730000000000002,1.6709999999999994,-1.02
CMP04506,B1001,Resistor_Precision,2026-01-16,2026-01-20,77.8,5.22,4.593,5.417,50.0,B1001,4.593,5.417,77.8,5.22,Low,0.4084,REJECT,9.578,6.96,17.08,0.0289,OK,temp_deviation_from_85=-7.200 is -1.2 SD from normal-pass average | rate_0_24=0.034 is +0.8 SD from normal-pass average | stress_weighted_rate=0.179 is +0.6 SD from normal-pass average,True,Medium,Lot-Relative Drift,9.578,7.498,0.8239999999999998,2.079999999999999,0.08
CMP04778,B1007,MOSFET,2026-02-25,2026-03-03,84.0,4.94,10.296,10.925,50.0,B1007,10.296,10.925,84.0,4.94,Medium,0.3399,PASS,16.246,12.07,14.44,0.03695,OK,pct_change_24_0=0.061 is -0.2 SD from normal-pass average | temp_deviation_from_85=-1.000 is -0.2 SD from normal-pass average | Chamber_Temperature_C_was_missing=0.000 is -0.1 SD from normal-pass average,False,None,Normal,16.246,13.586,0.6290000000000013,2.6599999999999984,-0.37
CMP02598,B1012,Resistor_Precision,2026-05-23,2026-06-01,75.4,5.65,3.732,4.128,50.0,B1012,3.732,4.128,75.4,5.65,Low,0.2936,PASS,6.85,5.24,9.65,0.0189,OK,temp_deviation_from_85=-9.600 is -1.6 SD from normal-pass average | rate_0_24=0.016 is -0.7 SD from normal-pass average | stress_weighted_rate=0.093 is -0.6 SD from normal-pass average,False,None,Normal,6.85,5.489,0.3959999999999999,1.3609999999999998,-0.68
CMP05356,B1018,Relay_Electromech,2026-04-10,2026-04-15,82.8,5.76,17.958,18.512,50.0,B1018,17.958,18.512,82.8,5.76,Medium,0.3343,PASS,20.922,19.43,23.46,0.01674,OK,pct_change_24_0=0.031 is -0.4 SD from normal-pass average | temp_deviation_from_85=-2.200 is -0.4 SD from normal-pass average | rate_0_24=0.023 is -0.1 SD from normal-pass average,False,None,Normal,20.922,19.717,0.554000000000002,1.2050000000000018,-0.41
CMP05167,B1030,IC_Digital,2026-05-14,2026-05-21,88.2,5.38,7.963,8.689,50.0,B1030,7.963,8.689,88.2,5.38,Medium,0.4158,REJECT,12.632,10.14,17.65,0.02738,OK,temp_deviation_from_85=3.200 is +0.5 SD from normal-pass average | rate_0_24=0.030 is +0.4 SD from normal-pass average | stress_weighted_rate=0.163 is +0.4 SD from normal-pass average,True,Medium,Lot-Relative Drift,12.632,10.66,0.726,1.9719999999999995,0.13
CMP05174,B1024,IC_Analog,2026-07-06,2026-07-10,83.4,5.12,7.227,7.854,50.0,B1024,7.227,7.854,83.4,5.12,Medium,0.3474,PASS,12.351,9.14,18.85,0.03123,OK,temp_deviation_from_85=-1.600 is -0.3 SD from normal-pass average | Chamber_Temperature_C_was_missing=0.000 is -0.1 SD from normal-pass average | Value_0h_was_missing=0.000 is -0.1 SD from normal-pass average,False,None,Normal,12.351,10.103,0.6269999999999998,2.248000000000001,-0.32
CMP02636,B1049,Tantalum_Capacitor,2026-06-12,2026-06-18,97.7,5.63,3.402,3.579,50.0,B1049,3.402,3.579,97.7,5.63,High,0.2806,PASS,6.276,4.97,7.26,0.01873,OK,temp_deviation_from_85=12.700 is +2.1 SD from normal-pass average | rate_0_24=0.007 is -1.4 SD from normal-pass average | stress_weighted_rate=0.042 is -1.3 SD from normal-pass average,False,None,Normal,6.276,4.928,0.17700000000000005,1.3479999999999999,-0.77
CMP02364,B1047,Relay_Electromech,2026-05-07,2026-05-11,78.7,5.78,14.168,14.223,50.0,B1047,14.168,14.223,78.7,5.78,Low,0.306,PASS,18.153,15.36,18.58,0.02729,OK,rate_0_24=0.002 is -1.8 SD from normal-pass average | stress_weighted_rate=0.013 is -1.7 SD from normal-pass average | temp_deviation_from_85=-6.300 is -1.1 SD from normal-pass average,False,None,Normal,18.153,16.188,0.05500000000000149,1.9649999999999999,-0.6
CMP00420,B1030,IC_Digital,2026-06-27,2026-07-06,77.4,5.66,7.76,11.899,50.0,B1030,7.76,11.899,77.4,5.66,Low,0.9588,REJECT,18.455,15.64,17.77,0.04553,OK,stress_weighted_rate=0.976 is +11.9 SD from normal-pass average | rate_0_24=0.172 is +11.7 SD from normal-pass average | pct_change_24_0=0.533 is +2.9 SD from normal-pass average,True,Critical,Severe Latent Degradation,18.455,15.177,4.138999999999999,3.2779999999999987,3.75
CMP02446,B1016,Relay_Electromech,2026-02-13,2026-02-16,88.8,5.27,11.67,12.381,50.0,B1016,11.67,12.381,88.8,5.27,Medium,0.3896,PASS,17.042,13.17,19.75,0.03237,OK,temp_deviation_from_85=3.800 is +0.6 SD from normal-pass average | rate_0_24=0.030 is +0.4 SD from normal-pass average | stress_weighted_rate=0.156 is +0.3 SD from normal-pass average,False,None,Normal,17.042,14.712,0.7110000000000003,2.330000000000002,-0.04
CMP01892,B1026,Tantalum_Capacitor,2026-07-02,2026-07-15,90.8,5.21,12.502,12.891,50.0,B1026,12.502,12.891,90.8,5.21,High,0.2833,PASS,16.653,14.39,17.73,0.02612,OK,temp_deviation_from_85=5.800 is +1.0 SD from normal-pass average | stress_weighted_rate=0.084 is -0.7 SD from normal-pass average | rate_0_24=0.016 is -0.7 SD from normal-pass average,False,None,Normal,16.653,14.772,0.38899999999999935,1.8809999999999985,-0.75
CMP05756,B1039,Relay_Electromech,2026-04-05,2026-04-13,88.3,5.51,4.666,5.405,50.0,B1039,4.666,5.405,88.3,5.51,Medium,0.3882,PASS,9.194,6.67,12.82,0.02631,OK,temp_deviation_from_85=3.300 is +0.6 SD from normal-pass average | rate_0_24=0.031 is +0.5 SD from normal-pass average | stress_weighted_rate=0.170 is +0.5 SD from normal-pass average,False,None,Normal,9.194,7.3,0.7389999999999999,1.894000000000001,-0.05
CMP01829,B1046,Diode_Zener,2026-04-18,2026-04-22,90.9,5.41,4.474,6.694,50.0,B1046,4.474,6.694,90.9,5.41,High,0.9852,REJECT,25.012,10.08,32.14,0.12721,EARLY_REJECT,rate_0_24=0.092 is +5.4 SD from normal-pass average | stress_weighted_rate=0.500 is +5.2 SD from normal-pass average | pct_change_24_0=0.496 is +2.6 SD from normal-pass average,True,Critical,Accelerating Drift,25.012,15.853,2.2199999999999998,9.159,3.93
CMP02544,B1041,Tantalum_Capacitor,2026-04-06,2026-04-18,88.2,5.97,7.112,7.995,50.0,B1041,7.112,7.995,88.2,5.97,Medium,0.4119,REJECT,12.609,9.2,22.88,0.03204,OK,stress_weighted_rate=0.220 is +1.2 SD from normal-pass average | rate_0_24=0.037 is +1.0 SD from normal-pass average | temp_deviation_from_85=3.200 is +0.5 SD from normal-pass average,True,Medium,Lot-Relative Drift,12.609,10.302,0.883,2.3070000000000004,0.11
CMP02215,B1044,Resistor_Precision,2026-01-08,2026-01-17,87.6,5.41,2.377,2.915,50.0,B1044,2.377,2.915,87.6,5.41,Medium,0.2443,PASS,6.084,4.71,8.03,0.02201,OK,pct_change_24_0=0.226 is +0.8 SD from normal-pass average | temp_deviation_from_85=2.600 is +0.4 SD from normal-pass average | stress_weighted_rate=0.121 is -0.2 SD from normal-pass average,False,None,Normal,6.084,4.499,0.5380000000000003,1.585,-1.01
CMP02334,B1038,Relay_Electromech,2026-01-31,2026-02-13,91.9,5.32,13.905,14.294,50.0,B1038,13.905,14.294,91.9,5.32,High,0.294,PASS,18.088,15.5,19.36,0.02635,OK,temp_deviation_from_85=6.900 is +1.2 SD from normal-pass average | stress_weighted_rate=0.086 is -0.7 SD from normal-pass average | rate_0_24=0.016 is -0.7 SD from normal-pass average,False,None,Normal,18.088,16.191,0.3890000000000011,1.897000000000002,-0.68
CMP04292,B1043,Tantalum_Capacitor,2026-01-03,2026-01-12,86.9,5.43,11.769,12.552,50.0,B1043,11.769,12.552,86.9,5.43,Medium,0.3987,REJECT,15.926,13.99,18.83,0.02343,OK,rate_0_24=0.033 is +0.6 SD from normal-pass average | stress_weighted_rate=0.177 is +0.6 SD from normal-pass average | temp_deviation_from_85=1.900 is +0.3 SD from normal-pass average,True,Medium,Lot-Relative Drift,15.926,14.239,0.7829999999999995,1.6869999999999994,0.02
CMP04771,B1013,Transistor_BJT,2026-05-29,2026-06-07,83.8,5.86,3.489,3.9,50.0,B1013,3.489,3.9,83.8,5.86,Medium,0.2976,PASS,6.326,5.06,6.81,0.01685,OK,rate_0_24=0.017 is -0.6 SD from normal-pass average | stress_weighted_rate=0.100 is -0.5 SD from normal-pass average | temp_deviation_from_85=-1.200 is -0.2 SD from normal-pass average,False,None,Normal,6.326,5.113,0.41100000000000003,1.2129999999999992,-0.65
CMP03489,B1032,Relay_Electromech,2026-07-03,2026-07-16,87.9,4.78,9.604,10.421,50.0,B1032,9.604,10.421,87.9,4.78,Medium,0.4017,REJECT,14.774,11.55,17.45,0.03023,OK,rate_0_24=0.034 is +0.7 SD from normal-pass average | temp_deviation_from_85=2.900 is +0.5 SD from normal-pass average | stress_weighted_rate=0.163 is +0.4 SD from normal-pass average,True,Medium,Lot-Relative Drift,14.774,12.598,0.8170000000000002,2.1759999999999984,0.04
CMP00236,B1004,Transistor_BJT,2026-07-15,2026-07-22,88.0,5.86,6.298,7.045,50.0,B1004,6.298,7.045,88.0,5.86,Medium,0.3992,REJECT,10.408,8.26,14.76,0.02336,OK,stress_weighted_rate=0.182 is +0.7 SD from normal-pass average | temp_deviation_from_85=3.000 is +0.5 SD from normal-pass average | rate_0_24=0.031 is +0.5 SD from normal-pass average,True,Medium,Lot-Relative Drift,10.408,8.726,0.7469999999999999,1.6819999999999986,0.02
CMP02913,B1049,Diode_Zener,2026-05-13,2026-05-22,90.1,4.95,2.435,3.328,50.0,B1049,2.435,3.328,90.1,4.95,High,0.3526,PASS,8.371,5.09,6.83,0.03502,OK,pct_change_24_0=0.367 is +1.8 SD from normal-pass average | rate_0_24=0.037 is +1.0 SD from normal-pass average | temp_deviation_from_85=5.100 is +0.9 SD from normal-pass average,False,None,Normal,8.371,5.85,0.8929999999999998,2.521000000000001,-0.29
CMP04314,B1039,Relay_Electromech,2026-03-01,2026-03-14,85.7,5.01,11.362,11.968,50.0,B1039,11.362,11.968,85.7,5.01,Medium,0.3422,PASS,16.447,13.2,16.69,0.0311,OK,pct_change_24_0=0.053 is -0.3 SD from normal-pass average | stress_weighted_rate=0.127 is -0.1 SD from normal-pass average | Chamber_Temperature_C_was_missing=0.000 is -0.1 SD from normal-pass average,False,None,Normal,16.447,14.208,0.6059999999999999,2.238999999999999,-0.36
CMP02086,B1043,MOSFET,2026-05-09,2026-05-12,80.7,5.22,8.066,8.709,50.0,B1043,8.066,8.709,80.7,5.22,Medium,0.383,PASS,12.511,10.06,17.22,0.0264,OK,temp_deviation_from_85=-4.300 is -0.7 SD from normal-pass average | rate_0_24=0.027 is +0.2 SD from normal-pass average | Chamber_Temperature_C_was_missing=0.000 is -0.1 SD from normal-pass average,False,None,Normal,12.511,10.61,0.6429999999999989,1.9009999999999998,-0.09
CMP01780,B1024,IC_Digital,2026-03-28,2026-04-07,83.9,6.02,7.841,8.998,50.0,B1024,7.841,8.998,83.9,6.02,Medium,0.582,REJECT,14.871,10.65,26.29,0.04079,OK,stress_weighted_rate=0.290 is +2.2 SD from normal-pass average | rate_0_24=0.048 is +1.9 SD from normal-pass average | pct_change_24_0=0.148 is +0.3 SD from normal-pass average,True,High,Lot-Relative Drift,14.871,11.934,1.1569999999999991,2.937000000000001,1.24
CMP01153,B1008,Tantalum_Capacitor,2026-07-07,2026-07-13,77.9,6.02,8.105,8.479,50.0,B1008,8.105,8.479,77.9,6.02,Low,0.2991,PASS,12.249,9.31,12.78,0.02618,OK,temp_deviation_from_85=-7.100 is -1.2 SD from normal-pass average | rate_0_24=0.016 is -0.7 SD from normal-pass average | stress_weighted_rate=0.094 is -0.6 SD from normal-pass average,False,None,Normal,12.249,10.364,0.3739999999999988,1.8849999999999998,-0.64
CMP01339,B1036,Transistor_BJT,2026-03-10,2026-03-24,82.5,5.61,5.807,6.658,50.0,B1036,5.807,6.658,82.5,5.61,Medium,0.5525,REJECT,12.495,7.85,27.52,0.04053,OK,stress_weighted_rate=0.199 is +0.9 SD from normal-pass average | rate_0_24=0.035 is +0.8 SD from normal-pass average | temp_deviation_from_85=-2.500 is -0.4 SD from normal-pass average,True,High,Lot-Relative Drift,12.495,9.576,0.851,2.9189999999999987,1.04
CMP04061,B1033,IC_Digital,2026-03-24,2026-03-29,89.5,5.86,8.317,8.823,50.0,B1033,8.317,8.823,89.5,5.86,Medium,0.373,PASS,12.563,9.97,14.29,0.02597,OK,temp_deviation_from_85=4.500 is +0.8 SD from normal-pass average | rate_0_24=0.021 is -0.3 SD from normal-pass average | pct_change_24_0=0.061 is -0.2 SD from normal-pass average,False,None,Normal,12.563,10.693,0.5060000000000002,1.870000000000001,-0.15
CMP02875,B1041,Transistor_BJT,2026-04-18,2026-04-26,80.0,5.82,8.132,8.423,50.0,B1041,8.132,8.423,80.0,5.82,Medium,0.2915,PASS,12.539,9.35,13.85,0.02858,OK,rate_0_24=0.012 is -1.0 SD from normal-pass average | stress_weighted_rate=0.071 is -0.9 SD from normal-pass average | temp_deviation_from_85=-5.000 is -0.8 SD from normal-pass average,False,None,Normal,12.539,10.481,0.29100000000000037,2.058,-0.7
CMP04484,B1014,Relay_Electromech,2026-04-26,2026-05-04,90.9,5.95,11.276,12.007,50.0,B1014,11.276,12.007,90.9,5.95,High,0.3856,PASS,15.688,12.88,20.13,0.02556,OK,temp_deviation_from_85=5.900 is +1.0 SD from normal-pass average | stress_weighted_rate=0.181 is +0.6 SD from normal-pass average | rate_0_24=0.030 is +0.5 SD from normal-pass average,False,None,Normal,15.688,13.848,0.7309999999999999,1.8399999999999999,-0.07
CMP05854,B1002,Diode_Zener,2026-07-17,2026-07-22,83.8,5.91,3.107,3.913,50.0,B1002,3.107,3.913,83.8,5.91,Medium,0.3616,PASS,6.321,5.25,5.84,0.01672,OK,pct_change_24_0=0.259 is +1.1 SD from normal-pass average | stress_weighted_rate=0.198 is +0.9 SD from normal-pass average | rate_0_24=0.034 is +0.7 SD from normal-pass average,False,None,Normal,6.321,5.117,0.8059999999999996,1.2039999999999997,-0.23
CMP00012,B1034,MOSFET,2026-06-02,2026-06-16,82.9,5.8,5.133,5.671,50.0,B1034,5.133,5.671,82.9,5.8,Medium,0.3444,PASS,9.037,7.03,9.64,0.02338,OK,temp_deviation_from_85=-2.100 is -0.3 SD from normal-pass average | rate_0_24=0.022 is -0.2 SD from normal-pass average | Chamber_Temperature_C_was_missing=0.000 is -0.1 SD from normal-pass average,False,None,Normal,9.037,7.354,0.5380000000000003,1.6830000000000007,-0.34
CMP04668,B1001,Tantalum_Capacitor,2026-04-16,2026-04-25,86.6,5.7,9.294,8.756,50.0,B1001,9.294,8.756,86.6,5.7,Medium,0.5775,REJECT,14.007,9.99,18.6,0.03646,OK,stress_weighted_rate=-0.128 is -3.7 SD from normal-pass average | rate_0_24=-0.022 is -3.7 SD from normal-pass average | pct_change_24_0=-0.058 is -1.0 SD from normal-pass average,True,High,Lot-Relative Drift,14.007,11.381,-0.5380000000000003,2.6259999999999994,1.21
CMP05196,B1028,Relay_Electromech,2026-03-30,2026-04-13,86.5,5.67,11.8,12.212,50.0,B1028,11.8,12.212,86.5,5.67,Medium,0.3023,PASS,15.916,13.6,17.19,0.02572,OK,rate_0_24=0.017 is -0.6 SD from normal-pass average | stress_weighted_rate=0.097 is -0.6 SD from normal-pass average | pct_change_24_0=0.035 is -0.4 SD from normal-pass average,False,None,Normal,15.916,14.064,0.41199999999999903,1.8520000000000003,-0.62
CMP05847,B1027,Transistor_BJT,2026-04-04,2026-04-10,71.3,5.87,7.792,7.767,50.0,B1027,7.792,7.767,71.3,5.87,Low,0.4191,REJECT,13.306,8.92,13.37,0.03846,OK,temp_deviation_from_85=-13.700 is -2.3 SD from normal-pass average | rate_0_24=-0.001 is -2.0 SD from normal-pass average | stress_weighted_rate=-0.006 is -2.0 SD from normal-pass average,True,Medium,Lot-Relative Drift,13.306,10.536,-0.024999999999999467,2.7699999999999996,0.16
CMP05023,B1041,Relay_Electromech,2026-05-28,2026-06-03,77.9,6.36,16.506,17.189,50.0,B1041,16.506,17.189,77.9,6.36,Low,0.3593,PASS,19.607,18.95,23.94,0.01679,OK,temp_deviation_from_85=-7.100 is -1.2 SD from normal-pass average | stress_weighted_rate=0.181 is +0.6 SD from normal-pass average | pct_change_24_0=0.041 is -0.4 SD from normal-pass average,False,None,Normal,19.607,18.398,0.6829999999999998,1.2089999999999996,-0.24
CMP03158,B1040,IC_Digital,2026-03-15,2026-03-26,80.8,5.2,11.999,12.62,50.0,B1040,11.999,12.62,80.8,5.2,Medium,0.467,REJECT,21.237,14.17,37.5,0.05984,OK,temp_deviation_from_85=-4.200 is -0.7 SD from normal-pass average | pct_change_24_0=0.052 is -0.3 SD from normal-pass average | Chamber_Temperature_C_was_missing=0.000 is -0.1 SD from normal-pass average,True,Medium,Lot-Relative Drift,21.237,16.928,0.6209999999999987,4.3089999999999975,0.47
CMP05496,B1045,IC_Digital,2026-06-29,2026-07-06,85.4,6.14,9.224,9.271,50.0,B1045,9.224,9.271,85.4,6.14,Medium,0.5252,REJECT,13.42,10.16,24.13,0.02882,OK,rate_0_24=0.002 is -1.8 SD from normal-pass average | stress_weighted_rate=0.012 is -1.8 SD from normal-pass average | pct_change_24_0=0.005 is -0.6 SD from normal-pass average,True,High,Lot-Relative Drift,13.42,11.346,0.0470000000000006,2.074,0.86
CMP02302,B1026,Relay_Electromech,2026-07-10,2026-07-24,92.9,5.51,11.622,12.029,50.0,B1026,11.622,12.029,92.9,5.51,High,0.2962,PASS,17.497,13.29,17.31,0.03797,OK,temp_deviation_from_85=7.900 is +1.3 SD from normal-pass average | rate_0_24=0.017 is -0.6 SD from normal-pass average | stress_weighted_rate=0.093 is -0.6 SD from normal-pass average,False,None,Normal,17.497,14.763,0.40700000000000003,2.734,-0.66
CMP01695,B1010,Tantalum_Capacitor,2026-07-13,2026-07-20,75.3,5.12,10.879,11.465,50.0,B1010,10.879,11.465,75.3,5.12,Low,0.3741,PASS,15.459,12.67,18.71,0.02774,OK,temp_deviation_from_85=-9.700 is -1.6 SD from normal-pass average | pct_change_24_0=0.054 is -0.3 SD from normal-pass average | stress_weighted_rate=0.125 is -0.2 SD from normal-pass average,False,None,Normal,15.459,13.462,0.5860000000000003,1.9969999999999999,-0.14
CMP04200,B1037,MOSFET,2026-06-28,2026-07-12,82.3,5.69,5.267,5.616,50.0,B1037,5.267,5.616,82.3,5.69,Medium,0.2889,PASS,8.969,6.82,9.2,0.02328,OK,rate_0_24=0.015 is -0.8 SD from normal-pass average | stress_weighted_rate=0.083 is -0.8 SD from normal-pass average | temp_deviation_from_85=-2.700 is -0.4 SD from normal-pass average,False,None,Normal,8.969,7.292,0.3489999999999993,1.6769999999999996,-0.71
CMP01720,B1005,Tantalum_Capacitor,2026-02-23,2026-03-08,88.8,6.28,7.651,8.204,50.0,B1005,7.651,8.204,88.8,6.28,Medium,0.3797,PASS,12.679,9.29,13.76,0.03108,OK,temp_deviation_from_85=3.800 is +0.6 SD from normal-pass average | pct_change_24_0=0.072 is -0.2 SD from normal-pass average | rate_0_24=0.023 is -0.1 SD from normal-pass average,False,None,Normal,12.679,10.442,0.5530000000000008,2.237,-0.11
CMP00233,B1004,Transistor_BJT,2026-02-15,2026-02-20,86.0,5.91,7.166,7.737,50.0,B1004,7.166,7.737,86.0,5.91,Medium,0.3695,PASS,12.155,8.75,19.04,0.03068,OK,temp_deviation_from_85=1.000 is +0.2 SD from normal-pass average | Chamber_Temperature_C_was_missing=0.000 is -0.1 SD from normal-pass average | Value_0h_was_missing=0.000 is -0.1 SD from normal-pass average,False,None,Normal,12.155,9.946,0.5709999999999997,2.2089999999999996,-0.17
CMP04897,B1037,Tantalum_Capacitor,2026-01-22,2026-02-04,89.6,5.72,10.5,11.1,50.0,B1037,10.5,11.1,89.6,5.72,Medium,0.4006,REJECT,15.131,12.08,16.1,0.02799,OK,temp_deviation_from_85=4.600 is +0.8 SD from normal-pass average | pct_change_24_0=0.057 is -0.3 SD from normal-pass average | Chamber_Temperature_C_was_missing=0.000 is -0.1 SD from normal-pass average,True,Medium,Lot-Relative Drift,15.131,13.116,0.5999999999999996,2.0150000000000006,0.03
CMP05977,B1048,Transistor_BJT,2026-06-22,2026-07-06,86.3,5.12,5.602,5.789,50.0,B1048,5.602,5.789,86.3,5.12,Medium,0.2942,PASS,9.296,7.07,12.3,0.02436,OK,stress_weighted_rate=0.040 is -1.4 SD from normal-pass average | rate_0_24=0.008 is -1.3 SD from normal-pass average | pct_change_24_0=0.033 is -0.4 SD from normal-pass average,False,None,Normal,9.296,7.542,0.1869999999999994,1.7539999999999996,-0.68
CMP01910,B1020,Relay_Electromech,2026-06-09,2026-06-22,82.4,6.09,18.87,20.48,50.0,B1020,18.87,20.48,82.4,6.09,Medium,0.8861,REJECT,32.058,21.17,43.64,0.0804,EARLY_REJECT,stress_weighted_rate=0.409 is +3.9 SD from normal-pass average | rate_0_24=0.067 is +3.4 SD from normal-pass average | temp_deviation_from_85=-2.600 is -0.4 SD from normal-pass average,True,Critical,Accelerating Drift,32.058,26.269,1.6099999999999994,5.7890000000000015,3.27
CMP04784,B1013,MOSFET,2026-01-30,2026-02-06,93.3,5.54,7.092,7.585,50.0,B1013,7.092,7.585,93.3,5.54,High,0.3061,PASS,11.874,8.92,14.25,0.02978,OK,temp_deviation_from_85=8.300 is +1.4 SD from normal-pass average | rate_0_24=0.021 is -0.3 SD from normal-pass average | stress_weighted_rate=0.114 is -0.3 SD from normal-pass average,False,None,Normal,11.874,9.73,0.4930000000000003,2.144,-0.6
CMP02589,B1034,IC_Digital,2026-01-24,2026-01-29,87.6,5.11,10.109,10.821,50.0,B1034,10.109,10.821,87.6,5.11,Medium,0.4086,REJECT,15.189,12.05,18.52,0.03033,OK,temp_deviation_from_85=2.600 is +0.4 SD from normal-pass average | rate_0_24=0.030 is +0.4 SD from normal-pass average | stress_weighted_rate=0.152 is +0.2 SD from normal-pass average,True,Medium,Lot-Relative Drift,15.189,13.005,0.7119999999999997,2.1839999999999993,0.09
CMP04637,B1013,Resistor_Precision,2026-04-29,2026-05-05,74.3,5.05,3.207,3.759,50.0,B1013,3.207,3.759,74.3,5.05,Low,0.2999,PASS,6.646,4.74,6.56,0.02005,OK,temp_deviation_from_85=-10.700 is -1.8 SD from normal-pass average | pct_change_24_0=0.172 is +0.5 SD from normal-pass average | stress_weighted_rate=0.116 is -0.3 SD from normal-pass average,False,None,Normal,6.646,5.202,0.552,1.444,-0.64
CMP00100,B1004,MOSFET,2026-05-29,2026-06-08,81.7,5.34,7.077,7.584,50.0,B1004,7.077,7.584,81.7,5.34,Medium,0.3425,PASS,11.937,8.85,13.91,0.03023,OK,temp_deviation_from_85=-3.300 is -0.5 SD from normal-pass average | stress_weighted_rate=0.113 is -0.3 SD from normal-pass average | rate_0_24=0.021 is -0.3 SD from normal-pass average,False,None,Normal,11.937,9.76,0.5069999999999997,2.1769999999999996,-0.36
CMP05708,B1005,Tantalum_Capacitor,2026-07-07,2026-07-13,83.3,6.2,10.37,10.067,50.0,B1005,10.37,10.067,83.3,6.2,Medium,0.5657,REJECT,14.863,11.16,17.76,0.0333,OK,stress_weighted_rate=-0.078 is -3.0 SD from normal-pass average | rate_0_24=-0.013 is -3.0 SD from normal-pass average | pct_change_24_0=-0.029 is -0.8 SD from normal-pass average,True,High,Lot-Relative Drift,14.863,12.465,-0.30299999999999905,2.3979999999999997,1.13
CMP02872,B1025,MOSFET,2026-01-31,2026-02-12,78.8,5.62,11.499,15.046,50.0,B1025,11.499,15.046,78.8,5.62,Low,0.9832,REJECT,21.744,17.79,21.59,0.04651,OK,stress_weighted_rate=0.831 is +9.8 SD from normal-pass average | rate_0_24=0.148 is +9.7 SD from normal-pass average | pct_change_24_0=0.308 is +1.4 SD from normal-pass average,True,Critical,Severe Latent Degradation,21.744,18.395,3.546999999999999,3.349,3.92
CMP02977,B1012,IC_Analog,2026-02-22,2026-03-03,80.3,5.67,8.519,9.556,50.0,B1012,8.519,9.556,80.3,5.67,Medium,0.6179,REJECT,18.848,10.84,28.77,0.06453,EARLY_REJECT,stress_weighted_rate=0.245 is +1.5 SD from normal-pass average | rate_0_24=0.043 is +1.5 SD from normal-pass average | temp_deviation_from_85=-4.700 is -0.8 SD from normal-pass average,True,Critical,Accelerating Drift,18.848,14.202,1.036999999999999,4.645999999999999,1.48
CMP00850,B1027,Relay_Electromech,2026-03-14,2026-03-25,85.0,5.28,14.24,14.79,50.0,B1027,14.24,14.79,85.0,5.28,Medium,0.3084,PASS,18.205,15.61,17.84,0.02372,OK,pct_change_24_0=0.039 is -0.4 SD from normal-pass average | stress_weighted_rate=0.121 is -0.2 SD from normal-pass average | rate_0_24=0.023 is -0.1 SD from normal-pass average,False,None,Normal,18.205,16.498,0.5499999999999989,1.7069999999999972,-0.58
CMP00008,B1027,Diode_Zener,2026-06-08,2026-06-14,82.9,5.32,6.287,6.83,50.0,B1027,6.287,6.83,82.9,5.32,Medium,0.306,PASS,10.191,8.07,11.53,0.02334,OK,temp_deviation_from_85=-2.100 is -0.3 SD from normal-pass average | stress_weighted_rate=0.120 is -0.2 SD from normal-pass average | rate_0_24=0.023 is -0.2 SD from normal-pass average,False,None,Normal,10.191,8.51,0.5430000000000001,1.681000000000001,-0.6
CMP00725,B1040,Relay_Electromech,2026-05-30,2026-06-06,84.7,4.66,10.367,10.893,50.0,B1040,10.367,10.893,84.7,4.66,Medium,0.3487,PASS,15.453,12.25,12.0,0.03167,OK,stress_weighted_rate=0.102 is -0.5 SD from normal-pass average | pct_change_24_0=0.051 is -0.3 SD from normal-pass average | rate_0_24=0.022 is -0.2 SD from normal-pass average,False,None,Normal,15.453,13.173,0.5259999999999998,2.2799999999999994,-0.31
CMP05917,B1012,Resistor_Precision,2026-01-08,2026-01-15,80.0,4.85,2.692,3.299,50.0,B1012,2.692,3.299,80.0,4.85,Medium,0.3078,PASS,6.403,4.45,9.02,0.02156,OK,pct_change_24_0=0.225 is +0.8 SD from normal-pass average | temp_deviation_from_85=-5.000 is -0.8 SD from normal-pass average | stress_weighted_rate=0.123 is -0.2 SD from normal-pass average,False,None,Normal,6.403,4.851,0.6069999999999998,1.5519999999999996,-0.59
CMP00860,B1013,IC_Analog,2026-01-21,2026-01-27,89.5,5.83,12.847,13.264,50.0,B1013,12.847,13.264,89.5,5.83,Medium,0.2959,PASS,16.763,14.21,17.63,0.0243,OK,temp_deviation_from_85=4.500 is +0.8 SD from normal-pass average | rate_0_24=0.017 is -0.6 SD from normal-pass average | stress_weighted_rate=0.101 is -0.5 SD from normal-pass average,False,None,Normal,16.763,15.014,0.4169999999999998,1.7490000000000023,-0.67
CMP04899,B1044,IC_Digital,2026-01-23,2026-01-30,87.9,5.25,5.455,6.805,50.0,B1044,5.455,6.805,87.9,5.25,Medium,0.6636,REJECT,13.038,7.72,28.3,0.04328,OK,rate_0_24=0.056 is +2.5 SD from normal-pass average | stress_weighted_rate=0.295 is +2.3 SD from normal-pass average | pct_change_24_0=0.247 is +1.0 SD from normal-pass average,True,High,Lot-Relative Drift,13.038,9.922,1.3499999999999996,3.1159999999999997,1.79
CMP05438,B1029,Diode_Zener,2026-05-18,2026-05-29,83.3,5.33,4.043,4.738,50.0,B1029,4.043,4.738,83.3,5.33,Medium,0.3639,PASS,8.933,5.64,8.65,0.02913,OK,pct_change_24_0=0.172 is +0.5 SD from normal-pass average | rate_0_24=0.029 is +0.3 SD from normal-pass average | temp_deviation_from_85=-1.700 is -0.3 SD from normal-pass average,False,None,Normal,8.933,6.836,0.6950000000000003,2.0969999999999995,-0.21
CMP02538,B1031,Diode_Zener,2026-02-26,2026-03-03,79.0,5.71,4.571,4.778,50.0,B1031,4.571,4.778,79.0,5.71,Low,0.2445,PASS,8.271,6.1,8.1,0.02426,OK,rate_0_24=0.009 is -1.3 SD from normal-pass average | stress_weighted_rate=0.049 is -1.2 SD from normal-pass average | temp_deviation_from_85=-6.000 is -1.0 SD from normal-pass average,False,None,Normal,8.271,6.524,0.20699999999999985,1.7470000000000008,-1.01
CMP01444,B1011,Transistor_BJT,2026-05-06,2026-05-10,77.8,4.7,5.761,6.533,50.0,B1011,5.761,6.533,77.8,4.7,Low,0.4069,REJECT,11.666,7.9,12.08,0.03565,OK,temp_deviation_from_85=-7.200 is -1.2 SD from normal-pass average | rate_0_24=0.032 is +0.6 SD from normal-pass average | pct_change_24_0=0.134 is +0.2 SD from normal-pass average,True,Medium,Lot-Relative Drift,11.666,9.1,0.7720000000000002,2.5660000000000007,0.07
CMP04548,B1025,Tantalum_Capacitor,2026-07-03,2026-07-06,86.1,5.99,6.079,6.42,50.0,B1025,6.079,6.42,86.1,5.99,Medium,0.3101,PASS,9.772,7.27,12.05,0.02327,OK,rate_0_24=0.014 is -0.8 SD from normal-pass average | stress_weighted_rate=0.085 is -0.7 SD from normal-pass average | pct_change_24_0=0.056 is -0.3 SD from normal-pass average,False,None,Normal,9.772,8.096,0.3410000000000002,1.6760000000000002,-0.57
CMP03310,B1023,Resistor_Precision,2026-04-30,2026-05-06,96.3,5.72,3.589,4.101,50.0,B1023,3.589,4.101,96.3,5.72,High,0.2585,PASS,6.923,4.94,8.51,0.0196,OK,temp_deviation_from_85=11.300 is +1.9 SD from normal-pass average | pct_change_24_0=0.143 is +0.3 SD from normal-pass average | rate_0_24=0.021 is -0.3 SD from normal-pass average,False,None,Normal,6.923,5.512,0.512,1.4110000000000005,-0.92
CMP03759,B1019,IC_Analog,2026-03-09,2026-03-13,82.4,5.38,11.752,12.26,50.0,B1019,11.752,12.26,82.4,5.38,Medium,0.2875,PASS,15.561,13.39,16.62,0.02292,OK,temp_deviation_from_85=-2.600 is -0.4 SD from normal-pass average | pct_change_24_0=0.043 is -0.4 SD from normal-pass average | stress_weighted_rate=0.114 is -0.3 SD from normal-pass average,False,None,Normal,15.561,13.91,0.5079999999999991,1.6509999999999998,-0.72
CMP01263,B1016,Relay_Electromech,2026-04-15,2026-04-27,81.6,5.06,14.843,15.925,50.0,B1016,14.843,15.925,81.6,5.06,Medium,0.6783,REJECT,29.511,17.17,43.47,0.09435,EARLY_REJECT,rate_0_24=0.045 is +1.6 SD from normal-pass average | stress_weighted_rate=0.228 is +1.3 SD from normal-pass average | temp_deviation_from_85=-3.400 is -0.6 SD from normal-pass average,True,Critical,Accelerating Drift,29.511,22.718,1.0820000000000007,6.792999999999999,1.88
CMP02903,B1022,Tantalum_Capacitor,2026-01-05,2026-01-15,91.8,5.98,6.19,6.734,50.0,B1022,6.19,6.734,91.8,5.98,High,0.3542,PASS,10.393,7.77,13.49,0.02541,OK,temp_deviation_from_85=6.800 is +1.1 SD from normal-pass average | rate_0_24=0.023 is -0.2 SD from normal-pass average | Chamber_Temperature_C_was_missing=0.000 is -0.1 SD from normal-pass average,False,None,Normal,10.393,8.564,0.5439999999999996,1.8290000000000006,-0.28
CMP05195,B1031,Relay_Electromech,2026-07-05,2026-07-14,84.1,4.97,9.871,10.554,50.0,B1031,9.871,10.554,84.1,4.97,Medium,0.3998,REJECT,14.905,11.7,16.65,0.03021,OK,rate_0_24=0.028 is +0.3 SD from normal-pass average | pct_change_24_0=0.069 is -0.2 SD from normal-pass average | temp_deviation_from_85=-0.900 is -0.1 SD from normal-pass average,True,Medium,Lot-Relative Drift,14.905,12.73,0.6829999999999998,2.174999999999999,0.03
CMP03165,B1032,IC_Analog,2026-02-14,2026-02-18,88.1,5.93,13.162,13.61,50.0,B1032,13.162,13.61,88.1,5.93,Medium,0.2728,PASS,18.036,14.58,18.1,0.03074,OK,temp_deviation_from_85=3.100 is +0.5 SD from normal-pass average | rate_0_24=0.019 is -0.5 SD from normal-pass average | pct_change_24_0=0.034 is -0.4 SD from normal-pass average,False,None,Normal,18.036,15.823,0.4479999999999986,2.213000000000001,-0.82
CMP03659,B1010,IC_Analog,2026-02-24,2026-03-06,79.5,5.46,9.24,12.233,50.0,B1010,9.24,12.233,79.5,5.46,Low,0.9673,REJECT,19.264,14.95,23.74,0.04883,OK,rate_0_24=0.125 is +7.9 SD from normal-pass average | stress_weighted_rate=0.681 is +7.7 SD from normal-pass average | pct_change_24_0=0.324 is +1.5 SD from normal-pass average,True,Critical,Severe Latent Degradation,19.264,15.748,2.9930000000000003,3.516,3.81
CMP00464,B1013,MOSFET,2026-03-04,2026-03-07,93.7,5.65,5.322,5.717,50.0,B1013,5.322,5.717,93.7,5.65,High,0.3128,PASS,9.338,7.02,8.86,0.02515,OK,temp_deviation_from_85=8.700 is +1.5 SD from normal-pass average | rate_0_24=0.016 is -0.7 SD from normal-pass average | stress_weighted_rate=0.093 is -0.6 SD from normal-pass average,False,None,Normal,9.338,7.528,0.3949999999999996,1.8099999999999996,-0.55
CMP00230,B1037,Relay_Electromech,2026-03-01,2026-03-13,82.0,4.78,10.192,10.464,50.0,B1037,10.192,10.464,82.0,4.78,Medium,0.2873,PASS,14.457,12.09,14.21,0.02773,OK,stress_weighted_rate=0.054 is -1.2 SD from normal-pass average | rate_0_24=0.011 is -1.1 SD from normal-pass average | temp_deviation_from_85=-3.000 is -0.5 SD from normal-pass average,False,None,Normal,14.457,12.46,0.27200000000000024,1.9969999999999999,-0.72
CMP05565,B1039,Diode_Zener,2026-05-07,2026-05-10,91.3,5.62,,5.038,50.0,B1039,,5.038,91.3,5.62,High,0.3505,PASS,8.898,6.55,9.58,0.02681,OK,Value_0h_was_missing=1.000 is +7.9 SD from normal-pass average | temp_deviation_from_85=6.300 is +1.1 SD from normal-pass average | Chamber_Temperature_C_was_missing=0.000 is -0.1 SD from normal-pass average,False,None,Normal,8.898,6.968,,1.9299999999999997,-0.3
CMP04020,B1003,Transistor_BJT,2026-01-05,2026-01-14,86.3,5.51,6.206,6.533,50.0,B1003,6.206,6.533,86.3,5.51,Medium,0.2805,PASS,10.043,7.57,9.64,0.02437,OK,rate_0_24=0.014 is -0.9 SD from normal-pass average | stress_weighted_rate=0.075 is -0.9 SD from normal-pass average | pct_change_24_0=0.053 is -0.3 SD from normal-pass average,False,None,Normal,10.043,8.288,0.32699999999999996,1.754999999999999,-0.77
CMP05799,B1013,MOSFET,2026-07-10,2026-07-19,86.7,5.55,6.24,7.315,50.0,B1013,6.24,7.315,86.7,5.55,Medium,0.6267,REJECT,11.87,8.75,26.85,0.03163,OK,stress_weighted_rate=0.249 is +1.6 SD from normal-pass average | rate_0_24=0.045 is +1.6 SD from normal-pass average | pct_change_24_0=0.172 is +0.5 SD from normal-pass average,True,High,Lot-Relative Drift,11.87,9.592,1.0750000000000002,2.2779999999999987,1.54
CMP03665,B1026,IC_Digital,2026-06-06,2026-06-18,87.6,5.45,9.353,9.567,50.0,B1026,9.353,9.567,87.6,5.45,Medium,0.3542,PASS,13.991,10.81,16.71,0.03072,OK,rate_0_24=0.009 is -1.3 SD from normal-pass average | stress_weighted_rate=0.049 is -1.2 SD from normal-pass average | pct_change_24_0=0.023 is -0.5 SD from normal-pass average,False,None,Normal,13.991,11.779,0.2140000000000004,2.2119999999999997,-0.28
CMP03344,B1012,IC_Digital,2026-05-09,2026-05-19,87.4,6.16,9.962,10.858,50.0,B1012,9.962,10.858,87.4,6.16,Medium,0.4571,REJECT,14.667,12.14,19.72,0.02645,OK,stress_weighted_rate=0.230 is +1.3 SD from normal-pass average | rate_0_24=0.037 is +1.0 SD from normal-pass average | temp_deviation_from_85=2.400 is +0.4 SD from normal-pass average,True,Medium,Lot-Relative Drift,14.667,12.762,0.8960000000000008,1.9049999999999994,0.41
CMP00959,B1040,Tantalum_Capacitor,2026-02-16,2026-03-01,88.6,5.21,10.763,10.765,50.0,B1040,10.763,10.765,88.6,5.21,Medium,0.4265,REJECT,14.769,11.7,15.78,0.02781,OK,rate_0_24=0.000 is -2.0 SD from normal-pass average | stress_weighted_rate=0.000 is -1.9 SD from normal-pass average | pct_change_24_0=0.000 is -0.6 SD from normal-pass average,True,Medium,Lot-Relative Drift,14.769,12.767,0.002000000000000668,2.0020000000000007,0.21
CMP03795,B1042,Diode_Zener,2026-07-12,2026-07-19,87.0,5.43,4.009,4.833,50.0,B1042,4.009,4.833,87.0,5.43,Medium,0.3668,PASS,9.538,6.0,13.81,0.03267,OK,rate_0_24=0.034 is +0.8 SD from normal-pass average | stress_weighted_rate=0.186 is +0.7 SD from normal-pass average | pct_change_24_0=0.206 is +0.7 SD from normal-pass average,False,None,Normal,9.538,7.186,0.8239999999999998,2.3520000000000003,-0.19
CMP02129,B1031,Tantalum_Capacitor,2026-03-27,2026-04-02,78.5,5.15,12.809,13.671,50.0,B1031,12.809,13.671,78.5,5.15,Low,0.5503,REJECT,18.148,14.41,24.26,0.03109,OK,temp_deviation_from_85=-6.500 is -1.1 SD from normal-pass average | rate_0_24=0.036 is +0.9 SD from normal-pass average | stress_weighted_rate=0.185 is +0.7 SD from normal-pass average,True,High,Lot-Relative Drift,18.148,15.91,0.8620000000000001,2.2379999999999995,1.03
CMP03609,B1042,Transistor_BJT,2026-02-12,2026-02-26,80.0,4.82,5.281,5.707,50.0,B1042,5.281,5.707,80.0,4.82,Medium,0.3494,PASS,9.452,6.85,12.74,0.026,OK,temp_deviation_from_85=-5.000 is -0.8 SD from normal-pass average | stress_weighted_rate=0.086 is -0.7 SD from normal-pass average | rate_0_24=0.018 is -0.6 SD from normal-pass average,False,None,Normal,9.452,7.579,0.42600000000000016,1.8730000000000002,-0.31
CMP02646,B1011,IC_Digital,2026-05-03,2026-05-11,85.5,5.94,10.599,10.671,50.0,B1011,10.599,10.671,85.5,5.94,Medium,0.5528,REJECT,15.05,11.81,25.51,0.03041,OK,rate_0_24=0.003 is -1.7 SD from normal-pass average | stress_weighted_rate=0.018 is -1.7 SD from normal-pass average | pct_change_24_0=0.007 is -0.6 SD from normal-pass average,True,High,Lot-Relative Drift,15.05,12.86,0.07199999999999918,2.1900000000000013,1.05
CMP04045,B1045,Relay_Electromech,2026-01-20,2026-01-31,94.4,5.61,18.503,19.081,50.0,B1045,18.503,19.081,94.4,5.61,High,0.3084,PASS,22.333,20.89,23.78,0.02258,OK,temp_deviation_from_85=9.400 is +1.6 SD from normal-pass average | pct_change_24_0=0.031 is -0.4 SD from normal-pass average | Chamber_Temperature_C_was_missing=0.000 is -0.1 SD from normal-pass average,False,None,Normal,22.333,20.707,0.5779999999999994,1.6259999999999977,-0.58
CMP00446,B1013,Transistor_BJT,2026-01-22,2026-01-28,86.7,5.09,5.543,5.936,50.0,B1013,5.543,5.936,86.7,5.09,Medium,0.2982,PASS,9.356,6.74,9.38,0.02375,OK,stress_weighted_rate=0.083 is -0.8 SD from normal-pass average | rate_0_24=0.016 is -0.7 SD from normal-pass average | temp_deviation_from_85=1.700 is +0.3 SD from normal-pass average,False,None,Normal,9.356,7.646,0.3929999999999998,1.71,-0.65
CMP01386,B1034,IC_Analog,2026-03-25,2026-04-01,78.2,4.81,8.967,10.001,50.0,B1034,8.967,10.001,78.2,4.81,Low,0.533,REJECT,15.202,11.65,24.0,0.03612,OK,rate_0_24=0.043 is +1.5 SD from normal-pass average | temp_deviation_from_85=-6.800 is -1.1 SD from normal-pass average | stress_weighted_rate=0.207 is +1.0 SD from normal-pass average,True,High,Lot-Relative Drift,15.202,12.602,1.033999999999999,2.5999999999999996,0.91
CMP05336,B1030,Tantalum_Capacitor,2026-05-13,2026-05-26,87.5,6.24,9.164,9.84,50.0,B1030,9.164,9.84,87.5,6.24,Medium,0.3966,REJECT,14.352,10.84,15.1,0.03133,OK,stress_weighted_rate=0.176 is +0.6 SD from normal-pass average | temp_deviation_from_85=2.500 is +0.4 SD from normal-pass average | rate_0_24=0.028 is +0.3 SD from normal-pass average,True,Medium,Lot-Relative Drift,14.352,12.096,0.6760000000000002,2.2560000000000002,0.01
CMP01423,B1031,MOSFET,2026-05-16,2026-05-30,79.6,5.37,5.188,5.752,50.0,B1031,5.188,5.752,79.6,5.37,Low,0.3395,PASS,9.15,7.15,12.3,0.0236,OK,temp_deviation_from_85=-5.400 is -0.9 SD from normal-pass average | stress_weighted_rate=0.126 is -0.1 SD from normal-pass average | Chamber_Temperature_C_was_missing=0.000 is -0.1 SD from normal-pass average,False,None,Normal,9.15,7.451,0.5640000000000001,1.6990000000000007,-0.37
CMP01054,B1018,Relay_Electromech,2026-04-29,2026-05-05,76.4,5.04,8.165,9.157,50.0,B1018,8.165,9.157,76.4,5.04,Low,0.5187,REJECT,18.685,10.67,25.38,0.06617,EARLY_REJECT,temp_deviation_from_85=-8.600 is -1.4 SD from normal-pass average | rate_0_24=0.041 is +1.3 SD from normal-pass average | stress_weighted_rate=0.208 is +1.0 SD from normal-pass average,True,Critical,Accelerating Drift,18.685,13.921,0.9920000000000009,4.763999999999999,0.82
CMP05049,B1022,Transistor_BJT,2026-04-13,2026-04-25,81.2,5.37,5.911,5.994,50.0,B1022,5.911,5.994,81.2,5.37,Medium,0.3118,PASS,11.825,7.34,18.4,0.04049,OK,rate_0_24=0.003 is -1.7 SD from normal-pass average | stress_weighted_rate=0.019 is -1.7 SD from normal-pass average | temp_deviation_from_85=-3.800 is -0.6 SD from normal-pass average,False,None,Normal,11.825,8.91,0.08300000000000018,2.914999999999999,-0.56
CMP00490,B1038,Transistor_BJT,2026-06-03,2026-06-09,82.7,5.39,6.917,7.028,50.0,B1038,6.917,7.028,82.7,5.39,Medium,0.3278,PASS,12.32,8.28,19.13,0.03675,OK,rate_0_24=0.005 is -1.6 SD from normal-pass average | stress_weighted_rate=0.025 is -1.6 SD from normal-pass average | pct_change_24_0=0.016 is -0.5 SD from normal-pass average,False,None,Normal,12.32,9.674,0.11099999999999977,2.646000000000001,-0.45
CMP00669,B1017,IC_Analog,2026-02-19,2026-02-25,83.8,5.78,2.564,3.334,50.0,B1017,2.564,3.334,83.8,5.78,Medium,0.384,PASS,6.031,5.26,11.21,0.01873,OK,pct_change_24_0=0.300 is +1.3 SD from normal-pass average | stress_weighted_rate=0.185 is +0.7 SD from normal-pass average | rate_0_24=0.032 is +0.6 SD from normal-pass average,False,None,Normal,6.031,4.682,0.77,1.3489999999999993,-0.08
CMP02241,B1002,MOSFET,2026-05-12,2026-05-22,91.8,4.92,4.07,4.808,50.0,B1002,4.07,4.808,91.8,4.92,High,0.3801,PASS,9.895,5.99,16.83,0.03533,OK,temp_deviation_from_85=6.800 is +1.1 SD from normal-pass average | pct_change_24_0=0.181 is +0.5 SD from normal-pass average | rate_0_24=0.031 is +0.5 SD from normal-pass average,False,None,Normal,9.895,7.352,0.7379999999999995,2.5429999999999993,-0.1
CMP03375,B1001,Tantalum_Capacitor,2026-03-16,2026-03-22,89.1,5.58,9.377,10.458,50.0,B1001,9.377,10.458,89.1,5.58,Medium,0.5357,REJECT,15.024,11.66,28.22,0.03171,OK,stress_weighted_rate=0.251 is +1.6 SD from normal-pass average | rate_0_24=0.045 is +1.6 SD from normal-pass average | temp_deviation_from_85=4.100 is +0.7 SD from normal-pass average,True,High,Lot-Relative Drift,15.024,12.741,1.0809999999999995,2.2829999999999995,0.93
CMP00755,B1032,IC_Digital,2026-05-21,2026-05-31,84.9,5.35,9.392,9.949,50.0,B1032,9.392,9.949,84.9,5.35,Medium,0.4419,REJECT,14.094,10.99,22.77,0.02878,OK,pct_change_24_0=0.059 is -0.3 SD from normal-pass average | stress_weighted_rate=0.124 is -0.2 SD from normal-pass average | Chamber_Temperature_C_was_missing=0.000 is -0.1 SD from normal-pass average,True,Medium,Lot-Relative Drift,14.094,12.022,0.5570000000000004,2.071999999999999,0.31
CMP01371,B1021,IC_Digital,2026-03-18,2026-04-01,96.1,5.41,8.671,9.288,50.0,B1021,8.671,9.288,96.1,5.41,High,0.4058,REJECT,14.31,10.88,16.44,0.03488,OK,temp_deviation_from_85=11.100 is +1.9 SD from normal-pass average | pct_change_24_0=0.071 is -0.2 SD from normal-pass average | Chamber_Temperature_C_was_missing=0.000 is -0.1 SD from normal-pass average,True,Medium,Lot-Relative Drift,14.31,11.799,0.6170000000000009,2.511000000000001,0.07
CMP01442,B1027,Relay_Electromech,2026-03-19,2026-03-29,70.8,5.35,15.501,16.05,50.0,B1027,15.501,16.05,70.8,5.35,Low,0.3017,PASS,18.7,17.88,20.34,0.01841,OK,temp_deviation_from_85=-14.200 is -2.4 SD from normal-pass average | pct_change_24_0=0.035 is -0.4 SD from normal-pass average | stress_weighted_rate=0.122 is -0.2 SD from normal-pass average,False,None,Normal,18.7,17.375,0.5490000000000013,1.3249999999999993,-0.63
CMP01962,B1021,IC_Analog,2026-05-04,2026-05-08,86.6,6.41,12.811,13.305,50.0,B1021,12.811,13.305,86.6,6.41,Medium,0.2774,PASS,16.437,14.35,16.4,0.02175,OK,pct_change_24_0=0.039 is -0.4 SD from normal-pass average | rate_0_24=0.021 is -0.3 SD from normal-pass average | temp_deviation_from_85=1.600 is +0.3 SD from normal-pass average,False,None,Normal,16.437,14.871,0.4939999999999998,1.5660000000000007,-0.79
CMP03187,B1044,Tantalum_Capacitor,2026-03-01,2026-03-15,85.2,5.34,7.398,8.089,50.0,B1044,7.398,8.089,85.2,5.34,Medium,0.4273,REJECT,12.327,9.55,16.5,0.02943,OK,rate_0_24=0.029 is +0.3 SD from normal-pass average | stress_weighted_rate=0.154 is +0.2 SD from normal-pass average | Chamber_Temperature_C_was_missing=0.000 is -0.1 SD from normal-pass average,True,Medium,Lot-Relative Drift,12.327,10.208,0.6910000000000007,2.1189999999999998,0.21
CMP00575,B1043,Resistor_Precision,2026-01-29,2026-02-06,80.4,5.5,2.696,3.684,50.0,B1043,2.696,3.684,80.4,5.5,Medium,0.5373,REJECT,8.601,5.69,14.49,0.03415,OK,pct_change_24_0=0.366 is +1.8 SD from normal-pass average | rate_0_24=0.041 is +1.3 SD from normal-pass average | stress_weighted_rate=0.226 is +1.3 SD from normal-pass average,True,High,Lot-Relative Drift,8.601,6.142,0.988,2.4590000000000005,0.94
CMP04840,B1028,Resistor_Precision,2026-02-24,2026-03-09,88.1,5.5,4.73,5.461,50.0,B1028,4.73,5.461,88.1,5.5,Medium,0.3323,PASS,9.221,6.59,12.07,0.02611,OK,temp_deviation_from_85=3.100 is +0.5 SD from normal-pass average | rate_0_24=0.030 is +0.5 SD from normal-pass average | stress_weighted_rate=0.168 is +0.4 SD from normal-pass average,False,None,Normal,9.221,7.341,0.7309999999999999,1.88,-0.42
CMP00740,B1027,IC_Digital,2026-04-11,2026-04-22,84.6,5.53,11.367,12.142,50.0,B1027,11.367,12.142,84.6,5.53,Medium,0.4303,REJECT,16.203,12.96,25.97,0.0282,OK,stress_weighted_rate=0.179 is +0.6 SD from normal-pass average | rate_0_24=0.032 is +0.6 SD from normal-pass average | pct_change_24_0=0.068 is -0.2 SD from normal-pass average,True,Medium,Lot-Relative Drift,16.203,14.172,0.7749999999999986,2.030999999999999,0.23
CMP05957,B1001,Resistor_Precision,2026-06-17,2026-06-29,79.9,6.54,1.709,1.781,50.0,B1001,1.709,1.781,79.9,6.54,Low,0.3594,PASS,5.788,3.99,12.32,0.02783,OK,rate_0_24=0.003 is -1.7 SD from normal-pass average | stress_weighted_rate=0.020 is -1.7 SD from normal-pass average | temp_deviation_from_85=-5.100 is -0.8 SD from normal-pass average,False,None,Normal,5.788,3.785,0.07199999999999984,2.003,-0.24
CMP01726,B1035,MOSFET,2026-04-29,2026-05-11,93.9,5.1,4.427,5.101,50.0,B1035,4.427,5.101,93.9,5.1,High,0.3564,PASS,10.004,6.28,13.3,0.03405,OK,temp_deviation_from_85=8.900 is +1.5 SD from normal-pass average | pct_change_24_0=0.152 is +0.4 SD from normal-pass average | rate_0_24=0.028 is +0.3 SD from normal-pass average,False,None,Normal,10.004,7.552,0.6740000000000004,2.452,-0.26
CMP04532,B1044,Tantalum_Capacitor,2026-04-03,2026-04-13,88.4,5.22,10.8,11.236,50.0,B1044,10.8,11.236,88.4,5.22,Medium,0.2937,PASS,14.881,12.36,15.22,0.02532,OK,stress_weighted_rate=0.095 is -0.6 SD from normal-pass average | temp_deviation_from_85=3.400 is +0.6 SD from normal-pass average | rate_0_24=0.018 is -0.5 SD from normal-pass average,False,None,Normal,14.881,13.058,0.43599999999999994,1.8230000000000004,-0.68
CMP00400,B1033,IC_Analog,2026-02-20,2026-02-28,97.3,5.53,9.815,10.508,50.0,B1033,9.815,10.508,97.3,5.53,High,0.3375,PASS,14.913,12.13,15.17,0.03059,OK,temp_deviation_from_85=12.300 is +2.1 SD from normal-pass average | stress_weighted_rate=0.160 is +0.3 SD from normal-pass average | rate_0_24=0.029 is +0.3 SD from normal-pass average,False,None,Normal,14.913,12.71,0.6929999999999996,2.2029999999999994,-0.39
CMP02937,B1029,Tantalum_Capacitor,2026-06-14,2026-06-17,87.0,4.44,11.79,12.695,50.0,B1029,11.79,12.695,87.0,4.44,Medium,0.42,REJECT,16.772,14.32,20.22,0.02831,OK,rate_0_24=0.038 is +1.0 SD from normal-pass average | stress_weighted_rate=0.167 is +0.4 SD from normal-pass average | temp_deviation_from_85=2.000 is +0.3 SD from normal-pass average,True,Medium,Lot-Relative Drift,16.772,14.734,0.9050000000000011,2.0379999999999985,0.16
CMP02510,B1031,Tantalum_Capacitor,2026-04-30,2026-05-06,81.7,5.2,9.477,10.14,50.0,B1031,9.477,10.14,81.7,5.2,Medium,0.4709,REJECT,14.495,11.37,16.97,0.03024,OK,temp_deviation_from_85=-3.300 is -0.5 SD from normal-pass average | rate_0_24=0.028 is +0.2 SD from normal-pass average | pct_change_24_0=0.070 is -0.2 SD from normal-pass average,True,Medium,Lot-Relative Drift,14.495,12.317,0.6630000000000003,2.177999999999999,0.5
CMP01146,B1030,Tantalum_Capacitor,2026-04-14,2026-04-26,,5.67,8.327,9.087,50.0,B1030,8.327,9.087,,5.67,Low,0.3851,PASS,16.258,10.45,21.12,0.0498,OK,Chamber_Temperature_C_was_missing=1.000 is +7.7 SD from normal-pass average | stress_weighted_rate=0.180 is +0.6 SD from normal-pass average | rate_0_24=0.032 is +0.5 SD from normal-pass average,False,None,Normal,16.258,12.672,0.7599999999999998,3.5859999999999985,-0.07
CMP05928,B1043,Relay_Electromech,2026-04-04,2026-04-18,86.0,5.05,13.288,13.855,50.0,B1043,13.288,13.855,86.0,5.05,Medium,0.3137,PASS,17.156,14.82,17.91,0.02293,OK,pct_change_24_0=0.043 is -0.4 SD from normal-pass average | stress_weighted_rate=0.119 is -0.2 SD from normal-pass average | temp_deviation_from_85=1.000 is +0.2 SD from normal-pass average,False,None,Normal,17.156,15.506,0.5670000000000002,1.6499999999999986,-0.55
CMP03600,B1049,Transistor_BJT,2026-05-05,2026-05-18,84.0,6.08,6.747,6.678,50.0,B1049,6.747,6.678,84.0,6.08,Medium,0.5219,REJECT,12.218,7.38,30.46,0.03847,OK,rate_0_24=-0.003 is -2.2 SD from normal-pass average | stress_weighted_rate=-0.017 is -2.2 SD from normal-pass average | pct_change_24_0=-0.010 is -0.7 SD from normal-pass average,True,High,Lot-Relative Drift,12.218,9.448,-0.06899999999999995,2.7699999999999996,0.84
CMP03140,B1015,Relay_Electromech,2026-04-18,2026-04-21,84.9,5.5,9.473,9.978,50.0,B1015,9.473,9.978,84.9,5.5,Medium,0.3473,PASS,14.152,11.54,14.18,0.02899,OK,pct_change_24_0=0.053 is -0.3 SD from normal-pass average | rate_0_24=0.021 is -0.3 SD from normal-pass average | stress_weighted_rate=0.116 is -0.3 SD from normal-pass average,False,None,Normal,14.152,12.065,0.504999999999999,2.0869999999999997,-0.32
CMP03383,B1008,IC_Analog,2026-02-15,2026-02-25,84.0,5.34,10.001,10.871,50.0,B1008,10.001,10.871,84.0,5.34,Medium,0.4639,REJECT,14.951,12.15,22.37,0.02833,OK,rate_0_24=0.036 is +0.9 SD from normal-pass average | stress_weighted_rate=0.194 is +0.8 SD from normal-pass average | temp_deviation_from_85=-1.000 is -0.2 SD from normal-pass average,True,Medium,Lot-Relative Drift,14.951,12.911,0.870000000000001,2.040000000000001,0.45
CMP04122,B1010,IC_Analog,2026-02-07,2026-02-12,87.0,6.01,5.264,5.9,50.0,B1010,5.264,5.9,87.0,6.01,Medium,0.3298,PASS,9.182,7.0,11.47,0.02279,OK,temp_deviation_from_85=2.000 is +0.3 SD from normal-pass average | stress_weighted_rate=0.159 is +0.3 SD from normal-pass average | pct_change_24_0=0.121 is +0.1 SD from normal-pass average,False,None,Normal,9.182,7.541,0.6360000000000001,1.641,-0.44
CMP03225,B1008,Tantalum_Capacitor,2026-02-11,2026-02-23,72.8,5.05,7.735,,50.0,B1008,7.735,,72.8,5.05,Low,0.497,REJECT,15.328,9.35,19.55,,OK,Value_24h_was_missing=1.000 is +8.9 SD from normal-pass average | temp_deviation_from_85=-12.200 is -2.0 SD from normal-pass average | Chamber_Temperature_C_was_missing=0.000 is -0.1 SD from normal-pass average,True,Medium,Lot-Relative Drift,15.328,,,,0.68
CMP02131,B1029,MOSFET,2026-05-23,2026-06-01,92.0,6.12,6.179,6.584,50.0,B1029,6.179,6.584,92.0,6.12,High,0.285,PASS,10.194,7.54,11.98,0.02507,OK,temp_deviation_from_85=7.000 is +1.2 SD from normal-pass average | rate_0_24=0.017 is -0.6 SD from normal-pass average | stress_weighted_rate=0.103 is -0.5 SD from normal-pass average,False,None,Normal,10.194,8.389,0.40499999999999936,1.8050000000000015,-0.74
CMP01544,B1024,IC_Analog,2026-05-10,2026-05-23,91.5,5.16,12.928,13.24,50.0,B1024,12.928,13.24,91.5,5.16,High,0.2781,PASS,17.145,14.6,17.89,0.02712,OK,temp_deviation_from_85=6.500 is +1.1 SD from normal-pass average | stress_weighted_rate=0.067 is -1.0 SD from normal-pass average | rate_0_24=0.013 is -0.9 SD from normal-pass average,False,None,Normal,17.145,15.192,0.3119999999999994,1.9529999999999994,-0.78
CMP04713,B1029,IC_Digital,2026-01-08,2026-01-12,79.8,5.99,3.098,3.731,50.0,B1029,3.098,3.731,79.8,5.99,Low,0.4295,REJECT,6.254,5.25,8.14,0.01752,OK,temp_deviation_from_85=-5.200 is -0.9 SD from normal-pass average | pct_change_24_0=0.204 is +0.7 SD from normal-pass average | stress_weighted_rate=0.158 is +0.3 SD from normal-pass average,True,Medium,Lot-Relative Drift,6.254,4.992,0.633,1.2619999999999996,0.22
CMP01384,B1007,Resistor_Precision,2026-01-25,2026-02-02,76.0,5.33,3.605,4.232,50.0,B1007,3.605,4.232,76.0,5.33,Low,0.334,PASS,6.83,4.98,7.71,0.01804,OK,temp_deviation_from_85=-9.000 is -1.5 SD from normal-pass average | pct_change_24_0=0.174 is +0.5 SD from normal-pass average | Chamber_Temperature_C_was_missing=0.000 is -0.1 SD from normal-pass average,False,None,Normal,6.83,5.531,0.6270000000000002,1.2990000000000004,-0.41
CMP04598,B1045,Tantalum_Capacitor,2026-02-01,2026-02-10,84.9,5.35,10.992,11.377,50.0,B1045,10.992,11.377,84.9,5.35,Medium,0.2995,PASS,14.91,12.98,14.22,0.02453,OK,stress_weighted_rate=0.086 is -0.7 SD from normal-pass average | rate_0_24=0.016 is -0.7 SD from normal-pass average | pct_change_24_0=0.035 is -0.4 SD from normal-pass average,False,None,Normal,14.91,13.144,0.3849999999999998,1.766,-0.64
CMP02062,B1001,Relay_Electromech,2026-01-23,2026-02-06,77.2,5.62,14.722,15.664,50.0,B1001,14.722,15.664,77.2,5.62,Low,0.531,REJECT,18.9,16.13,22.73,0.02247,OK,temp_deviation_from_85=-7.800 is -1.3 SD from normal-pass average | stress_weighted_rate=0.221 is +1.2 SD from normal-pass average | rate_0_24=0.039 is +1.1 SD from normal-pass average,True,High,Lot-Relative Drift,18.9,17.282,0.9420000000000002,1.6179999999999986,0.9
CMP03629,B1049,IC_Digital,2026-03-28,2026-04-03,85.7,5.84,9.437,10.704,50.0,B1049,9.437,10.704,85.7,5.84,Medium,0.6568,REJECT,16.179,12.34,29.78,0.03802,OK,stress_weighted_rate=0.308 is +2.4 SD from normal-pass average | rate_0_24=0.053 is +2.2 SD from normal-pass average | pct_change_24_0=0.134 is +0.2 SD from normal-pass average,True,High,Lot-Relative Drift,16.179,13.442,1.2670000000000012,2.7369999999999983,1.74
CMP04245,B1041,Diode_Zener,2026-05-24,2026-06-02,84.5,5.96,3.337,4.393,50.0,B1041,3.337,4.393,84.5,5.96,Medium,0.5303,REJECT,10.554,5.79,6.6,0.04278,OK,stress_weighted_rate=0.262 is +1.8 SD from normal-pass average | rate_0_24=0.044 is +1.5 SD from normal-pass average | pct_change_24_0=0.316 is +1.4 SD from normal-pass average,True,High,Lot-Relative Drift,10.554,7.474,1.0559999999999996,3.08,0.9
CMP01485,B1027,Diode_Zener,2026-02-21,2026-03-07,80.6,6.34,6.123,6.414,50.0,B1027,6.123,6.414,80.6,6.34,Medium,0.2499,PASS,10.055,7.33,7.72,0.02528,OK,rate_0_24=0.012 is -1.0 SD from normal-pass average | stress_weighted_rate=0.077 is -0.8 SD from normal-pass average | temp_deviation_from_85=-4.400 is -0.7 SD from normal-pass average,False,None,Normal,10.055,8.234,0.2909999999999995,1.8209999999999997,-0.97
CMP03438,B1027,Transistor_BJT,2026-04-06,2026-04-17,91.1,6.22,8.798,9.604,50.0,B1027,8.798,9.604,91.1,6.22,High,0.4105,REJECT,16.846,11.1,22.34,0.05029,OK,stress_weighted_rate=0.209 is +1.0 SD from normal-pass average | temp_deviation_from_85=6.100 is +1.0 SD from normal-pass average | rate_0_24=0.034 is +0.7 SD from normal-pass average,True,Medium,Lot-Relative Drift,16.846,13.225,0.8059999999999992,3.6210000000000004,0.1
CMP02482,B1048,IC_Analog,2026-01-03,2026-01-14,89.0,6.2,10.11,10.642,50.0,B1048,10.11,10.642,89.0,6.2,Medium,0.2869,PASS,14.231,11.82,14.24,0.02492,OK,temp_deviation_from_85=4.000 is +0.7 SD from normal-pass average | pct_change_24_0=0.053 is -0.3 SD from normal-pass average | rate_0_24=0.022 is -0.2 SD from normal-pass average,False,None,Normal,14.231,12.436,0.532,1.795,-0.73
CMP03584,B1001,IC_Analog,2026-05-21,2026-06-03,90.9,5.41,10.876,11.233,50.0,B1001,10.876,11.233,90.9,5.41,High,0.292,PASS,14.733,12.35,14.02,0.0243,OK,temp_deviation_from_85=5.900 is +1.0 SD from normal-pass average | stress_weighted_rate=0.080 is -0.8 SD from normal-pass average | rate_0_24=0.015 is -0.8 SD from normal-pass average,False,None,Normal,14.733,12.983,0.3570000000000011,1.75,-0.69
CMP04265,B1019,Relay_Electromech,2026-01-08,2026-01-22,87.0,5.35,15.08,15.486,50.0,B1019,15.08,15.486,87.0,5.35,Medium,0.3074,PASS,18.359,16.83,20.72,0.01995,OK,stress_weighted_rate=0.091 is -0.6 SD from normal-pass average | rate_0_24=0.017 is -0.6 SD from normal-pass average | pct_change_24_0=0.027 is -0.5 SD from normal-pass average,False,None,Normal,18.359,16.922,0.4060000000000006,1.4370000000000012,-0.59
CMP03923,B1038,Diode_Zener,2026-06-17,2026-07-01,82.7,5.23,3.285,4.321,50.0,B1038,3.285,4.321,82.7,5.23,Medium,0.4801,REJECT,9.886,5.19,8.61,0.03864,OK,rate_0_24=0.043 is +1.5 SD from normal-pass average | pct_change_24_0=0.315 is +1.4 SD from normal-pass average | stress_weighted_rate=0.226 is +1.3 SD from normal-pass average,True,Medium,Lot-Relative Drift,9.886,7.103,1.0359999999999996,2.7829999999999995,0.56
CMP00501,B1045,MOSFET,2026-02-06,2026-02-19,81.2,6.18,4.899,5.627,50.0,B1045,4.899,5.627,81.2,6.18,Medium,0.4981,REJECT,9.288,7.34,24.22,0.02543,OK,stress_weighted_rate=0.187 is +0.7 SD from normal-pass average | temp_deviation_from_85=-3.800 is -0.6 SD from normal-pass average | rate_0_24=0.030 is +0.4 SD from normal-pass average,True,Medium,Lot-Relative Drift,9.288,7.458,0.7279999999999998,1.83,0.68
CMP03902,B1026,IC_Analog,2026-04-27,2026-05-10,89.8,5.63,10.782,11.273,50.0,B1026,10.782,11.273,89.8,5.63,Medium,0.2706,PASS,15.03,12.33,15.06,0.02609,OK,temp_deviation_from_85=4.800 is +0.8 SD from normal-pass average | pct_change_24_0=0.046 is -0.3 SD from normal-pass average | rate_0_24=0.020 is -0.3 SD from normal-pass average,False,None,Normal,15.03,13.151,0.49099999999999966,1.8789999999999996,-0.83
CMP02399,B1030,Resistor_Precision,2026-07-08,2026-07-22,95.5,5.47,3.34,3.626,50.0,B1030,3.34,3.626,95.5,5.47,High,0.2587,PASS,6.168,5.01,6.01,0.01765,OK,temp_deviation_from_85=10.500 is +1.8 SD from normal-pass average | rate_0_24=0.012 is -1.0 SD from normal-pass average | stress_weighted_rate=0.065 is -1.0 SD from normal-pass average,False,None,Normal,6.168,4.897,0.28600000000000003,1.271,-0.91
CMP00250,B1016,Resistor_Precision,2026-03-03,2026-03-08,78.7,5.48,3.91,4.239,50.0,B1016,3.91,4.239,78.7,5.48,Low,0.2932,PASS,7.383,5.33,13.65,0.02184,OK,temp_deviation_from_85=-6.300 is -1.1 SD from normal-pass average | rate_0_24=0.014 is -0.9 SD from normal-pass average | stress_weighted_rate=0.075 is -0.9 SD from normal-pass average,False,None,Normal,7.383,5.811,0.32899999999999974,1.572,-0.68
CMP05367,B1038,IC_Analog,2026-05-25,2026-06-01,79.4,5.14,7.201,7.872,50.0,B1038,7.201,7.872,79.4,5.14,Low,0.3719,PASS,12.473,9.06,23.12,0.03195,OK,temp_deviation_from_85=-5.600 is -0.9 SD from normal-pass average | rate_0_24=0.028 is +0.3 SD from normal-pass average | Chamber_Temperature_C_was_missing=0.000 is -0.1 SD from normal-pass average,False,None,Normal,12.473,10.172,0.6710000000000003,2.301,-0.16
CMP00493,B1006,Resistor_Precision,2026-02-15,2026-02-21,89.5,5.2,3.835,4.175,50.0,B1006,3.835,4.175,89.5,5.2,Medium,0.2316,PASS,6.631,5.25,8.96,0.01706,OK,stress_weighted_rate=0.074 is -0.9 SD from normal-pass average | rate_0_24=0.014 is -0.8 SD from normal-pass average | temp_deviation_from_85=4.500 is +0.8 SD from normal-pass average,False,None,Normal,6.631,5.403,0.33999999999999986,1.2280000000000006,-1.09
CMP01498,B1031,IC_Digital,2026-05-08,2026-05-18,85.4,6.47,7.024,7.623,50.0,B1031,7.024,7.623,85.4,6.47,Medium,0.4575,REJECT,13.386,8.74,18.74,0.04002,OK,stress_weighted_rate=0.161 is +0.4 SD from normal-pass average | Chamber_Temperature_C_was_missing=0.000 is -0.1 SD from normal-pass average | Value_0h_was_missing=0.000 is -0.1 SD from normal-pass average,True,Medium,Lot-Relative Drift,13.386,10.504,0.5990000000000002,2.8819999999999997,0.41
CMP00796,B1007,Tantalum_Capacitor,2026-05-06,2026-05-20,,4.94,10.518,11.168,50.0,B1007,10.518,11.168,,4.94,Low,0.3818,PASS,15.684,12.28,16.22,0.03136,OK,Chamber_Temperature_C_was_missing=1.000 is +7.7 SD from normal-pass average | pct_change_24_0=0.062 is -0.2 SD from normal-pass average | rate_0_24=0.027 is +0.2 SD from normal-pass average,False,None,Normal,15.684,13.426,0.6499999999999986,2.257999999999999,-0.09
CMP03105,B1031,Transistor_BJT,2026-07-15,2026-07-22,87.2,5.24,6.283,6.613,50.0,B1031,6.283,6.613,87.2,5.24,Medium,0.2747,PASS,10.312,7.57,12.25,0.02568,OK,stress_weighted_rate=0.072 is -0.9 SD from normal-pass average | rate_0_24=0.014 is -0.9 SD from normal-pass average | temp_deviation_from_85=2.200 is +0.4 SD from normal-pass average,False,None,Normal,10.312,8.462,0.33000000000000007,1.8499999999999996,-0.81
CMP02269,B1039,MOSFET,2026-04-08,2026-04-19,84.8,5.55,2.536,3.32,50.0,B1039,2.536,3.32,84.8,5.55,Medium,0.3323,PASS,6.75,5.05,6.55,0.02382,OK,pct_change_24_0=0.309 is +1.4 SD from normal-pass average | stress_weighted_rate=0.181 is +0.6 SD from normal-pass average | rate_0_24=0.033 is +0.6 SD from normal-pass average,False,None,Normal,6.75,5.035,0.7839999999999998,1.7149999999999999,-0.42
CMP01751,B1009,Tantalum_Capacitor,2026-04-01,2026-04-08,78.9,5.8,10.04,10.915,50.0,B1009,10.04,10.915,78.9,5.8,Low,0.5899,REJECT,14.913,12.08,23.08,0.02776,OK,stress_weighted_rate=0.211 is +1.1 SD from normal-pass average | temp_deviation_from_85=-6.100 is -1.0 SD from normal-pass average | rate_0_24=0.036 is +0.9 SD from normal-pass average,True,High,Lot-Relative Drift,14.913,12.914,0.875,1.9990000000000006,1.29
CMP01094,B1008,IC_Analog,2026-02-11,2026-02-21,77.5,5.5,5.977,7.032,50.0,B1008,5.977,7.032,77.5,5.5,Low,0.6473,REJECT,11.344,8.63,21.02,0.02995,OK,rate_0_24=0.044 is +1.5 SD from normal-pass average | stress_weighted_rate=0.242 is +1.5 SD from normal-pass average | temp_deviation_from_85=-7.500 is -1.3 SD from normal-pass average,True,High,Lot-Relative Drift,11.344,9.188,1.0549999999999997,2.155999999999999,1.68
CMP04618,B1041,IC_Analog,2026-06-20,2026-06-23,91.0,4.61,7.795,8.431,50.0,B1041,7.795,8.431,91.0,4.61,High,0.3357,PASS,14.083,9.82,15.32,0.03925,OK,temp_deviation_from_85=6.000 is +1.0 SD from normal-pass average | stress_weighted_rate=0.122 is -0.2 SD from normal-pass average | rate_0_24=0.026 is +0.1 SD from normal-pass average,False,None,Normal,14.083,11.257,0.6359999999999992,2.8260000000000005,-0.4
CMP00660,B1000,Tantalum_Capacitor,2026-06-14,2026-06-28,81.7,5.44,9.339,10.454,50.0,B1000,9.339,10.454,81.7,5.44,Medium,0.5561,REJECT,16.933,11.75,30.45,0.04499,OK,rate_0_24=0.046 is +1.7 SD from normal-pass average | stress_weighted_rate=0.253 is +1.7 SD from normal-pass average | temp_deviation_from_85=-3.300 is -0.5 SD from normal-pass average,True,High,Lot-Relative Drift,16.933,13.694,1.1150000000000002,3.238999999999999,1.07
CMP00474,B1025,Tantalum_Capacitor,2026-06-28,2026-07-02,79.9,5.08,7.12,7.787,50.0,B1025,7.12,7.787,79.9,5.08,Low,0.4502,REJECT,12.117,8.9,21.49,0.03007,OK,temp_deviation_from_85=-5.100 is -0.8 SD from normal-pass average | rate_0_24=0.028 is +0.2 SD from normal-pass average | Chamber_Temperature_C_was_missing=0.000 is -0.1 SD from normal-pass average,True,Medium,Lot-Relative Drift,12.117,9.952,0.6669999999999998,2.165000000000001,0.36
CMP03551,B1009,Diode_Zener,2026-01-08,2026-01-18,81.4,5.04,0.481,1.605,50.0,B1009,0.481,1.605,81.4,5.04,Medium,0.6258,REJECT,9.799,3.93,15.71,0.0569,OK,pct_change_24_0=2.337 is +14.8 SD from normal-pass average | rate_0_24=0.047 is +1.7 SD from normal-pass average | stress_weighted_rate=0.236 is +1.4 SD from normal-pass average,True,High,Lot-Relative Drift,9.799,5.702,1.124,4.0969999999999995,1.53
CMP02149,B1030,IC_Analog,2026-03-01,2026-03-05,85.8,4.89,11.127,12.285,50.0,B1030,11.127,12.285,85.8,4.89,Medium,0.5859,REJECT,17.253,13.2,33.83,0.0345,OK,rate_0_24=0.048 is +1.9 SD from normal-pass average | stress_weighted_rate=0.236 is +1.4 SD from normal-pass average | temp_deviation_from_85=0.800 is +0.1 SD from normal-pass average,True,High,Lot-Relative Drift,17.253,14.769,1.1579999999999995,2.484,1.27
CMP02834,B1045,Diode_Zener,2026-01-17,2026-01-24,86.6,5.46,5.846,6.46,50.0,B1045,5.846,6.46,86.6,5.46,Medium,0.3537,PASS,9.685,7.46,9.32,0.02239,OK,temp_deviation_from_85=1.600 is +0.3 SD from normal-pass average | Chamber_Temperature_C_was_missing=0.000 is -0.1 SD from normal-pass average | Value_0h_was_missing=0.000 is -0.1 SD from normal-pass average,False,None,Normal,9.685,8.072,0.6139999999999999,1.6130000000000013,-0.28
CMP00383,B1040,MOSFET,2026-04-03,2026-04-09,96.3,5.82,3.79,4.811,50.0,B1040,3.79,4.811,96.3,5.82,High,0.3742,PASS,10.984,6.38,15.19,0.04287,OK,temp_deviation_from_85=11.300 is +1.9 SD from normal-pass average | stress_weighted_rate=0.248 is +1.6 SD from normal-pass average | rate_0_24=0.043 is +1.4 SD from normal-pass average,False,None,Normal,10.984,7.898,1.021,3.0860000000000003,-0.14
CMP00692,B1007,MOSFET,2026-04-16,2026-04-29,86.4,5.53,10.429,10.96,50.0,B1007,10.429,10.96,86.4,5.53,Medium,0.3102,PASS,16.094,11.86,16.09,0.03565,OK,pct_change_24_0=0.051 is -0.3 SD from normal-pass average | temp_deviation_from_85=1.400 is +0.2 SD from normal-pass average | rate_0_24=0.022 is -0.2 SD from normal-pass average,False,None,Normal,16.094,13.527,0.5310000000000006,2.567000000000002,-0.57
CMP04490,B1038,MOSFET,2026-05-15,2026-05-20,78.6,6.22,7.371,7.801,50.0,B1038,7.371,7.801,78.6,6.22,Low,0.3028,PASS,12.069,8.72,11.74,0.02964,OK,temp_deviation_from_85=-6.400 is -1.1 SD from normal-pass average | rate_0_24=0.018 is -0.5 SD from normal-pass average | stress_weighted_rate=0.111 is -0.4 SD from normal-pass average,False,None,Normal,12.069,9.935,0.4299999999999997,2.1340000000000003,-0.62
CMP04228,B1006,Tantalum_Capacitor,2026-05-23,2026-06-04,87.7,5.23,10.133,10.753,50.0,B1006,10.133,10.753,87.7,5.23,Medium,0.404,REJECT,14.8,11.95,17.31,0.02811,OK,temp_deviation_from_85=2.700 is +0.5 SD from normal-pass average | pct_change_24_0=0.061 is -0.2 SD from normal-pass average | Chamber_Temperature_C_was_missing=0.000 is -0.1 SD from normal-pass average,True,Medium,Lot-Relative Drift,14.8,12.776,0.620000000000001,2.024000000000001,0.05
CMP04711,B1021,MOSFET,2026-02-23,2026-03-02,81.0,5.5,4.079,4.522,50.0,B1021,4.079,4.522,81.0,5.5,Medium,0.3037,PASS,8.266,6.12,8.76,0.026,OK,temp_deviation_from_85=-4.000 is -0.7 SD from normal-pass average | rate_0_24=0.018 is -0.5 SD from normal-pass average | stress_weighted_rate=0.102 is -0.5 SD from normal-pass average,False,None,Normal,8.266,6.394,0.4430000000000005,1.8719999999999999,-0.61
CMP05719,B1027,Transistor_BJT,2026-03-23,2026-03-27,93.2,5.01,7.499,8.409,50.0,B1027,7.499,8.409,93.2,5.01,High,0.4368,REJECT,13.248,9.68,21.46,0.03361,OK,temp_deviation_from_85=8.200 is +1.4 SD from normal-pass average | rate_0_24=0.038 is +1.0 SD from normal-pass average | stress_weighted_rate=0.190 is +0.8 SD from normal-pass average,True,Medium,Lot-Relative Drift,13.248,10.828,0.910000000000001,2.42,0.27
CMP00360,B1037,Transistor_BJT,2026-06-22,2026-06-30,86.5,5.26,4.628,5.209,50.0,B1037,4.628,5.209,86.5,5.26,Medium,0.3182,PASS,8.6,6.45,9.01,0.02355,OK,temp_deviation_from_85=1.500 is +0.3 SD from normal-pass average | pct_change_24_0=0.126 is +0.2 SD from normal-pass average | Chamber_Temperature_C_was_missing=0.000 is -0.1 SD from normal-pass average,False,None,Normal,8.6,6.904,0.5809999999999995,1.6959999999999997,-0.52
CMP05287,B1033,Tantalum_Capacitor,2026-05-15,2026-05-29,83.8,5.27,8.202,7.079,50.0,B1033,8.202,7.079,83.8,5.27,Medium,0.6021,REJECT,19.444,8.46,36.82,0.08587,EARLY_REJECT,rate_0_24=-0.047 is -5.7 SD from normal-pass average | stress_weighted_rate=-0.247 is -5.4 SD from normal-pass average | pct_change_24_0=-0.137 is -1.6 SD from normal-pass average,True,Critical,Accelerating Drift,19.444,13.261,-1.1230000000000002,6.183,1.38
CMP02842,B1023,Transistor_BJT,2026-06-18,2026-06-25,86.7,5.87,8.199,8.308,50.0,B1023,8.199,8.308,86.7,5.87,Medium,0.318,PASS,13.672,8.89,14.89,0.03725,OK,rate_0_24=0.005 is -1.6 SD from normal-pass average | stress_weighted_rate=0.027 is -1.6 SD from normal-pass average | pct_change_24_0=0.013 is -0.6 SD from normal-pass average,False,None,Normal,13.672,10.99,0.10899999999999999,2.6820000000000004,-0.52
CMP03322,B1011,Relay_Electromech,2026-05-23,2026-06-04,82.8,5.68,6.069,6.052,50.0,B1011,6.069,6.052,82.8,5.68,Medium,0.3306,PASS,12.026,7.5,16.41,0.04148,OK,rate_0_24=-0.001 is -2.0 SD from normal-pass average | stress_weighted_rate=-0.004 is -2.0 SD from normal-pass average | pct_change_24_0=-0.003 is -0.7 SD from normal-pass average,False,None,Normal,12.026,9.039,-0.017000000000000348,2.987,-0.43
CMP05021,B1016,Tantalum_Capacitor,2026-01-14,2026-01-25,90.2,5.63,7.875,8.514,50.0,B1016,7.875,8.514,90.2,5.63,High,0.4282,REJECT,12.387,9.84,17.53,0.0269,OK,temp_deviation_from_85=5.200 is +0.9 SD from normal-pass average | stress_weighted_rate=0.150 is +0.2 SD from normal-pass average | rate_0_24=0.027 is +0.1 SD from normal-pass average,True,Medium,Lot-Relative Drift,12.387,10.45,0.6389999999999993,1.9370000000000012,0.22
CMP04488,B1039,Diode_Zener,2026-06-06,2026-06-18,82.6,5.99,7.565,7.922,50.0,B1039,7.565,7.922,82.6,5.99,Medium,0.2682,PASS,12.196,8.65,14.68,0.02968,OK,rate_0_24=0.015 is -0.8 SD from normal-pass average | stress_weighted_rate=0.089 is -0.7 SD from normal-pass average | temp_deviation_from_85=-2.400 is -0.4 SD from normal-pass average,False,None,Normal,12.196,10.059,0.3569999999999993,2.1370000000000005,-0.85
CMP05604,B1014,IC_Analog,2026-05-09,2026-05-16,82.3,5.47,7.668,8.923,50.0,B1014,7.668,8.923,82.3,5.47,Medium,0.768,REJECT,16.009,10.82,27.51,0.04921,OK,rate_0_24=0.052 is +2.2 SD from normal-pass average | stress_weighted_rate=0.286 is +2.1 SD from normal-pass average | temp_deviation_from_85=-2.700 is -0.4 SD from normal-pass average,True,Critical,Severe Latent Degradation,16.009,12.466,1.255,3.543000000000001,2.48
CMP00330,B1011,MOSFET,2026-03-12,2026-03-23,72.2,5.09,8.062,8.697,50.0,B1011,8.062,8.697,72.2,5.09,Low,0.3666,PASS,13.527,10.19,24.78,0.03354,OK,temp_deviation_from_85=-12.800 is -2.1 SD from normal-pass average | rate_0_24=0.026 is +0.1 SD from normal-pass average | Chamber_Temperature_C_was_missing=0.000 is -0.1 SD from normal-pass average,False,None,Normal,13.527,11.112,0.6349999999999998,2.414999999999999,-0.19
CMP03729,B1021,Transistor_BJT,2026-06-18,2026-06-29,82.7,5.18,7.877,8.247,50.0,B1021,7.877,8.247,82.7,5.18,Medium,0.306,PASS,12.243,9.38,13.84,0.02775,OK,stress_weighted_rate=0.080 is -0.8 SD from normal-pass average | rate_0_24=0.015 is -0.7 SD from normal-pass average | temp_deviation_from_85=-2.300 is -0.4 SD from normal-pass average,False,None,Normal,12.243,10.245,0.3700000000000001,1.998000000000001,-0.6
CMP05256,B1001,Transistor_BJT,2026-05-18,2026-05-26,79.9,6.0,6.245,6.651,50.0,B1001,6.245,6.651,79.9,6.0,Low,0.329,PASS,10.261,7.4,15.37,0.02507,OK,temp_deviation_from_85=-5.100 is -0.8 SD from normal-pass average | rate_0_24=0.017 is -0.6 SD from normal-pass average | stress_weighted_rate=0.101 is -0.5 SD from normal-pass average,False,None,Normal,10.261,8.456,0.4059999999999997,1.8049999999999997,-0.44
CMP05261,B1048,IC_Digital,2026-04-20,2026-05-01,77.7,5.84,7.798,8.123,50.0,B1048,7.798,8.123,77.7,5.84,Low,0.2829,PASS,12.192,9.25,13.45,0.02825,OK,temp_deviation_from_85=-7.300 is -1.2 SD from normal-pass average | rate_0_24=0.014 is -0.9 SD from normal-pass average | stress_weighted_rate=0.079 is -0.8 SD from normal-pass average,False,None,Normal,12.192,10.157,0.3249999999999993,2.035,-0.75
CMP00419,B1014,Transistor_BJT,2026-05-23,2026-06-03,83.3,5.25,5.733,6.56,50.0,B1014,5.733,6.56,83.3,5.25,Medium,0.4065,REJECT,10.312,7.69,11.38,0.02605,OK,rate_0_24=0.034 is +0.8 SD from normal-pass average | stress_weighted_rate=0.181 is +0.6 SD from normal-pass average | pct_change_24_0=0.144 is +0.3 SD from normal-pass average,True,Medium,Lot-Relative Drift,10.312,8.436,0.827,1.8759999999999994,0.07
CMP04487,B1011,Transistor_BJT,2026-02-18,2026-02-22,94.1,5.83,5.719,6.047,50.0,B1011,5.719,6.047,94.1,5.83,High,0.2666,PASS,9.776,7.09,8.63,0.0259,OK,temp_deviation_from_85=9.100 is +1.5 SD from normal-pass average | rate_0_24=0.014 is -0.9 SD from normal-pass average | stress_weighted_rate=0.080 is -0.8 SD from normal-pass average,False,None,Normal,9.776,7.912,0.3279999999999994,1.8639999999999999,-0.86
CMP03227,B1040,IC_Analog,2026-03-12,2026-03-23,77.5,5.58,15.363,16.25,50.0,B1040,15.363,16.25,77.5,5.58,Low,0.4261,REJECT,19.766,18.38,26.47,0.02442,OK,temp_deviation_from_85=-7.500 is -1.3 SD from normal-pass average | stress_weighted_rate=0.206 is +1.0 SD from normal-pass average | rate_0_24=0.037 is +1.0 SD from normal-pass average,True,Medium,Lot-Relative Drift,19.766,18.008,0.8870000000000005,1.7579999999999991,0.2
CMP00021,B1025,IC_Digital,2026-01-05,2026-01-17,82.5,5.94,8.858,9.918,50.0,B1025,8.858,9.918,82.5,5.94,Medium,0.5685,REJECT,15.916,11.11,26.04,0.04165,OK,stress_weighted_rate=0.262 is +1.8 SD from normal-pass average | rate_0_24=0.044 is +1.5 SD from normal-pass average | temp_deviation_from_85=-2.500 is -0.4 SD from normal-pass average,True,High,Lot-Relative Drift,15.916,12.917,1.0599999999999987,2.9990000000000006,1.15
CMP00674,B1049,Relay_Electromech,2026-04-23,2026-04-30,81.1,5.84,5.393,6.097,50.0,B1049,5.393,6.097,81.1,5.84,Medium,0.3964,REJECT,9.967,7.46,10.32,0.02688,OK,temp_deviation_from_85=-3.900 is -0.6 SD from normal-pass average | stress_weighted_rate=0.171 is +0.5 SD from normal-pass average | rate_0_24=0.029 is +0.4 SD from normal-pass average,True,Medium,Lot-Relative Drift,9.967,8.032,0.7040000000000006,1.9350000000000005,0.0
CMP02087,B1043,Transistor_BJT,2026-04-30,2026-05-13,91.0,5.7,7.796,8.69,50.0,B1043,7.796,8.69,91.0,5.7,High,0.42,REJECT,13.014,10.22,21.63,0.03003,OK,stress_weighted_rate=0.212 is +1.1 SD from normal-pass average | temp_deviation_from_85=6.000 is +1.0 SD from normal-pass average | rate_0_24=0.037 is +1.0 SD from normal-pass average,True,Medium,Lot-Relative Drift,13.014,10.852,0.8939999999999992,2.161999999999999,0.16
CMP05724,B1024,MOSFET,2026-01-29,2026-02-09,82.2,6.18,9.899,10.839,50.0,B1024,9.899,10.839,82.2,6.18,Medium,0.5259,REJECT,14.682,12.0,19.04,0.02669,OK,stress_weighted_rate=0.242 is +1.5 SD from normal-pass average | rate_0_24=0.039 is +1.1 SD from normal-pass average | temp_deviation_from_85=-2.800 is -0.5 SD from normal-pass average,True,High,Lot-Relative Drift,14.682,12.76,0.9400000000000013,1.9220000000000006,0.87
CMP04401,B1032,Diode_Zener,2026-05-16,2026-05-29,88.3,5.32,6.571,6.807,50.0,B1032,6.571,6.807,88.3,5.32,Medium,0.2101,PASS,10.234,8.03,9.36,0.0238,OK,stress_weighted_rate=0.052 is -1.2 SD from normal-pass average | rate_0_24=0.010 is -1.2 SD from normal-pass average | temp_deviation_from_85=3.300 is +0.6 SD from normal-pass average,False,None,Normal,10.234,8.52,0.23600000000000065,1.7140000000000004,-1.24
CMP01687,B1032,Relay_Electromech,2026-02-09,2026-02-18,82.3,5.62,13.664,15.35,50.0,B1032,13.664,15.35,82.3,5.62,Medium,0.9148,REJECT,24.082,17.62,39.41,0.06064,EARLY_REJECT,stress_weighted_rate=0.395 is +3.7 SD from normal-pass average | rate_0_24=0.070 is +3.6 SD from normal-pass average | temp_deviation_from_85=-2.700 is -0.4 SD from normal-pass average,True,Critical,Accelerating Drift,24.082,19.716,1.686,4.366,3.46
CMP04343,B1023,MOSFET,2026-06-19,2026-07-01,83.8,5.97,10.663,10.997,50.0,B1023,10.663,10.997,83.8,5.97,Medium,0.2752,PASS,14.645,12.12,16.78,0.02533,OK,rate_0_24=0.014 is -0.9 SD from normal-pass average | stress_weighted_rate=0.083 is -0.8 SD from normal-pass average | pct_change_24_0=0.031 is -0.4 SD from normal-pass average,False,None,Normal,14.645,12.821,0.33399999999999963,1.8239999999999998,-0.8
CMP05453,B1042,Relay_Electromech,2026-03-12,2026-03-21,77.6,5.39,3.232,3.742,50.0,B1042,3.232,3.742,77.6,5.39,Low,0.3621,PASS,6.726,5.01,6.4,0.02072,OK,temp_deviation_from_85=-7.400 is -1.2 SD from normal-pass average | pct_change_24_0=0.158 is +0.4 SD from normal-pass average | stress_weighted_rate=0.115 is -0.3 SD from normal-pass average,False,None,Normal,6.726,5.234,0.5099999999999998,1.492,-0.22
CMP01257,B1021,Diode_Zener,2026-04-22,2026-05-01,87.0,5.66,2.328,2.833,50.0,B1021,2.328,2.833,87.0,5.66,Medium,0.2612,PASS,5.767,4.72,6.77,0.02037,OK,pct_change_24_0=0.217 is +0.8 SD from normal-pass average | temp_deviation_from_85=2.000 is +0.3 SD from normal-pass average | rate_0_24=0.021 is -0.3 SD from normal-pass average,False,None,Normal,5.767,4.3,0.5050000000000003,1.4670000000000005,-0.9
CMP01703,B1010,Tantalum_Capacitor,2026-06-25,2026-07-01,83.5,5.75,8.472,8.456,50.0,B1010,8.472,8.456,83.5,5.75,Medium,0.3949,PASS,13.192,9.58,15.16,0.03289,OK,rate_0_24=-0.001 is -2.0 SD from normal-pass average | stress_weighted_rate=-0.004 is -2.0 SD from normal-pass average | pct_change_24_0=-0.002 is -0.7 SD from normal-pass average,False,None,Normal,13.192,10.824,-0.016000000000000014,2.3680000000000003,-0.01
CMP03059,B1024,Tantalum_Capacitor,2026-06-20,2026-06-30,81.8,5.67,8.992,9.381,50.0,B1024,8.992,9.381,81.8,5.67,Medium,0.3044,PASS,13.596,10.48,13.89,0.02927,OK,rate_0_24=0.016 is -0.7 SD from normal-pass average | stress_weighted_rate=0.092 is -0.6 SD from normal-pass average | temp_deviation_from_85=-3.200 is -0.5 SD from normal-pass average,False,None,Normal,13.596,11.488,0.38899999999999935,2.1080000000000005,-0.61
CMP03986,B1002,IC_Digital,2026-06-09,2026-06-19,87.2,5.13,8.353,9.263,50.0,B1002,8.353,9.263,87.2,5.13,Medium,0.4712,REJECT,14.704,10.4,24.56,0.03779,OK,rate_0_24=0.038 is +1.0 SD from normal-pass average | stress_weighted_rate=0.195 is +0.8 SD from normal-pass average | temp_deviation_from_85=2.200 is +0.4 SD from normal-pass average,True,Medium,Lot-Relative Drift,14.704,11.984,0.9100000000000001,2.7200000000000006,0.5
CMP02145,B1030,Relay_Electromech,2026-02-12,2026-02-22,86.6,5.74,12.296,12.564,50.0,B1030,12.296,12.564,86.6,5.74,Medium,0.2726,PASS,15.898,13.95,16.72,0.02315,OK,rate_0_24=0.011 is -1.1 SD from normal-pass average | stress_weighted_rate=0.064 is -1.0 SD from normal-pass average | pct_change_24_0=0.022 is -0.5 SD from normal-pass average,False,None,Normal,15.898,14.231,0.2680000000000007,1.6669999999999998,-0.82
CMP03386,B1023,IC_Analog,2026-04-06,2026-04-17,82.5,5.6,6.285,7.053,50.0,B1023,6.285,7.053,82.5,5.6,Medium,0.3675,PASS,10.398,8.43,13.29,0.02323,OK,stress_weighted_rate=0.179 is +0.6 SD from normal-pass average | rate_0_24=0.032 is +0.6 SD from normal-pass average | temp_deviation_from_85=-2.500 is -0.4 SD from normal-pass average,False,None,Normal,10.398,8.726,0.7679999999999998,1.6719999999999988,-0.19
CMP03995,B1026,Relay_Electromech,2026-07-11,2026-07-19,78.1,5.68,12.71,13.278,50.0,B1026,12.71,13.278,78.1,5.68,Low,0.3307,PASS,17.339,14.39,20.47,0.0282,OK,temp_deviation_from_85=-6.900 is -1.2 SD from normal-pass average | pct_change_24_0=0.045 is -0.4 SD from normal-pass average | Chamber_Temperature_C_was_missing=0.000 is -0.1 SD from normal-pass average,False,None,Normal,17.339,15.308,0.5679999999999996,2.030999999999999,-0.43
CMP00178,B1009,IC_Analog,2026-03-29,2026-04-06,76.5,5.43,7.811,8.525,50.0,B1009,7.811,8.525,76.5,5.43,Low,0.3466,PASS,12.456,9.91,14.86,0.0273,OK,temp_deviation_from_85=-8.500 is -1.4 SD from normal-pass average | rate_0_24=0.030 is +0.4 SD from normal-pass average | stress_weighted_rate=0.162 is +0.4 SD from normal-pass average,False,None,Normal,12.456,10.49,0.7140000000000004,1.9659999999999993,-0.33
CMP05759,B1032,Resistor_Precision,2026-01-05,2026-01-19,95.3,5.47,0.958,1.615,50.0,B1032,0.958,1.615,95.3,5.47,High,0.2521,PASS,4.149,3.32,5.45,0.0176,OK,pct_change_24_0=0.686 is +3.9 SD from normal-pass average | temp_deviation_from_85=10.300 is +1.7 SD from normal-pass average | rate_0_24=0.027 is +0.2 SD from normal-pass average,False,None,Normal,4.149,2.882,0.657,1.267,-0.96
CMP01171,B1025,MOSFET,2026-03-04,2026-03-15,95.4,5.55,9.251,10.266,50.0,B1025,9.251,10.266,95.4,5.55,High,0.4128,REJECT,15.081,11.86,22.29,0.03344,OK,temp_deviation_from_85=10.400 is +1.7 SD from normal-pass average | stress_weighted_rate=0.235 is +1.4 SD from normal-pass average | rate_0_24=0.042 is +1.4 SD from normal-pass average,True,Medium,Lot-Relative Drift,15.081,12.674,1.0150000000000006,2.407,0.11
CMP03028,B1047,IC_Digital,2026-04-15,2026-04-27,77.1,5.84,8.111,8.585,50.0,B1047,8.111,8.585,77.1,5.84,Low,0.2848,PASS,12.528,9.85,11.94,0.02738,OK,temp_deviation_from_85=-7.900 is -1.3 SD from normal-pass average | rate_0_24=0.020 is -0.4 SD from normal-pass average | stress_weighted_rate=0.115 is -0.3 SD from normal-pass average,False,None,Normal,12.528,10.556,0.4740000000000002,1.9720000000000013,-0.74
CMP03656,B1028,Transistor_BJT,2026-05-02,2026-05-08,94.3,6.64,6.961,7.723,50.0,B1028,6.961,7.723,94.3,6.64,High,0.4143,REJECT,14.135,9.31,27.28,0.04453,OK,temp_deviation_from_85=9.300 is +1.6 SD from normal-pass average | stress_weighted_rate=0.211 is +1.1 SD from normal-pass average | rate_0_24=0.032 is +0.6 SD from normal-pass average,True,Medium,Lot-Relative Drift,14.135,10.929,0.7619999999999996,3.2059999999999995,0.12
CMP02680,B1006,Diode_Zener,2026-04-09,2026-04-20,85.3,4.09,4.849,5.166,50.0,B1006,4.849,5.166,85.3,4.09,Medium,0.2578,PASS,8.822,6.23,11.02,0.02539,OK,stress_weighted_rate=0.054 is -1.2 SD from normal-pass average | rate_0_24=0.013 is -0.9 SD from normal-pass average | pct_change_24_0=0.065 is -0.2 SD from normal-pass average,False,None,Normal,8.822,6.994,0.31700000000000017,1.8279999999999994,-0.92
CMP05022,B1008,MOSFET,2026-06-25,2026-07-06,74.0,5.82,7.794,8.439,50.0,B1008,7.794,8.439,74.0,5.82,Low,0.4036,REJECT,12.557,9.66,15.95,0.02859,OK,temp_deviation_from_85=-11.000 is -1.8 SD from normal-pass average | stress_weighted_rate=0.156 is +0.3 SD from normal-pass average | rate_0_24=0.027 is +0.2 SD from normal-pass average,True,Medium,Lot-Relative Drift,12.557,10.498,0.6450000000000005,2.059000000000001,0.05
CMP00765,B1000,Transistor_BJT,2026-04-18,2026-04-21,93.3,5.46,8.661,9.024,50.0,B1000,8.661,9.024,93.3,5.46,High,0.2714,PASS,17.445,10.34,17.22,0.05848,OK,temp_deviation_from_85=8.300 is +1.4 SD from normal-pass average | rate_0_24=0.015 is -0.8 SD from normal-pass average | stress_weighted_rate=0.083 is -0.8 SD from normal-pass average,False,None,Normal,17.445,13.234,0.36299999999999955,4.211,-0.83
CMP00343,B1008,Diode_Zener,2026-01-15,2026-01-18,90.2,5.58,2.643,5.087,50.0,B1008,2.643,5.087,90.2,5.58,High,0.9694,REJECT,21.184,8.42,20.59,0.11179,EARLY_REJECT,stress_weighted_rate=0.568 is +6.1 SD from normal-pass average | rate_0_24=0.102 is +6.1 SD from normal-pass average | pct_change_24_0=0.925 is +5.5 SD from normal-pass average,True,Critical,Accelerating Drift,21.184,13.136,2.444,8.048000000000002,3.82
CMP04624,B1010,Tantalum_Capacitor,2026-07-09,2026-07-16,92.2,4.88,7.333,8.056,50.0,B1010,7.333,8.056,92.2,4.88,High,0.4013,REJECT,12.386,9.39,18.01,0.03007,OK,temp_deviation_from_85=7.200 is +1.2 SD from normal-pass average | rate_0_24=0.030 is +0.4 SD from normal-pass average | stress_weighted_rate=0.147 is +0.2 SD from normal-pass average,True,Medium,Lot-Relative Drift,12.386,10.221,0.722999999999999,2.164999999999999,0.04
CMP02853,B1019,Diode_Zener,2026-05-27,2026-05-31,85.6,5.21,4.363,4.843,50.0,B1019,4.363,4.843,85.6,5.21,Medium,0.2742,PASS,8.332,6.11,8.71,0.02423,OK,stress_weighted_rate=0.104 is -0.5 SD from normal-pass average | rate_0_24=0.020 is -0.4 SD from normal-pass average | Chamber_Temperature_C_was_missing=0.000 is -0.1 SD from normal-pass average,False,None,Normal,8.332,6.588,0.47999999999999954,1.7440000000000007,-0.81
CMP01807,B1007,MOSFET,2026-03-30,2026-04-05,81.3,5.77,3.55,4.014,50.0,B1007,3.55,4.014,81.3,5.77,Medium,0.3254,PASS,6.667,5.3,6.78,0.01842,OK,temp_deviation_from_85=-3.700 is -0.6 SD from normal-pass average | rate_0_24=0.019 is -0.4 SD from normal-pass average | stress_weighted_rate=0.112 is -0.4 SD from normal-pass average,False,None,Normal,6.667,5.341,0.4640000000000004,1.3259999999999996,-0.47
CMP04233,B1034,IC_Analog,2026-06-11,2026-06-22,71.8,5.44,9.773,10.339,50.0,B1034,9.773,10.339,71.8,5.44,Low,0.2969,PASS,15.291,11.55,17.85,0.03439,OK,temp_deviation_from_85=-13.200 is -2.2 SD from normal-pass average | pct_change_24_0=0.058 is -0.3 SD from normal-pass average | Chamber_Temperature_C_was_missing=0.000 is -0.1 SD from normal-pass average,False,None,Normal,15.291,12.815,0.5660000000000007,2.476000000000001,-0.66
CMP01560,B1018,Resistor_Precision,2026-05-20,2026-05-25,83.2,5.09,3.43,3.82,50.0,B1018,3.43,3.82,83.2,5.09,Medium,0.2734,PASS,6.459,4.96,6.06,0.01833,OK,stress_weighted_rate=0.083 is -0.8 SD from normal-pass average | rate_0_24=0.016 is -0.7 SD from normal-pass average | temp_deviation_from_85=-1.800 is -0.3 SD from normal-pass average,False,None,Normal,6.459,5.14,0.3899999999999997,1.319,-0.82
CMP05050,B1020,IC_Digital,2026-03-22,2026-03-26,83.1,5.38,15.071,19.552,50.0,B1020,15.071,19.552,83.1,5.38,Medium,0.9827,REJECT,24.432,22.4,25.77,0.03389,OK,rate_0_24=0.187 is +12.8 SD from normal-pass average | stress_weighted_rate=1.004 is +12.3 SD from normal-pass average | pct_change_24_0=0.297 is +1.3 SD from normal-pass average,True,Critical,Severe Latent Degradation,24.432,21.992,4.481,2.4399999999999977,3.91
CMP05798,B1013,Tantalum_Capacitor,2026-05-21,2026-05-30,78.7,5.21,10.337,10.619,50.0,B1013,10.337,10.619,78.7,5.21,Low,0.2661,PASS,15.427,12.03,16.58,0.03339,OK,stress_weighted_rate=0.061 is -1.1 SD from normal-pass average | temp_deviation_from_85=-6.300 is -1.1 SD from normal-pass average | rate_0_24=0.012 is -1.0 SD from normal-pass average,False,None,Normal,15.427,13.023,0.28200000000000003,2.404,-0.86
CMP03186,B1004,Relay_Electromech,2026-02-25,2026-03-03,84.3,5.78,15.332,16.114,50.0,B1004,15.332,16.114,84.3,5.78,Medium,0.411,REJECT,19.402,17.51,23.71,0.02283,OK,stress_weighted_rate=0.188 is +0.7 SD from normal-pass average | rate_0_24=0.033 is +0.6 SD from normal-pass average | pct_change_24_0=0.051 is -0.3 SD from normal-pass average,True,Medium,Lot-Relative Drift,19.402,17.758,0.782,1.644000000000002,0.1
CMP01350,B1009,IC_Analog,2026-04-21,2026-05-04,86.3,5.53,8.337,8.797,50.0,B1009,8.337,8.797,86.3,5.53,Medium,0.2762,PASS,12.958,9.93,14.62,0.0289,OK,rate_0_24=0.019 is -0.4 SD from normal-pass average | stress_weighted_rate=0.106 is -0.4 SD from normal-pass average | pct_change_24_0=0.055 is -0.3 SD from normal-pass average,False,None,Normal,12.958,10.878,0.46000000000000085,2.08,-0.8
CMP03827,B1035,IC_Digital,2026-05-06,2026-05-11,92.6,5.45,9.159,9.827,50.0,B1035,9.159,9.827,92.6,5.45,High,0.442,REJECT,14.772,10.83,16.24,0.03434,OK,temp_deviation_from_85=7.600 is +1.3 SD from normal-pass average | rate_0_24=0.028 is +0.2 SD from normal-pass average | stress_weighted_rate=0.152 is +0.2 SD from normal-pass average,True,Medium,Lot-Relative Drift,14.772,12.3,0.6679999999999993,2.4719999999999995,0.31
CMP04997,B1019,Resistor_Precision,2026-06-20,2026-06-29,79.6,5.18,2.905,3.859,50.0,B1019,2.905,3.859,79.6,5.18,Low,0.5091,REJECT,9.829,5.69,18.6,0.04146,OK,pct_change_24_0=0.328 is +1.5 SD from normal-pass average | rate_0_24=0.040 is +1.2 SD from normal-pass average | stress_weighted_rate=0.206 is +1.0 SD from normal-pass average,True,High,Lot-Relative Drift,9.829,6.844,0.9540000000000002,2.9850000000000003,0.76
CMP04640,B1047,Resistor_Precision,2026-03-21,2026-03-27,82.1,4.82,3.954,4.365,50.0,B1047,3.954,4.365,82.1,4.82,Medium,0.2816,PASS,7.791,5.25,6.33,0.02379,OK,stress_weighted_rate=0.083 is -0.8 SD from normal-pass average | rate_0_24=0.017 is -0.6 SD from normal-pass average | temp_deviation_from_85=-2.900 is -0.5 SD from normal-pass average,False,None,Normal,7.791,6.078,0.41100000000000003,1.713,-0.76
CMP05122,B1043,Diode_Zener,2026-01-13,2026-01-24,79.3,5.47,5.823,7.08,50.0,B1043,5.823,7.08,79.3,5.47,Low,0.7257,REJECT,11.577,8.67,21.16,0.03123,OK,rate_0_24=0.052 is +2.2 SD from normal-pass average | stress_weighted_rate=0.286 is +2.1 SD from normal-pass average | temp_deviation_from_85=-5.700 is -1.0 SD from normal-pass average,True,Critical,Severe Latent Degradation,11.577,9.328,1.2569999999999997,2.2490000000000006,2.2
CMP00127,B1041,Transistor_BJT,2026-04-01,2026-04-13,93.3,5.43,7.933,8.551,50.0,B1041,7.933,8.551,93.3,5.43,High,0.3654,PASS,12.534,9.91,17.42,0.02766,OK,temp_deviation_from_85=8.300 is +1.4 SD from normal-pass average | pct_change_24_0=0.078 is -0.1 SD from normal-pass average | Chamber_Temperature_C_was_missing=0.000 is -0.1 SD from normal-pass average,False,None,Normal,12.534,10.542,0.6180000000000003,1.9920000000000009,-0.2
CMP02140,B1016,Transistor_BJT,2026-07-06,2026-07-17,99.1,5.85,5.033,5.704,50.0,B1016,5.033,5.704,99.1,5.85,High,0.269,PASS,9.361,7.0,8.65,0.02539,OK,temp_deviation_from_85=14.100 is +2.4 SD from normal-pass average | stress_weighted_rate=0.164 is +0.4 SD from normal-pass average | rate_0_24=0.028 is +0.3 SD from normal-pass average,False,None,Normal,9.361,7.533,0.6709999999999994,1.8280000000000003,-0.85
CMP05157,B1048,IC_Digital,2026-06-25,2026-07-04,85.8,5.38,7.047,7.391,50.0,B1048,7.047,7.391,85.8,5.38,Medium,0.4308,REJECT,10.523,8.26,13.61,0.02175,OK,stress_weighted_rate=0.077 is -0.8 SD from normal-pass average | rate_0_24=0.014 is -0.8 SD from normal-pass average | pct_change_24_0=0.049 is -0.3 SD from normal-pass average,True,Medium,Lot-Relative Drift,10.523,8.957,0.3440000000000003,1.565999999999999,0.23
CMP04729,B1000,Transistor_BJT,2026-03-18,2026-03-24,80.8,5.2,4.964,5.216,50.0,B1000,4.964,5.216,80.8,5.2,Medium,0.2932,PASS,8.699,6.75,7.98,0.02419,OK,stress_weighted_rate=0.055 is -1.2 SD from normal-pass average | rate_0_24=0.010 is -1.1 SD from normal-pass average | temp_deviation_from_85=-4.200 is -0.7 SD from normal-pass average,False,None,Normal,8.699,6.958,0.2519999999999998,1.7409999999999997,-0.68
CMP01801,B1029,Diode_Zener,2026-01-18,2026-01-26,81.5,5.85,4.58,5.553,50.0,B1029,4.58,5.553,81.5,5.85,Medium,0.566,REJECT,10.215,7.18,15.71,0.03237,OK,stress_weighted_rate=0.237 is +1.4 SD from normal-pass average | rate_0_24=0.041 is +1.3 SD from normal-pass average | pct_change_24_0=0.212 is +0.8 SD from normal-pass average,True,High,Lot-Relative Drift,10.215,7.884,0.9729999999999999,2.3309999999999995,1.13
CMP02163,B1013,IC_Analog,2026-01-21,2026-02-04,82.0,4.99,16.029,16.96,50.0,B1013,16.029,16.96,82.0,4.99,Medium,0.4645,REJECT,19.336,18.17,25.12,0.0165,OK,rate_0_24=0.039 is +1.1 SD from normal-pass average | stress_weighted_rate=0.194 is +0.8 SD from normal-pass average | temp_deviation_from_85=-3.000 is -0.5 SD from normal-pass average,True,Medium,Lot-Relative Drift,19.336,18.148,0.9310000000000009,1.1879999999999988,0.46
CMP03755,B1025,Diode_Zener,2026-06-06,2026-06-14,79.7,5.11,5.246,5.786,50.0,B1025,5.246,5.786,79.7,5.11,Low,0.2863,PASS,9.3,7.15,12.71,0.0244,OK,temp_deviation_from_85=-5.300 is -0.9 SD from normal-pass average | stress_weighted_rate=0.115 is -0.3 SD from normal-pass average | rate_0_24=0.022 is -0.2 SD from normal-pass average,False,None,Normal,9.3,7.543,0.5399999999999991,1.7570000000000006,-0.73
CMP01379,B1026,Relay_Electromech,2026-05-09,2026-05-18,83.4,4.99,12.921,13.382,50.0,B1026,12.921,13.382,83.4,4.99,Medium,0.3283,PASS,16.397,14.22,16.6,0.02094,OK,stress_weighted_rate=0.096 is -0.6 SD from normal-pass average | rate_0_24=0.019 is -0.4 SD from normal-pass average | pct_change_24_0=0.036 is -0.4 SD from normal-pass average,False,None,Normal,16.397,14.889,0.4610000000000003,1.5079999999999991,-0.45
CMP05621,B1022,IC_Analog,2026-06-09,2026-06-20,81.0,5.11,5.862,6.4,50.0,B1022,5.862,6.4,81.0,5.11,Medium,0.2966,PASS,9.785,7.62,11.2,0.02351,OK,temp_deviation_from_85=-4.000 is -0.7 SD from normal-pass average | stress_weighted_rate=0.115 is -0.3 SD from normal-pass average | rate_0_24=0.022 is -0.2 SD from normal-pass average,False,None,Normal,9.785,8.093,0.5380000000000003,1.6920000000000002,-0.66
CMP03744,B1039,Resistor_Precision,2026-04-27,2026-05-07,82.9,6.44,4.549,4.503,50.0,B1039,4.549,4.503,82.9,6.44,Medium,0.4204,REJECT,10.319,5.71,7.85,0.04039,OK,rate_0_24=-0.002 is -2.1 SD from normal-pass average | stress_weighted_rate=-0.012 is -2.1 SD from normal-pass average | pct_change_24_0=-0.010 is -0.7 SD from normal-pass average,True,Medium,Lot-Relative Drift,10.319,7.411,-0.04600000000000026,2.9080000000000013,0.16
CMP00672,B1036,Transistor_BJT,2026-07-06,2026-07-12,87.5,4.84,7.057,7.886,50.0,B1036,7.057,7.886,87.5,4.84,Medium,0.3894,PASS,12.233,8.97,24.11,0.03018,OK,rate_0_24=0.035 is +0.8 SD from normal-pass average | stress_weighted_rate=0.167 is +0.4 SD from normal-pass average | temp_deviation_from_85=2.500 is +0.4 SD from normal-pass average,False,None,Normal,12.233,10.06,0.8289999999999997,2.173,-0.04
CMP01642,B1040,IC_Digital,2026-07-18,2026-07-31,91.3,5.82,5.472,6.237,50.0,B1040,5.472,6.237,91.3,5.82,High,0.409,REJECT,10.596,7.67,28.08,0.03027,OK,temp_deviation_from_85=6.300 is +1.1 SD from normal-pass average | stress_weighted_rate=0.186 is +0.7 SD from normal-pass average | rate_0_24=0.032 is +0.6 SD from normal-pass average,True,Medium,Lot-Relative Drift,10.596,8.416,0.7649999999999997,2.1799999999999997,0.09
CMP00160,B1021,IC_Analog,2026-06-03,2026-06-14,89.5,5.39,7.213,7.553,50.0,B1021,7.213,7.553,89.5,5.39,Medium,0.2676,PASS,11.918,9.0,13.78,0.03031,OK,stress_weighted_rate=0.076 is -0.8 SD from normal-pass average | rate_0_24=0.014 is -0.8 SD from normal-pass average | temp_deviation_from_85=4.500 is +0.8 SD from normal-pass average,False,None,Normal,11.918,9.736,0.33999999999999986,2.1819999999999986,-0.85
CMP04878,B1020,Transistor_BJT,2026-07-19,2026-07-30,88.6,5.54,11.452,14.719,50.0,B1020,11.452,14.719,88.6,5.54,Medium,0.9711,REJECT,21.987,17.48,25.5,0.05048,OK,rate_0_24=0.136 is +8.8 SD from normal-pass average | stress_weighted_rate=0.754 is +8.8 SD from normal-pass average | pct_change_24_0=0.285 is +1.2 SD from normal-pass average,True,Critical,Severe Latent Degradation,21.987,18.353,3.2669999999999995,3.633999999999997,3.84
CMP04056,B1041,IC_Analog,2026-05-10,2026-05-16,87.5,6.05,11.055,11.465,50.0,B1041,11.055,11.465,87.5,6.05,Medium,0.2767,PASS,14.967,12.82,14.51,0.02432,OK,rate_0_24=0.017 is -0.6 SD from normal-pass average | stress_weighted_rate=0.103 is -0.5 SD from normal-pass average | temp_deviation_from_85=2.500 is +0.4 SD from normal-pass average,False,None,Normal,14.967,13.216,0.41000000000000014,1.7510000000000012,-0.79
CMP04329,B1024,Relay_Electromech,2026-02-18,2026-03-04,85.5,5.66,13.15,13.578,50.0,B1024,13.15,13.578,85.5,5.66,Medium,0.3047,PASS,18.489,14.42,18.56,0.03411,OK,rate_0_24=0.018 is -0.5 SD from normal-pass average | stress_weighted_rate=0.101 is -0.5 SD from normal-pass average | pct_change_24_0=0.033 is -0.4 SD from normal-pass average,False,None,Normal,18.489,16.034,0.42799999999999905,2.455000000000002,-0.61
CMP04123,B1030,Relay_Electromech,2026-03-10,2026-03-21,91.9,5.28,10.105,10.221,50.0,B1030,10.105,10.221,91.9,5.28,High,0.3084,PASS,14.106,11.49,15.2,0.02698,OK,rate_0_24=0.005 is -1.6 SD from normal-pass average | stress_weighted_rate=0.026 is -1.6 SD from normal-pass average | temp_deviation_from_85=6.900 is +1.2 SD from normal-pass average,False,None,Normal,14.106,12.164,0.11599999999999966,1.9420000000000002,-0.58
CMP03490,B1026,Diode_Zener,2026-03-04,2026-03-12,76.4,5.3,4.888,5.547,50.0,B1026,4.888,5.547,76.4,5.3,Low,0.3589,PASS,9.407,6.94,13.26,0.02681,OK,temp_deviation_from_85=-8.600 is -1.4 SD from normal-pass average | pct_change_24_0=0.135 is +0.2 SD from normal-pass average | rate_0_24=0.027 is +0.2 SD from normal-pass average,False,None,Normal,9.407,7.477,0.6589999999999998,1.9299999999999997,-0.25
CMP05789,B1019,IC_Digital,2026-05-29,2026-06-11,104.9,5.39,4.634,5.339,50.0,B1019,4.634,5.339,104.9,5.39,High,0.2752,PASS,9.437,6.64,8.48,0.02846,OK,temp_deviation_from_85=19.900 is +3.3 SD from normal-pass average | rate_0_24=0.029 is +0.4 SD from normal-pass average | pct_change_24_0=0.152 is +0.4 SD from normal-pass average,False,None,Normal,9.437,7.388,0.7050000000000001,2.0489999999999995,-0.8
CMP04146,B1031,Resistor_Precision,2026-03-16,2026-03-19,88.9,5.39,6.072,6.526,50.0,B1031,6.072,6.526,88.9,5.39,Medium,0.2709,PASS,10.033,7.67,9.41,0.02435,OK,temp_deviation_from_85=3.900 is +0.7 SD from normal-pass average | stress_weighted_rate=0.102 is -0.5 SD from normal-pass average | rate_0_24=0.019 is -0.5 SD from normal-pass average,False,None,Normal,10.033,8.279,0.45399999999999974,1.7539999999999996,-0.83
CMP05832,B1005,Transistor_BJT,2026-03-02,2026-03-12,93.4,5.5,2.857,3.355,50.0,B1005,2.857,3.355,93.4,5.5,High,0.2987,PASS,5.896,4.75,5.85,0.01765,OK,temp_deviation_from_85=8.400 is +1.4 SD from normal-pass average | pct_change_24_0=0.174 is +0.5 SD from normal-pass average | rate_0_24=0.021 is -0.3 SD from normal-pass average,False,None,Normal,5.896,4.626,0.4979999999999998,1.2699999999999996,-0.65
CMP01008,B1015,IC_Analog,2026-02-13,2026-02-24,88.2,5.21,11.186,11.993,50.0,B1015,11.186,11.993,88.2,5.21,Medium,0.3513,PASS,16.216,12.81,17.09,0.02932,OK,rate_0_24=0.034 is +0.7 SD from normal-pass average | stress_weighted_rate=0.175 is +0.6 SD from normal-pass average | temp_deviation_from_85=3.200 is +0.5 SD from normal-pass average,False,None,Normal,16.216,14.105,0.8070000000000004,2.1110000000000007,-0.3
CMP05637,B1047,Relay_Electromech,2026-03-17,2026-03-20,78.8,5.7,11.843,12.681,50.0,B1047,11.843,12.681,78.8,5.7,Low,0.5212,REJECT,16.301,14.23,25.74,0.02514,OK,temp_deviation_from_85=-6.200 is -1.0 SD from normal-pass average | stress_weighted_rate=0.199 is +0.9 SD from normal-pass average | rate_0_24=0.035 is +0.8 SD from normal-pass average,True,High,Lot-Relative Drift,16.301,14.491,0.8379999999999992,1.8099999999999987,0.84
CMP04873,B1024,MOSFET,2026-01-28,2026-02-02,93.0,5.5,10.124,11.075,50.0,B1024,10.124,11.075,93.0,5.5,High,0.4324,REJECT,15.282,12.31,19.68,0.02922,OK,temp_deviation_from_85=8.000 is +1.3 SD from normal-pass average | rate_0_24=0.040 is +1.2 SD from normal-pass average | stress_weighted_rate=0.218 is +1.2 SD from normal-pass average,True,Medium,Lot-Relative Drift,15.282,13.178,0.9509999999999987,2.103999999999999,0.24
CMP03904,B1025,Transistor_BJT,2026-03-15,2026-03-27,94.0,5.42,6.442,6.845,50.0,B1025,6.442,6.845,94.0,5.42,High,0.2919,PASS,10.343,8.17,10.14,0.02429,OK,temp_deviation_from_85=9.000 is +1.5 SD from normal-pass average | stress_weighted_rate=0.091 is -0.6 SD from normal-pass average | rate_0_24=0.017 is -0.6 SD from normal-pass average,False,None,Normal,10.343,8.594,0.4029999999999996,1.7490000000000006,-0.69
CMP01266,B1004,Tantalum_Capacitor,2026-07-16,2026-07-20,83.7,4.84,6.551,7.51,50.0,B1004,6.551,7.51,83.7,4.84,Medium,0.4652,REJECT,13.072,8.81,23.64,0.03863,OK,rate_0_24=0.040 is +1.2 SD from normal-pass average | stress_weighted_rate=0.193 is +0.8 SD from normal-pass average | pct_change_24_0=0.146 is +0.3 SD from normal-pass average,True,Medium,Lot-Relative Drift,13.072,10.291,0.9589999999999996,2.780999999999999,0.46
CMP05314,B1010,IC_Analog,2026-02-06,2026-02-15,95.5,5.67,7.562,7.885,50.0,B1010,7.562,7.885,95.5,5.67,High,0.2811,PASS,12.275,9.05,13.88,0.03049,OK,temp_deviation_from_85=10.500 is +1.8 SD from normal-pass average | rate_0_24=0.013 is -0.9 SD from normal-pass average | stress_weighted_rate=0.076 is -0.9 SD from normal-pass average,False,None,Normal,12.275,10.08,0.3229999999999995,2.1950000000000003,-0.76
CMP05384,B1006,IC_Digital,2026-05-05,2026-05-10,85.7,5.2,6.198,6.967,50.0,B1006,6.198,6.967,85.7,5.2,Medium,0.3999,REJECT,10.415,8.41,13.25,0.02394,OK,rate_0_24=0.032 is +0.6 SD from normal-pass average | stress_weighted_rate=0.167 is +0.4 SD from normal-pass average | pct_change_24_0=0.124 is +0.2 SD from normal-pass average,True,Medium,Lot-Relative Drift,10.415,8.691,0.7689999999999992,1.7239999999999984,0.03
CMP05179,B1009,MOSFET,2026-04-03,2026-04-11,82.5,5.73,4.234,4.622,50.0,B1009,4.234,4.622,82.5,5.73,Medium,0.316,PASS,9.348,6.31,15.5,0.03282,OK,rate_0_24=0.016 is -0.7 SD from normal-pass average | stress_weighted_rate=0.093 is -0.6 SD from normal-pass average | temp_deviation_from_85=-2.500 is -0.4 SD from normal-pass average,False,None,Normal,9.348,6.985,0.3879999999999999,2.3630000000000004,-0.53
CMP04113,B1043,Tantalum_Capacitor,2026-04-05,2026-04-11,74.4,6.1,0.56,1.136,50.0,B1043,0.56,1.136,74.4,6.1,Low,0.3654,PASS,5.234,3.07,12.59,0.02846,OK,pct_change_24_0=1.029 is +6.2 SD from normal-pass average | temp_deviation_from_85=-10.600 is -1.8 SD from normal-pass average | stress_weighted_rate=0.146 is +0.1 SD from normal-pass average,False,None,Normal,5.234,3.185,0.5759999999999998,2.049,-0.2
CMP03533,B1018,IC_Analog,2026-04-22,2026-05-01,80.3,5.71,9.384,10.544,50.0,B1018,9.384,10.544,80.3,5.71,Medium,0.6164,REJECT,16.363,11.95,29.24,0.04041,OK,stress_weighted_rate=0.276 is +2.0 SD from normal-pass average | rate_0_24=0.048 is +1.9 SD from normal-pass average | temp_deviation_from_85=-4.700 is -0.8 SD from normal-pass average,True,High,Lot-Relative Drift,16.363,13.454,1.1600000000000001,2.908999999999999,1.47
CMP00894,B1046,Relay_Electromech,2026-01-30,2026-02-08,92.4,5.99,10.647,11.625,50.0,B1046,10.647,11.625,92.4,5.99,High,0.4558,REJECT,15.3,13.06,22.72,0.02552,OK,stress_weighted_rate=0.244 is +1.5 SD from normal-pass average | rate_0_24=0.041 is +1.3 SD from normal-pass average | temp_deviation_from_85=7.400 is +1.2 SD from normal-pass average,True,Medium,Lot-Relative Drift,15.3,13.462,0.9779999999999998,1.838000000000001,0.4
CMP05370,B1029,IC_Analog,2026-01-08,2026-01-11,,4.91,6.01,6.692,50.0,B1029,6.01,6.692,,4.91,Low,0.2827,PASS,10.487,8.12,11.05,0.02635,OK,Chamber_Temperature_C_was_missing=1.000 is +7.7 SD from normal-pass average | rate_0_24=0.028 is +0.3 SD from normal-pass average | Value_0h_was_missing=0.000 is -0.1 SD from normal-pass average,False,None,Normal,10.487,8.59,0.6820000000000004,1.8970000000000002,-0.75
CMP04342,B1039,MOSFET,2026-07-05,2026-07-18,91.1,6.09,7.585,8.511,50.0,B1039,7.585,8.511,91.1,6.09,High,0.4793,REJECT,13.792,10.35,20.72,0.03668,OK,stress_weighted_rate=0.235 is +1.4 SD from normal-pass average | rate_0_24=0.039 is +1.1 SD from normal-pass average | temp_deviation_from_85=6.100 is +1.0 SD from normal-pass average,True,Medium,Lot-Relative Drift,13.792,11.151,0.9259999999999993,2.641,0.56
CMP04203,B1036,MOSFET,2026-05-03,2026-05-06,81.5,5.13,5.211,5.613,50.0,B1036,5.211,5.613,81.5,5.13,Medium,0.3426,PASS,9.246,6.94,9.23,0.02523,OK,stress_weighted_rate=0.086 is -0.7 SD from normal-pass average | rate_0_24=0.017 is -0.6 SD from normal-pass average | temp_deviation_from_85=-3.500 is -0.6 SD from normal-pass average,False,None,Normal,9.246,7.43,0.40200000000000014,1.8160000000000007,-0.35
CMP05537,B1046,Transistor_BJT,2026-06-15,2026-06-22,83.2,5.67,5.97,6.119,50.0,B1046,5.97,6.119,83.2,5.67,Medium,0.3057,PASS,10.001,7.51,16.4,0.02696,OK,rate_0_24=0.006 is -1.5 SD from normal-pass average | stress_weighted_rate=0.035 is -1.4 SD from normal-pass average | pct_change_24_0=0.025 is -0.5 SD from normal-pass average,False,None,Normal,10.001,8.06,0.14900000000000002,1.940999999999999,-0.6
CMP02820,B1032,Transistor_BJT,2026-07-19,2026-07-30,73.6,5.26,3.927,4.276,50.0,B1032,3.927,4.276,73.6,5.26,Low,0.3015,PASS,7.192,5.4,13.81,0.02025,OK,temp_deviation_from_85=-11.400 is -1.9 SD from normal-pass average | stress_weighted_rate=0.076 is -0.8 SD from normal-pass average | rate_0_24=0.015 is -0.8 SD from normal-pass average,False,None,Normal,7.192,5.734,0.34899999999999975,1.4580000000000002,-0.63
CMP00205,B1045,Resistor_Precision,2026-07-12,2026-07-18,78.3,5.67,4.579,5.205,50.0,B1045,4.579,5.205,78.3,5.67,Low,0.3725,PASS,8.984,6.52,9.94,0.02624,OK,temp_deviation_from_85=-6.700 is -1.1 SD from normal-pass average | pct_change_24_0=0.137 is +0.3 SD from normal-pass average | stress_weighted_rate=0.148 is +0.2 SD from normal-pass average,False,None,Normal,8.984,7.094,0.6260000000000003,1.8899999999999997,-0.15
CMP04433,B1029,IC_Digital,2026-01-18,2026-01-26,88.7,4.97,7.49,9.331,50.0,B1029,7.49,9.331,88.7,4.97,Medium,0.9645,REJECT,20.613,12.59,30.46,0.07835,EARLY_REJECT,rate_0_24=0.077 is +4.1 SD from normal-pass average | stress_weighted_rate=0.381 is +3.5 SD from normal-pass average | pct_change_24_0=0.246 is +1.0 SD from normal-pass average,True,Critical,Accelerating Drift,20.613,14.972,1.8409999999999993,5.641,3.79
CMP04455,B1048,Resistor_Precision,2026-07-04,2026-07-13,77.0,4.97,3.338,3.88,50.0,B1048,3.338,3.88,77.0,4.97,Low,0.3077,PASS,6.526,5.07,6.63,0.01838,OK,temp_deviation_from_85=-8.000 is -1.3 SD from normal-pass average | pct_change_24_0=0.162 is +0.4 SD from normal-pass average | stress_weighted_rate=0.112 is -0.3 SD from normal-pass average,False,None,Normal,6.526,5.203,0.5419999999999998,1.3229999999999995,-0.59
CMP05278,B1004,Diode_Zener,2026-04-10,2026-04-23,84.0,4.89,4.075,4.871,50.0,B1004,4.075,4.871,84.0,4.89,Medium,0.3541,PASS,8.767,6.14,10.84,0.02706,OK,rate_0_24=0.033 is +0.7 SD from normal-pass average | pct_change_24_0=0.195 is +0.6 SD from normal-pass average | stress_weighted_rate=0.162 is +0.4 SD from normal-pass average,False,None,Normal,8.767,6.819,0.7960000000000003,1.9479999999999995,-0.28
CMP00815,B1039,Resistor_Precision,2026-03-09,2026-03-14,91.3,6.21,3.149,3.691,50.0,B1039,3.149,3.691,91.3,6.21,High,0.2742,PASS,6.206,4.99,6.28,0.01747,OK,temp_deviation_from_85=6.300 is +1.1 SD from normal-pass average | pct_change_24_0=0.172 is +0.5 SD from normal-pass average | rate_0_24=0.023 is -0.2 SD from normal-pass average,False,None,Normal,6.206,4.948,0.5419999999999998,1.258,-0.81
CMP02497,B1027,MOSFET,2026-03-17,2026-03-24,90.3,5.53,6.437,7.267,50.0,B1027,6.437,7.267,90.3,5.53,High,0.426,REJECT,11.334,8.47,16.47,0.02824,OK,temp_deviation_from_85=5.300 is +0.9 SD from normal-pass average | stress_weighted_rate=0.191 is +0.8 SD from normal-pass average | rate_0_24=0.035 is +0.8 SD from normal-pass average,True,Medium,Lot-Relative Drift,11.334,9.3,0.8300000000000001,2.033999999999999,0.2
CMP03882,B1036,Relay_Electromech,2026-06-07,2026-06-11,86.0,4.83,10.466,11.114,50.0,B1036,10.466,11.114,86.0,4.83,Medium,0.3638,PASS,15.482,12.22,17.26,0.03033,OK,pct_change_24_0=0.062 is -0.2 SD from normal-pass average | rate_0_24=0.027 is +0.2 SD from normal-pass average | temp_deviation_from_85=1.000 is +0.2 SD from normal-pass average,False,None,Normal,15.482,13.298,0.6480000000000015,2.1839999999999993,-0.21
CMP05667,B1009,Resistor_Precision,2026-04-08,2026-04-15,94.9,5.37,3.376,3.855,50.0,B1009,3.376,3.855,94.9,5.37,High,0.2593,PASS,6.166,4.91,7.16,0.01605,OK,temp_deviation_from_85=9.900 is +1.7 SD from normal-pass average | stress_weighted_rate=0.107 is -0.4 SD from normal-pass average | rate_0_24=0.020 is -0.4 SD from normal-pass average,False,None,Normal,6.166,5.01,0.4790000000000001,1.1560000000000006,-0.91
CMP04837,B1046,IC_Analog,2026-06-08,2026-06-11,85.6,5.39,10.717,,50.0,B1046,10.717,,85.6,5.39,Medium,0.5473,REJECT,14.363,9.46,20.7,,OK,Value_24h_was_missing=1.000 is +8.9 SD from normal-pass average | Chamber_Temperature_C_was_missing=0.000 is -0.1 SD from normal-pass average | Value_0h_was_missing=0.000 is -0.1 SD from normal-pass average,True,High,Lot-Relative Drift,14.363,,,,1.01
CMP00157,B1048,Tantalum_Capacitor,2026-04-23,2026-04-26,83.8,5.3,7.548,8.357,50.0,B1048,7.548,8.357,83.8,5.3,Medium,0.3911,PASS,12.717,9.7,17.27,0.03028,OK,rate_0_24=0.034 is +0.7 SD from normal-pass average | stress_weighted_rate=0.179 is +0.6 SD from normal-pass average | temp_deviation_from_85=-1.200 is -0.2 SD from normal-pass average,False,None,Normal,12.717,10.537,0.8089999999999993,2.1799999999999997,-0.03
CMP00138,B1040,Resistor_Precision,2026-06-10,2026-06-24,77.9,5.53,4.327,4.689,50.0,B1040,4.327,4.689,77.9,5.53,Low,0.2992,PASS,8.287,6.25,15.12,0.02499,OK,temp_deviation_from_85=-7.100 is -1.2 SD from normal-pass average | rate_0_24=0.015 is -0.8 SD from normal-pass average | stress_weighted_rate=0.083 is -0.7 SD from normal-pass average,False,None,Normal,8.287,6.488,0.3620000000000001,1.7990000000000004,-0.64
CMP04995,B1004,Relay_Electromech,2026-04-04,2026-04-16,85.5,5.13,7.139,7.019,50.0,B1004,7.139,7.019,85.5,5.13,Medium,0.5006,REJECT,24.293,8.57,40.27,0.11996,EARLY_REJECT,rate_0_24=-0.005 is -2.4 SD from normal-pass average | stress_weighted_rate=-0.026 is -2.3 SD from normal-pass average | pct_change_24_0=-0.017 is -0.8 SD from normal-pass average,True,Critical,Accelerating Drift,24.293,15.656,-0.1200000000000001,8.636999999999999,0.7
CMP03894,B1034,IC_Digital,2026-07-03,2026-07-16,81.6,6.25,6.73,,50.0,B1034,6.73,,81.6,6.25,Medium,0.5331,REJECT,14.881,8.48,20.94,,OK,Value_24h_was_missing=1.000 is +8.9 SD from normal-pass average | temp_deviation_from_85=-3.400 is -0.6 SD from normal-pass average | Chamber_Temperature_C_was_missing=0.000 is -0.1 SD from normal-pass average,True,High,Lot-Relative Drift,14.881,,,,0.92
CMP05762,B1027,MOSFET,2026-06-02,2026-06-06,75.8,4.96,9.341,9.817,50.0,B1027,9.341,9.817,75.8,4.96,Low,0.3266,PASS,15.253,11.17,13.09,0.03775,OK,temp_deviation_from_85=-9.200 is -1.5 SD from normal-pass average | stress_weighted_rate=0.098 is -0.5 SD from normal-pass average | rate_0_24=0.020 is -0.4 SD from normal-pass average,False,None,Normal,15.253,12.535,0.47600000000000087,2.718,-0.46
CMP04472,B1003,Resistor_Precision,2026-07-15,2026-07-28,82.7,5.58,4.118,5.252,50.0,B1003,4.118,5.252,82.7,5.58,Medium,0.6862,REJECT,10.707,6.53,23.7,0.03788,OK,stress_weighted_rate=0.264 is +1.8 SD from normal-pass average | rate_0_24=0.047 is +1.8 SD from normal-pass average | pct_change_24_0=0.275 is +1.2 SD from normal-pass average,True,High,Lot-Relative Drift,10.707,7.98,1.1339999999999995,2.7270000000000003,1.94
CMP03125,B1026,IC_Digital,2026-01-05,2026-01-13,80.0,5.46,6.484,7.215,50.0,B1026,6.484,7.215,80.0,5.46,Medium,0.4313,REJECT,10.308,8.33,15.12,0.02148,OK,temp_deviation_from_85=-5.000 is -0.8 SD from normal-pass average | rate_0_24=0.030 is +0.5 SD from normal-pass average | stress_weighted_rate=0.166 is +0.4 SD from normal-pass average,True,Medium,Lot-Relative Drift,10.308,8.762,0.7309999999999999,1.5459999999999994,0.24
CMP02098,B1005,Transistor_BJT,2026-01-19,2026-01-28,73.5,4.97,5.148,5.766,50.0,B1005,5.148,5.766,73.5,4.97,Low,0.3334,PASS,9.575,7.34,8.6,0.02645,OK,temp_deviation_from_85=-11.500 is -1.9 SD from normal-pass average | pct_change_24_0=0.120 is +0.1 SD from normal-pass average | Chamber_Temperature_C_was_missing=0.000 is -0.1 SD from normal-pass average,False,None,Normal,9.575,7.67,0.6180000000000003,1.9049999999999994,-0.42
CMP05029,B1007,Resistor_Precision,2026-01-05,2026-01-14,78.6,5.81,4.299,5.138,50.0,B1007,4.299,5.138,78.6,5.81,Low,0.4836,REJECT,12.366,7.0,21.54,0.05019,OK,temp_deviation_from_85=-6.400 is -1.1 SD from normal-pass average | stress_weighted_rate=0.203 is +0.9 SD from normal-pass average | rate_0_24=0.035 is +0.8 SD from normal-pass average,True,Medium,Lot-Relative Drift,12.366,8.752,0.8389999999999995,3.613999999999999,0.59
CMP00177,B1001,Resistor_Precision,2026-06-29,2026-07-08,88.3,5.22,3.881,3.994,50.0,B1001,3.881,3.994,88.3,5.22,Medium,0.2955,PASS,7.02,5.31,11.5,0.02101,OK,rate_0_24=0.005 is -1.6 SD from normal-pass average | stress_weighted_rate=0.025 is -1.6 SD from normal-pass average | temp_deviation_from_85=3.300 is +0.6 SD from normal-pass average,False,None,Normal,7.02,5.507,0.11300000000000043,1.513,-0.67
CMP02178,B1016,Tantalum_Capacitor,2026-01-05,2026-01-12,,5.59,7.053,7.594,50.0,B1016,7.053,7.594,,5.59,Low,0.3466,PASS,12.63,8.63,18.62,0.03497,OK,Chamber_Temperature_C_was_missing=1.000 is +7.7 SD from normal-pass average | rate_0_24=0.023 is -0.2 SD from normal-pass average | stress_weighted_rate=0.126 is -0.1 SD from normal-pass average,False,None,Normal,12.63,10.112,0.5410000000000004,2.5180000000000007,-0.33
CMP02893,B1001,Tantalum_Capacitor,2026-06-22,2026-06-27,87.3,5.28,10.299,11.045,50.0,B1001,10.299,11.045,87.3,5.28,Medium,0.4296,REJECT,15.517,12.15,18.93,0.03105,OK,rate_0_24=0.031 is +0.5 SD from normal-pass average | stress_weighted_rate=0.164 is +0.4 SD from normal-pass average | temp_deviation_from_85=2.300 is +0.4 SD from normal-pass average,True,Medium,Lot-Relative Drift,15.517,13.281,0.7460000000000004,2.235999999999999,0.23
CMP04610,B1039,Tantalum_Capacitor,2026-03-07,2026-03-18,77.8,5.26,6.657,7.328,50.0,B1039,6.657,7.328,77.8,5.26,Low,0.4336,REJECT,10.662,8.4,11.65,0.02315,OK,temp_deviation_from_85=-7.200 is -1.2 SD from normal-pass average | rate_0_24=0.028 is +0.3 SD from normal-pass average | stress_weighted_rate=0.147 is +0.2 SD from normal-pass average,True,Medium,Lot-Relative Drift,10.662,8.995,0.6710000000000003,1.6670000000000016,0.25
CMP02309,B1016,Transistor_BJT,2026-04-26,2026-05-09,91.4,5.46,5.142,6.09,50.0,B1016,5.142,6.09,91.4,5.46,High,0.4337,REJECT,12.139,7.34,21.33,0.042,OK,rate_0_24=0.039 is +1.2 SD from normal-pass average | stress_weighted_rate=0.216 is +1.1 SD from normal-pass average | temp_deviation_from_85=6.400 is +1.1 SD from normal-pass average,True,Medium,Lot-Relative Drift,12.139,9.114,0.9479999999999995,3.0249999999999986,0.25
CMP05420,B1008,Transistor_BJT,2026-07-05,2026-07-14,93.2,5.21,6.071,6.816,50.0,B1008,6.071,6.816,93.2,5.21,High,0.3886,PASS,10.685,8.13,18.02,0.02687,OK,temp_deviation_from_85=8.200 is +1.4 SD from normal-pass average | rate_0_24=0.031 is +0.5 SD from normal-pass average | stress_weighted_rate=0.162 is +0.4 SD from normal-pass average,False,None,Normal,10.685,8.75,0.7450000000000001,1.9350000000000005,-0.05
CMP04013,B1049,Diode_Zener,2026-01-30,2026-02-10,97.7,4.88,3.791,4.108,50.0,B1049,3.791,4.108,97.7,4.88,High,0.2153,PASS,6.809,5.01,7.96,0.01876,OK,temp_deviation_from_85=12.700 is +2.1 SD from normal-pass average | stress_weighted_rate=0.064 is -1.0 SD from normal-pass average | rate_0_24=0.013 is -0.9 SD from normal-pass average,False,None,Normal,6.809,5.458,0.3169999999999997,1.351,-1.2
CMP00321,B1016,Relay_Electromech,2026-07-02,2026-07-07,85.7,4.6,8.033,8.472,50.0,B1016,8.033,8.472,85.7,4.6,Medium,0.3304,PASS,15.081,9.39,13.22,0.0459,OK,stress_weighted_rate=0.084 is -0.7 SD from normal-pass average | rate_0_24=0.018 is -0.5 SD from normal-pass average | pct_change_24_0=0.055 is -0.3 SD from normal-pass average,False,None,Normal,15.081,11.776,0.43900000000000006,3.3049999999999997,-0.44
CMP04653,B1043,Resistor_Precision,2026-06-04,2026-06-08,80.7,5.92,4.213,4.298,50.0,B1043,4.213,4.298,80.7,5.92,Medium,0.3188,PASS,9.126,5.49,9.21,0.03353,OK,rate_0_24=0.004 is -1.7 SD from normal-pass average | stress_weighted_rate=0.021 is -1.6 SD from normal-pass average | temp_deviation_from_85=-4.300 is -0.7 SD from normal-pass average,False,None,Normal,9.126,6.712,0.08499999999999996,2.4139999999999997,-0.51
CMP01276,B1037,IC_Digital,2026-05-01,2026-05-07,87.9,5.15,9.395,9.841,50.0,B1037,9.395,9.841,87.9,5.15,Medium,0.3717,PASS,14.01,11.04,15.0,0.02895,OK,stress_weighted_rate=0.096 is -0.6 SD from normal-pass average | temp_deviation_from_85=2.900 is +0.5 SD from normal-pass average | rate_0_24=0.019 is -0.5 SD from normal-pass average,False,None,Normal,14.01,11.926,0.44599999999999973,2.0839999999999996,-0.16
CMP00713,B1013,Transistor_BJT,2026-03-03,2026-03-14,79.3,6.14,6.937,8.373,50.0,B1013,6.937,8.373,79.3,6.14,Low,0.8106,REJECT,17.729,10.49,32.92,0.06497,EARLY_REJECT,stress_weighted_rate=0.367 is +3.3 SD from normal-pass average | rate_0_24=0.060 is +2.8 SD from normal-pass average | temp_deviation_from_85=-5.700 is -1.0 SD from normal-pass average,True,Critical,Accelerating Drift,17.729,13.051,1.435999999999999,4.677999999999999,2.77
CMP02053,B1036,Diode_Zener,2026-01-02,2026-01-11,79.1,5.41,5.901,6.673,50.0,B1036,5.901,6.673,79.1,5.41,Low,0.3659,PASS,10.645,7.83,18.48,0.02759,OK,temp_deviation_from_85=-5.900 is -1.0 SD from normal-pass average | rate_0_24=0.032 is +0.6 SD from normal-pass average | stress_weighted_rate=0.174 is +0.5 SD from normal-pass average,False,None,Normal,10.645,8.659,0.7720000000000002,1.9859999999999989,-0.2
CMP01282,B1015,Diode_Zener,2026-01-02,2026-01-15,90.5,5.07,5.555,5.918,50.0,B1015,5.555,5.918,90.5,5.07,High,0.216,PASS,9.469,6.9,9.08,0.02466,OK,temp_deviation_from_85=5.500 is +0.9 SD from normal-pass average | stress_weighted_rate=0.077 is -0.8 SD from normal-pass average | rate_0_24=0.015 is -0.8 SD from normal-pass average,False,None,Normal,9.469,7.694,0.36300000000000043,1.7749999999999995,-1.2
CMP05519,B1049,IC_Analog,2026-06-03,2026-06-09,86.7,5.73,12.846,13.16,50.0,B1049,12.846,13.16,86.7,5.73,Medium,0.2673,PASS,16.466,14.25,16.93,0.02296,OK,rate_0_24=0.013 is -0.9 SD from normal-pass average | stress_weighted_rate=0.075 is -0.9 SD from normal-pass average | pct_change_24_0=0.024 is -0.5 SD from normal-pass average,False,None,Normal,16.466,14.813,0.31400000000000006,1.6530000000000005,-0.86
CMP02169,B1041,MOSFET,2026-07-09,2026-07-18,88.9,5.22,9.338,9.906,50.0,B1041,9.338,9.906,88.9,5.22,Medium,0.2974,PASS,14.216,10.95,15.74,0.02993,OK,temp_deviation_from_85=3.900 is +0.7 SD from normal-pass average | pct_change_24_0=0.061 is -0.2 SD from normal-pass average | stress_weighted_rate=0.124 is -0.2 SD from normal-pass average,False,None,Normal,14.216,12.061,0.5680000000000014,2.1549999999999994,-0.66
CMP02329,B1016,Tantalum_Capacitor,2026-02-26,2026-03-06,87.9,5.7,10.524,10.936,50.0,B1016,10.524,10.936,87.9,5.7,Medium,0.3069,PASS,16.941,12.29,15.28,0.0417,OK,rate_0_24=0.017 is -0.6 SD from normal-pass average | stress_weighted_rate=0.098 is -0.5 SD from normal-pass average | temp_deviation_from_85=2.900 is +0.5 SD from normal-pass average,False,None,Normal,16.941,13.938,0.4120000000000008,3.0029999999999983,-0.59
CMP02495,B1003,Relay_Electromech,2026-02-20,2026-02-26,94.9,5.31,12.094,12.719,50.0,B1003,12.094,12.719,94.9,5.31,High,0.375,PASS,17.151,14.39,21.47,0.03078,OK,temp_deviation_from_85=9.900 is +1.7 SD from normal-pass average | pct_change_24_0=0.052 is -0.3 SD from normal-pass average | Chamber_Temperature_C_was_missing=0.000 is -0.1 SD from normal-pass average,False,None,Normal,17.151,14.935,0.625,2.2159999999999993,-0.14
CMP04549,B1018,Relay_Electromech,2026-04-19,2026-04-25,81.7,6.18,14.652,15.323,50.0,B1018,14.652,15.323,81.7,6.18,Medium,0.3643,PASS,18.558,16.47,19.61,0.02247,OK,temp_deviation_from_85=-3.300 is -0.5 SD from normal-pass average | stress_weighted_rate=0.173 is +0.5 SD from normal-pass average | pct_change_24_0=0.046 is -0.3 SD from normal-pass average,False,None,Normal,18.558,16.94,0.6710000000000012,1.6179999999999986,-0.21
CMP04994,B1021,Transistor_BJT,2026-03-19,2026-03-22,93.0,6.01,7.334,,50.0,B1021,7.334,,93.0,6.01,High,0.4899,REJECT,16.545,8.71,20.6,,OK,Value_24h_was_missing=1.000 is +8.9 SD from normal-pass average | temp_deviation_from_85=8.000 is +1.3 SD from normal-pass average | Chamber_Temperature_C_was_missing=0.000 is -0.1 SD from normal-pass average,True,Medium,Lot-Relative Drift,16.545,,,,0.63
CMP01551,B1048,Diode_Zener,2026-05-30,2026-06-05,87.1,4.12,6.305,7.185,50.0,B1048,6.305,7.185,87.1,4.12,Medium,0.3971,REJECT,12.44,8.5,12.7,0.0365,OK,rate_0_24=0.037 is +0.9 SD from normal-pass average | temp_deviation_from_85=2.100 is +0.4 SD from normal-pass average | pct_change_24_0=0.140 is +0.3 SD from normal-pass average,True,Medium,Lot-Relative Drift,12.44,9.812,0.8799999999999999,2.628,0.01
CMP04764,B1017,Transistor_BJT,2026-04-20,2026-04-23,87.6,5.39,5.089,5.384,50.0,B1017,5.089,5.384,87.6,5.39,Medium,0.2724,PASS,8.968,6.51,8.41,0.02489,OK,stress_weighted_rate=0.066 is -1.0 SD from normal-pass average | rate_0_24=0.012 is -1.0 SD from normal-pass average | temp_deviation_from_85=2.600 is +0.4 SD from normal-pass average,False,None,Normal,8.968,7.176,0.29499999999999993,1.7919999999999998,-0.82
CMP02730,B1043,Relay_Electromech,2026-06-15,2026-06-18,85.3,5.37,11.417,11.361,50.0,B1043,11.417,11.361,85.3,5.37,Medium,0.39,PASS,17.276,12.9,25.13,0.04107,OK,rate_0_24=-0.002 is -2.1 SD from normal-pass average | stress_weighted_rate=-0.013 is -2.1 SD from normal-pass average | pct_change_24_0=-0.005 is -0.7 SD from normal-pass average,False,None,Normal,17.276,14.318,-0.05599999999999916,2.958,-0.04
CMP02563,B1042,IC_Digital,2026-02-11,2026-02-22,81.3,5.77,6.228,7.129,50.0,B1042,6.228,7.129,81.3,5.77,Medium,0.5137,REJECT,11.066,8.6,18.99,0.02734,OK,stress_weighted_rate=0.217 is +1.1 SD from normal-pass average | rate_0_24=0.038 is +1.0 SD from normal-pass average | temp_deviation_from_85=-3.700 is -0.6 SD from normal-pass average,True,High,Lot-Relative Drift,11.066,9.098,0.9009999999999998,1.968,0.79
CMP05749,B1002,Diode_Zener,2026-02-24,2026-03-04,81.3,5.76,4.935,5.654,50.0,B1002,4.935,5.654,81.3,5.76,Medium,0.3451,PASS,9.122,7.11,8.16,0.02408,OK,temp_deviation_from_85=-3.700 is -0.6 SD from normal-pass average | stress_weighted_rate=0.173 is +0.5 SD from normal-pass average | rate_0_24=0.030 is +0.4 SD from normal-pass average,False,None,Normal,9.122,7.388,0.7190000000000003,1.734,-0.34
CMP00378,B1022,Transistor_BJT,2026-03-11,2026-03-14,87.6,5.49,5.249,5.384,50.0,B1022,5.249,5.384,87.6,5.49,Medium,0.2983,PASS,9.02,6.54,12.89,0.02525,OK,rate_0_24=0.006 is -1.5 SD from normal-pass average | stress_weighted_rate=0.031 is -1.5 SD from normal-pass average | pct_change_24_0=0.026 is -0.5 SD from normal-pass average,False,None,Normal,9.02,7.202,0.13500000000000068,1.8179999999999996,-0.65
CMP05067,B1043,MOSFET,2026-07-06,2026-07-16,92.1,4.86,7.809,12.965,50.0,B1043,7.809,12.965,92.1,4.86,High,0.9848,REJECT,23.258,16.16,28.31,0.07148,EARLY_REJECT,rate_0_24=0.215 is +15.1 SD from normal-pass average | stress_weighted_rate=1.044 is +12.9 SD from normal-pass average | pct_change_24_0=0.660 is +3.7 SD from normal-pass average,True,Critical,Accelerating Drift,23.258,18.112,5.156,5.146000000000001,3.93
CMP04606,B1040,Tantalum_Capacitor,2026-03-31,2026-04-07,83.5,5.55,7.575,8.993,50.0,B1040,7.575,8.993,83.5,5.55,Medium,0.8909,REJECT,21.59,10.85,40.86,0.08748,EARLY_REJECT,rate_0_24=0.059 is +2.7 SD from normal-pass average | stress_weighted_rate=0.328 is +2.7 SD from normal-pass average | pct_change_24_0=0.187 is +0.6 SD from normal-pass average,True,Critical,Accelerating Drift,21.59,15.292,1.4180000000000001,6.298,3.3
CMP03092,B1004,Transistor_BJT,2026-02-14,2026-02-18,90.5,5.2,3.584,3.79,50.0,B1004,3.584,3.79,90.5,5.2,High,0.2788,PASS,6.268,4.94,6.24,0.01721,OK,stress_weighted_rate=0.045 is -1.3 SD from normal-pass average | rate_0_24=0.009 is -1.3 SD from normal-pass average | temp_deviation_from_85=5.500 is +0.9 SD from normal-pass average,False,None,Normal,6.268,5.029,0.20599999999999996,1.2389999999999999,-0.78
CMP00254,B1045,Diode_Zener,2026-07-10,2026-07-13,88.8,5.86,5.19,4.871,50.0,B1045,5.19,4.871,88.8,5.86,Medium,0.3681,PASS,14.883,6.35,31.72,0.06953,EARLY_REJECT,stress_weighted_rate=-0.078 is -3.0 SD from normal-pass average | rate_0_24=-0.013 is -3.0 SD from normal-pass average | pct_change_24_0=-0.061 is -1.1 SD from normal-pass average,True,Critical,Accelerating Drift,14.883,9.877,-0.31899999999999995,5.0059999999999985,-0.18
CMP05884,B1010,Tantalum_Capacitor,2026-02-11,2026-02-16,92.5,5.54,7.321,7.941,50.0,B1010,7.321,7.941,92.5,5.54,High,0.4129,REJECT,12.297,8.97,16.5,0.03025,OK,temp_deviation_from_85=7.500 is +1.3 SD from normal-pass average | Chamber_Temperature_C_was_missing=0.000 is -0.1 SD from normal-pass average | Value_0h_was_missing=0.000 is -0.1 SD from normal-pass average,True,Medium,Lot-Relative Drift,12.297,10.119,0.6200000000000001,2.178000000000001,0.11
CMP00074,B1003,IC_Digital,2026-04-21,2026-04-24,79.8,5.57,10.425,10.928,50.0,B1003,10.425,10.928,79.8,5.57,Low,0.3817,PASS,16.059,12.11,15.59,0.03563,OK,temp_deviation_from_85=-5.200 is -0.9 SD from normal-pass average | pct_change_24_0=0.048 is -0.3 SD from normal-pass average | rate_0_24=0.021 is -0.3 SD from normal-pass average,False,None,Normal,16.059,13.494,0.5030000000000001,2.5650000000000013,-0.09
CMP05267,B1017,IC_Analog,2026-07-19,2026-08-01,85.0,5.8,14.478,14.594,50.0,B1017,14.478,14.594,85.0,5.8,Medium,0.3151,PASS,20.34,15.67,19.07,0.0399,OK,rate_0_24=0.005 is -1.6 SD from normal-pass average | stress_weighted_rate=0.028 is -1.5 SD from normal-pass average | pct_change_24_0=0.008 is -0.6 SD from normal-pass average,False,None,Normal,20.34,17.467,0.11599999999999966,2.873000000000001,-0.54
CMP02380,B1013,Transistor_BJT,2026-01-21,2026-01-29,92.5,5.97,8.314,9.535,50.0,B1013,8.314,9.535,92.5,5.97,High,0.6374,REJECT,17.757,11.25,30.69,0.0571,OK,stress_weighted_rate=0.304 is +2.4 SD from normal-pass average | rate_0_24=0.051 is +2.1 SD from normal-pass average | temp_deviation_from_85=7.500 is +1.3 SD from normal-pass average,True,High,Lot-Relative Drift,17.757,13.646,1.221,4.111000000000001,1.61
CMP00921,B1015,Relay_Electromech,2026-04-04,2026-04-11,93.8,5.56,10.765,11.432,50.0,B1015,10.765,11.432,93.8,5.56,High,0.3971,REJECT,15.416,13.11,15.21,0.02767,OK,temp_deviation_from_85=8.800 is +1.5 SD from normal-pass average | stress_weighted_rate=0.155 is +0.3 SD from normal-pass average | rate_0_24=0.028 is +0.2 SD from normal-pass average,True,Medium,Lot-Relative Drift,15.416,13.424,0.6669999999999998,1.9920000000000009,0.01
CMP03577,B1038,Transistor_BJT,2026-03-09,2026-03-21,86.9,5.1,5.65,6.033,50.0,B1038,5.65,6.033,86.9,5.1,Medium,0.293,PASS,9.37,6.93,9.21,0.02317,OK,stress_weighted_rate=0.081 is -0.8 SD from normal-pass average | rate_0_24=0.016 is -0.7 SD from normal-pass average | temp_deviation_from_85=1.900 is +0.3 SD from normal-pass average,False,None,Normal,9.37,7.701,0.383,1.6689999999999996,-0.69
CMP05078,B1005,Resistor_Precision,2026-04-05,2026-04-16,76.1,5.57,4.969,5.688,50.0,B1005,4.969,5.688,76.1,5.57,Low,0.3948,PASS,9.217,7.06,8.62,0.0245,OK,temp_deviation_from_85=-8.900 is -1.5 SD from normal-pass average | stress_weighted_rate=0.167 is +0.4 SD from normal-pass average | rate_0_24=0.030 is +0.4 SD from normal-pass average,False,None,Normal,9.217,7.453,0.7189999999999994,1.7640000000000002,-0.01
CMP05586,B1001,Tantalum_Capacitor,2026-03-29,2026-04-02,82.2,4.96,5.834,6.515,50.0,B1001,5.834,6.515,82.2,4.96,Medium,0.4356,REJECT,11.224,7.72,8.69,0.0327,OK,temp_deviation_from_85=-2.800 is -0.5 SD from normal-pass average | rate_0_24=0.028 is +0.3 SD from normal-pass average | Chamber_Temperature_C_was_missing=0.000 is -0.1 SD from normal-pass average,True,Medium,Lot-Relative Drift,11.224,8.87,0.681,2.354000000000001,0.27
CMP01673,B1008,Relay_Electromech,2026-04-14,2026-04-28,81.2,5.7,7.925,8.419,50.0,B1008,7.925,8.419,81.2,5.7,Medium,0.3714,PASS,13.262,9.68,13.71,0.03364,OK,temp_deviation_from_85=-3.800 is -0.6 SD from normal-pass average | rate_0_24=0.021 is -0.3 SD from normal-pass average | stress_weighted_rate=0.117 is -0.3 SD from normal-pass average,False,None,Normal,13.262,10.84,0.49400000000000066,2.4220000000000006,-0.16
CMP00673,B1034,IC_Analog,2026-07-04,2026-07-11,91.4,5.43,9.712,9.8,50.0,B1034,9.712,9.8,91.4,5.43,High,0.3423,PASS,13.967,10.99,15.08,0.02894,OK,rate_0_24=0.004 is -1.7 SD from normal-pass average | stress_weighted_rate=0.020 is -1.6 SD from normal-pass average | temp_deviation_from_85=6.400 is +1.1 SD from normal-pass average,False,None,Normal,13.967,11.884,0.08800000000000097,2.083,-0.36
CMP03873,B1045,Tantalum_Capacitor,2026-01-01,2026-01-06,85.5,5.5,8.247,8.833,50.0,B1045,8.247,8.833,85.5,5.5,Medium,0.3959,REJECT,12.669,10.19,13.81,0.02664,OK,pct_change_24_0=0.071 is -0.2 SD from normal-pass average | Chamber_Temperature_C_was_missing=0.000 is -0.1 SD from normal-pass average | Value_0h_was_missing=0.000 is -0.1 SD from normal-pass average,True,Medium,Lot-Relative Drift,12.669,10.751,0.5860000000000003,1.918000000000001,0.0
CMP00824,B1014,Relay_Electromech,2026-05-08,2026-05-19,89.1,5.74,7.859,8.196,50.0,B1014,7.859,8.196,89.1,5.74,Medium,0.2837,PASS,12.607,9.45,15.15,0.03063,OK,rate_0_24=0.014 is -0.8 SD from normal-pass average | stress_weighted_rate=0.081 is -0.8 SD from normal-pass average | temp_deviation_from_85=4.100 is +0.7 SD from normal-pass average,False,None,Normal,12.607,10.401,0.33699999999999974,2.2059999999999995,-0.75
CMP05213,B1001,Transistor_BJT,2026-04-19,2026-04-27,93.9,5.05,7.07,7.242,50.0,B1001,7.07,7.242,93.9,5.05,High,0.2745,PASS,11.006,8.36,12.81,0.02614,OK,temp_deviation_from_85=8.900 is +1.5 SD from normal-pass average | stress_weighted_rate=0.036 is -1.4 SD from normal-pass average | rate_0_24=0.007 is -1.4 SD from normal-pass average,False,None,Normal,11.006,9.124,0.1719999999999997,1.8819999999999997,-0.81
CMP04361,B1002,Tantalum_Capacitor,2026-07-12,2026-07-20,85.8,5.68,7.381,8.253,50.0,B1002,7.381,8.253,85.8,5.68,Medium,0.4097,REJECT,12.518,9.5,21.84,0.02962,OK,stress_weighted_rate=0.206 is +1.0 SD from normal-pass average | rate_0_24=0.036 is +0.9 SD from normal-pass average | temp_deviation_from_85=0.800 is +0.1 SD from normal-pass average,True,Medium,Lot-Relative Drift,12.518,10.386,0.8719999999999999,2.1320000000000014,0.09
CMP03569,B1033,IC_Digital,2026-05-23,2026-05-29,95.8,6.44,4.763,5.151,50.0,B1033,4.763,5.151,95.8,6.44,High,0.3303,PASS,9.381,6.55,8.99,0.02938,OK,temp_deviation_from_85=10.800 is +1.8 SD from normal-pass average | rate_0_24=0.016 is -0.7 SD from normal-pass average | stress_weighted_rate=0.104 is -0.5 SD from normal-pass average,False,None,Normal,9.381,7.266,0.3879999999999999,2.115,-0.44
CMP01760,B1035,Tantalum_Capacitor,2026-07-16,2026-07-20,79.7,5.95,12.157,12.916,50.0,B1035,12.157,12.916,79.7,5.95,Low,0.5288,REJECT,23.451,14.3,37.97,0.07316,EARLY_REJECT,temp_deviation_from_85=-5.300 is -0.9 SD from normal-pass average | stress_weighted_rate=0.188 is +0.7 SD from normal-pass average | rate_0_24=0.032 is +0.5 SD from normal-pass average,True,Critical,Accelerating Drift,23.451,18.184,0.7590000000000003,5.2669999999999995,0.89
CMP02985,B1029,IC_Analog,2026-04-06,2026-04-19,90.3,5.09,,11.828,50.0,B1029,,11.828,90.3,5.09,High,0.499,REJECT,15.953,12.39,21.51,0.02865,OK,Value_0h_was_missing=1.000 is +7.9 SD from normal-pass average | temp_deviation_from_85=5.300 is +0.9 SD from normal-pass average | Chamber_Temperature_C_was_missing=0.000 is -0.1 SD from normal-pass average,True,Medium,Lot-Relative Drift,15.953,13.89,,2.062999999999999,0.69
CMP02770,B1045,IC_Digital,2026-03-01,2026-03-12,73.0,5.44,9.631,10.057,50.0,B1045,9.631,10.057,73.0,5.44,Low,0.2894,PASS,13.79,11.54,13.75,0.02593,OK,temp_deviation_from_85=-12.000 is -2.0 SD from normal-pass average | stress_weighted_rate=0.097 is -0.6 SD from normal-pass average | rate_0_24=0.018 is -0.6 SD from normal-pass average,False,None,Normal,13.79,11.924,0.42600000000000016,1.8659999999999997,-0.71
CMP02247,B1043,MOSFET,2026-01-27,2026-02-02,76.9,4.82,10.861,11.6,50.0,B1043,10.861,11.6,76.9,4.82,Low,0.3946,PASS,15.64,12.92,19.61,0.02806,OK,temp_deviation_from_85=-8.100 is -1.4 SD from normal-pass average | rate_0_24=0.031 is +0.5 SD from normal-pass average | pct_change_24_0=0.068 is -0.2 SD from normal-pass average,False,None,Normal,15.64,13.62,0.738999999999999,2.0200000000000014,-0.01
CMP01909,B1017,Relay_Electromech,2026-05-22,2026-05-28,82.7,5.52,10.84,11.778,50.0,B1017,10.84,11.778,82.7,5.52,Medium,0.5284,REJECT,15.23,12.94,18.97,0.02397,OK,rate_0_24=0.039 is +1.1 SD from normal-pass average | stress_weighted_rate=0.216 is +1.1 SD from normal-pass average | temp_deviation_from_85=-2.300 is -0.4 SD from normal-pass average,True,High,Lot-Relative Drift,15.23,13.504,0.9380000000000006,1.7260000000000009,0.88
CMP01400,B1025,Relay_Electromech,2026-02-27,2026-03-03,88.0,5.49,13.239,14.098,50.0,B1025,13.239,14.098,88.0,5.49,Medium,0.4468,REJECT,17.565,14.92,23.59,0.02408,OK,rate_0_24=0.036 is +0.9 SD from normal-pass average | stress_weighted_rate=0.196 is +0.9 SD from normal-pass average | temp_deviation_from_85=3.000 is +0.5 SD from normal-pass average,True,Medium,Lot-Relative Drift,17.565,15.832,0.859,1.7330000000000005,0.34
CMP00149,B1010,Resistor_Precision,2026-04-25,2026-04-30,73.7,5.07,4.877,5.558,50.0,B1010,4.877,5.558,73.7,5.07,Low,0.355,PASS,9.813,6.86,14.14,0.02955,OK,temp_deviation_from_85=-11.300 is -1.9 SD from normal-pass average | rate_0_24=0.028 is +0.3 SD from normal-pass average | pct_change_24_0=0.140 is +0.3 SD from normal-pass average,False,None,Normal,9.813,7.686,0.681,2.1270000000000007,-0.27
CMP00797,B1043,IC_Digital,2026-03-10,2026-03-19,80.2,5.19,6.924,7.529,50.0,B1043,6.924,7.529,80.2,5.19,Medium,0.4414,REJECT,13.069,8.77,18.91,0.03847,OK,temp_deviation_from_85=-4.800 is -0.8 SD from normal-pass average | Chamber_Temperature_C_was_missing=0.000 is -0.1 SD from normal-pass average | Value_0h_was_missing=0.000 is -0.1 SD from normal-pass average,True,Medium,Lot-Relative Drift,13.069,10.299,0.6049999999999995,2.7700000000000014,0.3
CMP03304,B1025,Tantalum_Capacitor,2026-04-17,2026-04-29,79.5,5.18,5.514,5.944,50.0,B1025,5.514,5.944,79.5,5.18,Low,0.3766,PASS,9.353,6.81,15.41,0.02367,OK,temp_deviation_from_85=-5.500 is -0.9 SD from normal-pass average | stress_weighted_rate=0.093 is -0.6 SD from normal-pass average | rate_0_24=0.018 is -0.5 SD from normal-pass average,False,None,Normal,9.353,7.648,0.4299999999999997,1.705,-0.13
CMP02607,B1049,Relay_Electromech,2026-05-14,2026-05-22,86.7,6.27,15.588,15.884,50.0,B1049,15.588,15.884,86.7,6.27,Medium,0.2835,PASS,18.578,16.95,18.03,0.01871,OK,rate_0_24=0.012 is -1.0 SD from normal-pass average | stress_weighted_rate=0.077 is -0.8 SD from normal-pass average | pct_change_24_0=0.019 is -0.5 SD from normal-pass average,False,None,Normal,18.578,17.231,0.29600000000000115,1.3469999999999978,-0.75
CMP01143,B1024,MOSFET,2026-05-30,2026-06-04,86.2,5.98,8.06,8.884,50.0,B1024,8.06,8.884,86.2,5.98,Medium,0.4276,REJECT,13.196,10.15,22.58,0.02995,OK,stress_weighted_rate=0.205 is +1.0 SD from normal-pass average | rate_0_24=0.034 is +0.8 SD from normal-pass average | temp_deviation_from_85=1.200 is +0.2 SD from normal-pass average,True,Medium,Lot-Relative Drift,13.196,11.04,0.8239999999999998,2.1560000000000006,0.21
CMP04308,B1017,Diode_Zener,2026-03-26,2026-04-07,92.1,5.45,4.648,5.816,50.0,B1017,4.648,5.816,92.1,5.45,High,0.6205,REJECT,12.14,7.14,21.98,0.04392,OK,rate_0_24=0.049 is +1.9 SD from normal-pass average | stress_weighted_rate=0.265 is +1.8 SD from normal-pass average | temp_deviation_from_85=7.100 is +1.2 SD from normal-pass average,True,High,Lot-Relative Drift,12.14,8.978,1.1680000000000001,3.162000000000001,1.5
CMP01244,B1007,MOSFET,2026-07-11,2026-07-23,82.8,5.44,7.859,9.167,50.0,B1007,7.859,9.167,82.8,5.44,Medium,0.7969,REJECT,18.176,10.72,31.9,0.06256,EARLY_REJECT,rate_0_24=0.054 is +2.4 SD from normal-pass average | stress_weighted_rate=0.296 is +2.3 SD from normal-pass average | pct_change_24_0=0.166 is +0.5 SD from normal-pass average,True,Critical,Accelerating Drift,18.176,13.671,1.3079999999999998,4.504999999999999,2.67
CMP02197,B1023,IC_Analog,2026-02-25,2026-03-10,97.2,5.73,13.949,14.941,50.0,B1023,13.949,14.941,97.2,5.73,High,0.4008,REJECT,21.799,16.22,27.55,0.04763,OK,temp_deviation_from_85=12.200 is +2.0 SD from normal-pass average | stress_weighted_rate=0.237 is +1.4 SD from normal-pass average | rate_0_24=0.041 is +1.3 SD from normal-pass average,True,Medium,Lot-Relative Drift,21.799,18.37,0.9920000000000009,3.4289999999999985,0.03
CMP02388,B1007,MOSFET,2026-02-15,2026-02-25,86.8,5.58,6.685,7.731,50.0,B1007,6.685,7.731,86.8,5.58,Medium,0.5545,REJECT,12.624,8.98,21.53,0.03398,OK,stress_weighted_rate=0.243 is +1.5 SD from normal-pass average | rate_0_24=0.044 is +1.5 SD from normal-pass average | pct_change_24_0=0.156 is +0.4 SD from normal-pass average,True,High,Lot-Relative Drift,12.624,10.178,1.0460000000000003,2.4459999999999997,1.06
CMP00650,B1032,Tantalum_Capacitor,2026-02-17,2026-02-25,89.6,5.33,9.681,10.201,50.0,B1032,9.681,10.201,89.6,5.33,Medium,0.3197,PASS,14.018,11.48,14.27,0.0265,OK,temp_deviation_from_85=4.600 is +0.8 SD from normal-pass average | stress_weighted_rate=0.115 is -0.3 SD from normal-pass average | pct_change_24_0=0.054 is -0.3 SD from normal-pass average,False,None,Normal,14.018,12.11,0.5200000000000014,1.9080000000000013,-0.51
CMP01180,B1003,Relay_Electromech,2026-01-04,2026-01-15,84.0,6.2,8.493,9.294,50.0,B1003,8.493,9.294,84.0,6.2,Medium,0.4449,REJECT,14.618,10.57,19.77,0.03697,OK,stress_weighted_rate=0.207 is +1.0 SD from normal-pass average | rate_0_24=0.033 is +0.7 SD from normal-pass average | temp_deviation_from_85=-1.000 is -0.2 SD from normal-pass average,True,Medium,Lot-Relative Drift,14.618,11.956,0.8010000000000002,2.662000000000001,0.33
CMP04943,B1039,IC_Analog,2026-04-18,2026-04-25,94.0,6.04,6.116,6.662,50.0,B1039,6.116,6.662,94.0,6.04,High,0.2916,PASS,10.645,7.39,12.31,0.02766,OK,temp_deviation_from_85=9.000 is +1.5 SD from normal-pass average | rate_0_24=0.023 is -0.2 SD from normal-pass average | Chamber_Temperature_C_was_missing=0.000 is -0.1 SD from normal-pass average,False,None,Normal,10.645,8.654,0.5460000000000003,1.9909999999999997,-0.69
CMP05460,B1010,MOSFET,2026-04-04,2026-04-12,82.8,5.19,6.265,7.076,50.0,B1010,6.265,7.076,82.8,5.19,Medium,0.3867,PASS,10.44,8.41,10.99,0.02336,OK,rate_0_24=0.034 is +0.7 SD from normal-pass average | stress_weighted_rate=0.175 is +0.6 SD from normal-pass average | temp_deviation_from_85=-2.200 is -0.4 SD from normal-pass average,False,None,Normal,10.44,8.758,0.8109999999999999,1.6820000000000004,-0.06
CMP00075,B1027,Diode_Zener,2026-03-11,2026-03-24,74.8,4.85,5.723,6.166,50.0,B1027,5.723,6.166,74.8,4.85,Low,0.3025,PASS,9.876,7.54,11.75,0.02576,OK,temp_deviation_from_85=-10.200 is -1.7 SD from normal-pass average | stress_weighted_rate=0.090 is -0.7 SD from normal-pass average | rate_0_24=0.018 is -0.5 SD from normal-pass average,False,None,Normal,9.876,8.021,0.4430000000000005,1.8549999999999986,-0.62
CMP01685,B1010,Relay_Electromech,2026-05-19,2026-05-31,79.7,4.62,17.783,22.141,50.0,B1010,17.783,22.141,79.7,4.62,Low,0.9733,REJECT,27.851,21.05,29.8,0.03966,OK,rate_0_24=0.182 is +12.4 SD from normal-pass average | stress_weighted_rate=0.839 is +10.0 SD from normal-pass average | pct_change_24_0=0.245 is +1.0 SD from normal-pass average,True,Critical,Severe Latent Degradation,27.851,24.996,4.357999999999997,2.8550000000000004,3.85
CMP03712,B1019,Tantalum_Capacitor,2026-01-19,2026-01-26,78.0,5.8,5.766,6.028,50.0,B1019,5.766,6.028,78.0,5.8,Low,0.2783,PASS,9.409,7.42,8.3,0.02348,OK,temp_deviation_from_85=-7.000 is -1.2 SD from normal-pass average | rate_0_24=0.011 is -1.1 SD from normal-pass average | stress_weighted_rate=0.063 is -1.0 SD from normal-pass average,False,None,Normal,9.409,7.719,0.26199999999999957,1.6900000000000004,-0.78
CMP01984,B1045,Resistor_Precision,2026-02-15,2026-02-18,82.7,5.42,3.674,3.75,50.0,B1045,3.674,3.75,82.7,5.42,Medium,0.3351,PASS,8.708,4.99,25.18,0.03443,OK,rate_0_24=0.003 is -1.7 SD from normal-pass average | stress_weighted_rate=0.017 is -1.7 SD from normal-pass average | pct_change_24_0=0.021 is -0.5 SD from normal-pass average,False,None,Normal,8.708,6.229,0.07600000000000007,2.479,-0.4
CMP02628,B1033,Resistor_Precision,2026-01-03,2026-01-10,83.4,5.1,5.738,6.544,50.0,B1033,5.738,6.544,83.4,5.1,Medium,0.3687,PASS,10.331,7.72,9.96,0.0263,OK,rate_0_24=0.034 is +0.7 SD from normal-pass average | stress_weighted_rate=0.171 is +0.5 SD from normal-pass average | pct_change_24_0=0.140 is +0.3 SD from normal-pass average,False,None,Normal,10.331,8.438,0.8059999999999992,1.892999999999999,-0.18
CMP00685,B1001,Tantalum_Capacitor,2026-03-20,2026-03-31,89.7,5.7,12.215,12.752,50.0,B1001,12.215,12.752,89.7,5.7,Medium,0.3136,PASS,16.361,14.28,17.49,0.02506,OK,temp_deviation_from_85=4.700 is +0.8 SD from normal-pass average | pct_change_24_0=0.044 is -0.4 SD from normal-pass average | rate_0_24=0.022 is -0.2 SD from normal-pass average,False,None,Normal,16.361,14.556,0.5370000000000008,1.8050000000000015,-0.55
CMP03445,B1020,Diode_Zener,2026-01-22,2026-02-04,74.2,5.49,4.883,5.554,50.0,B1020,4.883,5.554,74.2,5.49,Low,0.3382,PASS,9.48,6.84,11.02,0.02727,OK,temp_deviation_from_85=-10.800 is -1.8 SD from normal-pass average | pct_change_24_0=0.137 is +0.3 SD from normal-pass average | rate_0_24=0.028 is +0.3 SD from normal-pass average,False,None,Normal,9.48,7.517,0.6710000000000003,1.963,-0.38
CMP03478,B1039,IC_Analog,2026-04-01,2026-04-08,91.1,6.01,10.09,10.482,50.0,B1039,10.09,10.482,91.1,6.01,High,0.3056,PASS,13.991,11.92,14.04,0.02437,OK,temp_deviation_from_85=6.100 is +1.0 SD from normal-pass average | rate_0_24=0.016 is -0.7 SD from normal-pass average | stress_weighted_rate=0.098 is -0.5 SD from normal-pass average,False,None,Normal,13.991,12.236,0.39199999999999946,1.754999999999999,-0.6
CMP02356,B1009,Diode_Zener,2026-01-09,2026-01-15,83.9,5.82,5.404,5.686,50.0,B1009,5.404,5.686,83.9,5.82,Medium,0.255,PASS,8.905,6.91,8.83,0.02235,OK,rate_0_24=0.012 is -1.0 SD from normal-pass average | stress_weighted_rate=0.068 is -1.0 SD from normal-pass average | pct_change_24_0=0.052 is -0.3 SD from normal-pass average,False,None,Normal,8.905,7.296,0.28200000000000003,1.608999999999999,-0.94
CMP05758,B1038,Resistor_Precision,2026-04-21,2026-04-29,74.1,5.47,3.796,4.556,50.0,B1038,3.796,4.556,74.1,5.47,Low,0.3625,PASS,12.173,6.3,18.26,0.0529,OK,temp_deviation_from_85=-10.900 is -1.8 SD from normal-pass average | pct_change_24_0=0.200 is +0.7 SD from normal-pass average | rate_0_24=0.032 is +0.5 SD from normal-pass average,False,None,Normal,12.173,8.364,0.7600000000000002,3.8089999999999993,-0.22
CMP03159,B1024,Transistor_BJT,2026-05-15,2026-05-24,85.8,5.55,6.901,6.94,50.0,B1024,6.901,6.94,85.8,5.55,Medium,0.408,REJECT,12.956,8.15,19.28,0.04178,OK,rate_0_24=0.002 is -1.8 SD from normal-pass average | stress_weighted_rate=0.009 is -1.8 SD from normal-pass average | pct_change_24_0=0.006 is -0.6 SD from normal-pass average,True,Medium,Lot-Relative Drift,12.956,9.948,0.03900000000000059,3.007999999999999,0.08
CMP03905,B1047,Relay_Electromech,2026-04-20,2026-04-25,83.0,5.29,8.878,9.463,50.0,B1047,8.878,9.463,83.0,5.29,Medium,0.363,PASS,14.216,10.79,16.82,0.03301,OK,temp_deviation_from_85=-2.000 is -0.3 SD from normal-pass average | pct_change_24_0=0.066 is -0.2 SD from normal-pass average | Chamber_Temperature_C_was_missing=0.000 is -0.1 SD from normal-pass average,False,None,Normal,14.216,11.84,0.5849999999999991,2.3759999999999994,-0.22
CMP03415,B1031,Relay_Electromech,2026-05-23,2026-05-30,78.4,5.5,13.771,14.649,50.0,B1031,13.771,14.649,78.4,5.5,Low,0.5347,REJECT,17.869,15.35,26.16,0.02236,OK,temp_deviation_from_85=-6.600 is -1.1 SD from normal-pass average | rate_0_24=0.037 is +0.9 SD from normal-pass average | stress_weighted_rate=0.201 is +0.9 SD from normal-pass average,True,High,Lot-Relative Drift,17.869,16.259,0.8779999999999983,1.6099999999999994,0.93
CMP01744,B1029,MOSFET,2026-07-06,2026-07-15,78.7,6.03,6.133,7.367,50.0,B1029,6.133,7.367,78.7,6.03,Low,0.6522,REJECT,12.116,9.05,20.53,0.03298,OK,stress_weighted_rate=0.310 is +2.5 SD from normal-pass average | rate_0_24=0.051 is +2.1 SD from normal-pass average | temp_deviation_from_85=-6.300 is -1.1 SD from normal-pass average,True,High,Lot-Relative Drift,12.116,9.742,1.234,2.3739999999999988,1.71
CMP05529,B1022,Tantalum_Capacitor,2026-05-03,2026-05-12,91.4,5.0,10.309,11.03,50.0,B1022,10.309,11.03,91.4,5.0,High,0.4215,REJECT,16.071,12.26,17.48,0.03501,OK,temp_deviation_from_85=6.400 is +1.1 SD from normal-pass average | rate_0_24=0.030 is +0.4 SD from normal-pass average | stress_weighted_rate=0.150 is +0.2 SD from normal-pass average,True,Medium,Lot-Relative Drift,16.071,13.55,0.7210000000000001,2.521000000000001,0.17
CMP03389,B1021,IC_Digital,2026-02-12,2026-02-21,75.5,5.94,9.934,10.982,50.0,B1021,9.934,10.982,75.5,5.94,Low,0.5343,REJECT,15.209,12.01,25.37,0.02935,OK,stress_weighted_rate=0.259 is +1.7 SD from normal-pass average | temp_deviation_from_85=-9.500 is -1.6 SD from normal-pass average | rate_0_24=0.044 is +1.5 SD from normal-pass average,True,High,Lot-Relative Drift,15.209,13.096,1.048,2.1129999999999995,0.92
CMP00749,B1045,Tantalum_Capacitor,2026-01-18,2026-01-24,82.0,5.07,8.277,8.737,50.0,B1045,8.277,8.737,82.0,5.07,Medium,0.365,PASS,12.483,10.04,19.1,0.02601,OK,stress_weighted_rate=0.097 is -0.6 SD from normal-pass average | temp_deviation_from_85=-3.000 is -0.5 SD from normal-pass average | rate_0_24=0.019 is -0.4 SD from normal-pass average,False,None,Normal,12.483,10.61,0.46000000000000085,1.873000000000001,-0.21
CMP05800,B1025,Diode_Zener,2026-05-23,2026-05-26,88.0,5.44,5.847,6.653,50.0,B1025,5.847,6.653,88.0,5.44,Medium,0.3473,PASS,10.852,7.72,12.78,0.02916,OK,rate_0_24=0.034 is +0.7 SD from normal-pass average | stress_weighted_rate=0.183 is +0.7 SD from normal-pass average | temp_deviation_from_85=3.000 is +0.5 SD from normal-pass average,False,None,Normal,10.852,8.752,0.8059999999999992,2.0999999999999996,-0.32
CMP05245,B1041,MOSFET,2026-06-07,2026-06-17,95.6,5.5,7.449,8.213,50.0,B1041,7.449,8.213,95.6,5.5,High,0.3576,PASS,12.828,9.77,20.41,0.03205,OK,temp_deviation_from_85=10.600 is +1.8 SD from normal-pass average | rate_0_24=0.032 is +0.6 SD from normal-pass average | stress_weighted_rate=0.175 is +0.6 SD from normal-pass average,False,None,Normal,12.828,10.52,0.7639999999999993,2.308,-0.25
CMP00226,B1021,Diode_Zener,2026-05-27,2026-06-05,80.3,5.55,4.895,4.995,50.0,B1021,4.895,4.995,80.3,5.55,Medium,0.2806,PASS,8.43,6.2,10.72,0.02385,OK,rate_0_24=0.004 is -1.6 SD from normal-pass average | stress_weighted_rate=0.023 is -1.6 SD from normal-pass average | temp_deviation_from_85=-4.700 is -0.8 SD from normal-pass average,False,None,Normal,8.43,6.712,0.10000000000000053,1.718,-0.77
CMP00696,B1014,Transistor_BJT,2026-02-20,2026-02-26,90.4,5.22,8.228,9.001,50.0,B1014,8.228,9.001,90.4,5.22,High,0.3879,PASS,18.905,10.57,24.96,0.06878,EARLY_REJECT,temp_deviation_from_85=5.400 is +0.9 SD from normal-pass average | rate_0_24=0.032 is +0.6 SD from normal-pass average | stress_weighted_rate=0.168 is +0.5 SD from normal-pass average,True,Critical,Accelerating Drift,18.905,13.953,0.7729999999999997,4.952000000000002,-0.05
CMP01740,B1044,IC_Analog,2026-02-01,2026-02-11,82.6,6.25,5.131,6.116,50.0,B1044,5.131,6.116,82.6,6.25,Medium,0.603,REJECT,11.202,7.74,19.65,0.03532,OK,stress_weighted_rate=0.257 is +1.7 SD from normal-pass average | rate_0_24=0.041 is +1.3 SD from normal-pass average | pct_change_24_0=0.192 is +0.6 SD from normal-pass average,True,High,Lot-Relative Drift,11.202,8.659,0.9849999999999994,2.5429999999999993,1.38
CMP04505,B1041,Tantalum_Capacitor,2026-05-03,2026-05-06,84.5,5.97,7.667,8.053,50.0,B1041,7.667,8.053,84.5,5.97,Medium,0.3346,PASS,12.343,9.28,14.94,0.02979,OK,rate_0_24=0.016 is -0.7 SD from normal-pass average | stress_weighted_rate=0.096 is -0.6 SD from normal-pass average | pct_change_24_0=0.050 is -0.3 SD from normal-pass average,False,None,Normal,12.343,10.198,0.386000000000001,2.1449999999999996,-0.41
CMP03382,B1047,IC_Digital,2026-05-02,2026-05-05,87.8,5.76,7.637,8.151,50.0,B1047,7.637,8.151,87.8,5.76,Medium,0.373,PASS,12.247,9.48,14.57,0.02844,OK,temp_deviation_from_85=2.800 is +0.5 SD from normal-pass average | rate_0_24=0.021 is -0.3 SD from normal-pass average | pct_change_24_0=0.067 is -0.2 SD from normal-pass average,False,None,Normal,12.247,10.199,0.5140000000000002,2.048,-0.15
CMP05512,B1039,IC_Digital,2026-07-08,2026-07-14,79.1,5.2,6.984,6.562,50.0,B1039,6.984,6.562,79.1,5.2,Low,0.496,REJECT,18.894,7.59,31.17,0.08564,EARLY_REJECT,rate_0_24=-0.018 is -3.4 SD from normal-pass average | stress_weighted_rate=-0.091 is -3.2 SD from normal-pass average | pct_change_24_0=-0.060 is -1.0 SD from normal-pass average,True,Critical,Accelerating Drift,18.894,12.728,-0.4219999999999997,6.165999999999999,0.67
CMP05785,B1011,Relay_Electromech,2026-05-21,2026-05-31,81.2,5.01,13.284,13.434,50.0,B1011,13.284,13.434,81.2,5.01,Medium,0.2966,PASS,17.389,15.01,19.77,0.02746,OK,stress_weighted_rate=0.031 is -1.5 SD from normal-pass average | rate_0_24=0.006 is -1.5 SD from normal-pass average | temp_deviation_from_85=-3.800 is -0.6 SD from normal-pass average,False,None,Normal,17.389,15.412,0.14999999999999858,1.9769999999999985,-0.66
CMP00723,B1021,IC_Digital,2026-02-10,2026-02-23,82.7,5.86,10.578,11.469,50.0,B1021,10.578,11.469,82.7,5.86,Medium,0.5471,REJECT,15.352,12.78,22.55,0.02696,OK,stress_weighted_rate=0.218 is +1.2 SD from normal-pass average | rate_0_24=0.037 is +1.0 SD from normal-pass average | temp_deviation_from_85=-2.300 is -0.4 SD from normal-pass average,True,High,Lot-Relative Drift,15.352,13.41,0.891,1.9420000000000002,1.01
CMP05795,B1048,Resistor_Precision,2026-02-27,2026-03-04,81.0,5.57,1.791,2.518,50.0,B1048,1.791,2.518,81.0,5.57,Medium,0.3533,PASS,7.644,3.69,9.42,0.0356,OK,pct_change_24_0=0.406 is +2.0 SD from normal-pass average | temp_deviation_from_85=-4.000 is -0.7 SD from normal-pass average | stress_weighted_rate=0.169 is +0.5 SD from normal-pass average,False,None,Normal,7.644,5.081,0.7269999999999999,2.5629999999999997,-0.28
CMP02439,B1014,Diode_Zener,2026-07-12,2026-07-22,89.2,5.2,6.446,6.642,50.0,B1014,6.446,6.642,89.2,5.2,Medium,0.2385,PASS,10.292,7.74,12.75,0.02535,OK,stress_weighted_rate=0.042 is -1.3 SD from normal-pass average | rate_0_24=0.008 is -1.3 SD from normal-pass average | temp_deviation_from_85=4.200 is +0.7 SD from normal-pass average,False,None,Normal,10.292,8.467,0.19600000000000062,1.8249999999999993,-1.05
CMP05455,B1028,IC_Digital,2026-05-28,2026-06-10,79.9,5.68,8.341,8.775,50.0,B1028,8.341,8.775,79.9,5.68,Low,0.3884,PASS,12.925,9.93,16.47,0.02882,OK,temp_deviation_from_85=-5.100 is -0.8 SD from normal-pass average | rate_0_24=0.018 is -0.5 SD from normal-pass average | stress_weighted_rate=0.103 is -0.5 SD from normal-pass average,False,None,Normal,12.925,10.85,0.43400000000000105,2.075000000000001,-0.05
CMP00223,B1047,Tantalum_Capacitor,2026-07-15,2026-07-25,85.5,5.66,9.76,10.332,50.0,B1047,9.76,10.332,85.5,5.66,Medium,0.4119,REJECT,15.764,11.38,21.63,0.03772,OK,pct_change_24_0=0.059 is -0.3 SD from normal-pass average | Chamber_Temperature_C_was_missing=0.000 is -0.1 SD from normal-pass average | Value_0h_was_missing=0.000 is -0.1 SD from normal-pass average,True,Medium,Lot-Relative Drift,15.764,13.048,0.572000000000001,2.7159999999999993,0.11
CMP05660,B1048,IC_Analog,2026-01-26,2026-02-01,84.9,5.24,7.912,8.184,50.0,B1048,7.912,8.184,84.9,5.24,Medium,0.2748,PASS,12.19,9.65,13.85,0.02782,OK,stress_weighted_rate=0.059 is -1.1 SD from normal-pass average | rate_0_24=0.011 is -1.1 SD from normal-pass average | pct_change_24_0=0.034 is -0.4 SD from normal-pass average,False,None,Normal,12.19,10.187,0.27199999999999935,2.003,-0.81
CMP01111,B1030,Transistor_BJT,2026-02-26,2026-03-01,84.0,5.92,7.193,8.1,50.0,B1030,7.193,8.1,84.0,5.92,Medium,0.5013,REJECT,13.104,9.46,22.29,0.03475,OK,stress_weighted_rate=0.224 is +1.2 SD from normal-pass average | rate_0_24=0.038 is +1.0 SD from normal-pass average | pct_change_24_0=0.126 is +0.2 SD from normal-pass average,True,High,Lot-Relative Drift,13.104,10.602,0.907,2.501999999999999,0.7
CMP03686,B1048,Resistor_Precision,2026-04-25,2026-05-01,81.5,5.2,2.536,3.154,50.0,B1048,2.536,3.154,81.5,5.2,Medium,0.3258,PASS,8.04,4.76,13.49,0.03393,OK,pct_change_24_0=0.244 is +1.0 SD from normal-pass average | temp_deviation_from_85=-3.500 is -0.6 SD from normal-pass average | Chamber_Temperature_C_was_missing=0.000 is -0.1 SD from normal-pass average,False,None,Normal,8.04,5.597,0.6179999999999999,2.4429999999999987,-0.47
CMP04698,B1016,Transistor_BJT,2026-05-23,2026-05-30,88.4,5.59,7.327,7.367,50.0,B1016,7.327,7.367,88.4,5.59,Medium,0.4408,REJECT,12.526,8.54,23.63,0.03583,OK,rate_0_24=0.002 is -1.8 SD from normal-pass average | stress_weighted_rate=0.009 is -1.8 SD from normal-pass average | pct_change_24_0=0.005 is -0.6 SD from normal-pass average,True,Medium,Lot-Relative Drift,12.526,9.946,0.040000000000000036,2.58,0.3
CMP05727,B1006,IC_Digital,2026-04-24,2026-04-30,88.7,5.88,4.991,6.116,50.0,B1006,4.991,6.116,88.7,5.88,Medium,0.6236,REJECT,11.835,7.69,23.87,0.03971,OK,stress_weighted_rate=0.276 is +2.0 SD from normal-pass average | rate_0_24=0.047 is +1.8 SD from normal-pass average | pct_change_24_0=0.225 is +0.8 SD from normal-pass average,True,High,Lot-Relative Drift,11.835,8.976,1.125,2.859,1.52
CMP05594,B1018,Diode_Zener,2026-07-15,2026-07-28,85.1,5.59,6.46,6.902,50.0,B1018,6.46,6.902,85.1,5.59,Medium,0.2788,PASS,10.174,8.26,9.64,0.02272,OK,rate_0_24=0.018 is -0.5 SD from normal-pass average | stress_weighted_rate=0.103 is -0.5 SD from normal-pass average | pct_change_24_0=0.068 is -0.2 SD from normal-pass average,False,None,Normal,10.174,8.538,0.44200000000000017,1.6359999999999992,-0.78
CMP02469,B1025,Relay_Electromech,2026-07-18,2026-07-30,84.2,4.51,10.431,11.371,50.0,B1025,10.431,11.371,84.2,4.51,Medium,0.4207,REJECT,15.676,13.23,16.38,0.0299,OK,rate_0_24=0.039 is +1.1 SD from normal-pass average | stress_weighted_rate=0.177 is +0.6 SD from normal-pass average | Chamber_Temperature_C_was_missing=0.000 is -0.1 SD from normal-pass average,True,Medium,Lot-Relative Drift,15.676,13.524,0.9400000000000013,2.152000000000001,0.17
CMP02666,B1036,Resistor_Precision,2026-01-22,2026-02-03,86.3,4.98,5.284,5.931,50.0,B1036,5.284,5.931,86.3,4.98,Medium,0.3051,PASS,9.397,7.03,10.65,0.02407,OK,temp_deviation_from_85=1.300 is +0.2 SD from normal-pass average | rate_0_24=0.027 is +0.2 SD from normal-pass average | pct_change_24_0=0.122 is +0.2 SD from normal-pass average,False,None,Normal,9.397,7.664,0.6470000000000002,1.7330000000000005,-0.6
CMP04574,B1043,IC_Analog,2026-04-26,2026-05-02,89.7,5.06,10.774,10.804,50.0,B1043,10.774,10.804,89.7,5.06,Medium,0.3557,PASS,15.295,11.6,18.56,0.03119,OK,rate_0_24=0.001 is -1.9 SD from normal-pass average | stress_weighted_rate=0.006 is -1.8 SD from normal-pass average | temp_deviation_from_85=4.700 is +0.8 SD from normal-pass average,False,None,Normal,15.295,13.05,0.030000000000001137,2.244999999999999,-0.27
CMP05289,B1047,IC_Digital,2026-03-15,2026-03-22,87.5,5.44,13.273,14.454,50.0,B1047,13.273,14.454,87.5,5.44,Medium,0.6978,REJECT,21.32,15.58,31.14,0.04768,OK,rate_0_24=0.049 is +1.9 SD from normal-pass average | stress_weighted_rate=0.268 is +1.9 SD from normal-pass average | temp_deviation_from_85=2.500 is +0.4 SD from normal-pass average,True,High,Lot-Relative Drift,21.32,17.887,1.181000000000001,3.433,2.01
CMP01049,B1034,IC_Analog,2026-03-27,2026-04-01,79.2,5.21,9.947,10.293,50.0,B1034,9.947,10.293,79.2,5.21,Low,0.3057,PASS,14.07,11.51,16.52,0.02623,OK,temp_deviation_from_85=-5.800 is -1.0 SD from normal-pass average | stress_weighted_rate=0.075 is -0.9 SD from normal-pass average | rate_0_24=0.014 is -0.8 SD from normal-pass average,False,None,Normal,14.07,12.182,0.3460000000000001,1.888,-0.6
CMP01469,B1029,Transistor_BJT,2026-03-11,2026-03-21,85.5,6.0,4.942,5.714,50.0,B1029,4.942,5.714,85.5,6.0,Medium,0.4413,REJECT,11.237,7.12,25.13,0.03836,OK,stress_weighted_rate=0.193 is +0.8 SD from normal-pass average | rate_0_24=0.032 is +0.6 SD from normal-pass average | pct_change_24_0=0.156 is +0.4 SD from normal-pass average,True,Medium,Lot-Relative Drift,11.237,8.476,0.7720000000000002,2.7609999999999992,0.3
CMP03854,B1046,Resistor_Precision,2026-02-18,2026-02-26,91.8,5.35,2.795,3.725,50.0,B1046,2.795,3.725,91.8,5.35,High,0.3338,PASS,6.844,5.44,9.07,0.02166,OK,pct_change_24_0=0.333 is +1.6 SD from normal-pass average | temp_deviation_from_85=6.800 is +1.1 SD from normal-pass average | rate_0_24=0.039 is +1.1 SD from normal-pass average,False,None,Normal,6.844,5.284,0.9300000000000002,1.5600000000000005,-0.41
CMP01324,B1037,MOSFET,2026-05-18,2026-05-30,85.7,5.58,3.614,4.331,50.0,B1037,3.614,4.331,85.7,5.58,Medium,0.3576,PASS,7.98,5.71,19.74,0.02534,OK,pct_change_24_0=0.198 is +0.7 SD from normal-pass average | stress_weighted_rate=0.167 is +0.4 SD from normal-pass average | rate_0_24=0.030 is +0.4 SD from normal-pass average,False,None,Normal,7.98,6.156,0.7170000000000005,1.8240000000000007,-0.25
CMP04959,B1013,Resistor_Precision,2026-06-28,2026-07-01,78.3,5.3,3.546,4.069,50.0,B1013,3.546,4.069,78.3,5.3,Low,0.3279,PASS,6.967,5.31,9.82,0.02013,OK,temp_deviation_from_85=-6.700 is -1.1 SD from normal-pass average | pct_change_24_0=0.147 is +0.3 SD from normal-pass average | stress_weighted_rate=0.115 is -0.3 SD from normal-pass average,False,None,Normal,6.967,5.518,0.5230000000000001,1.4489999999999998,-0.45
CMP03608,B1041,IC_Analog,2026-04-19,2026-04-28,80.8,5.6,9.731,10.851,50.0,B1041,9.731,10.851,80.8,5.6,Medium,0.6155,REJECT,15.279,12.06,26.02,0.03075,OK,stress_weighted_rate=0.261 is +1.8 SD from normal-pass average | rate_0_24=0.047 is +1.7 SD from normal-pass average | temp_deviation_from_85=-4.200 is -0.7 SD from normal-pass average,True,High,Lot-Relative Drift,15.279,13.065,1.120000000000001,2.2140000000000004,1.46
CMP00834,B1016,IC_Digital,2026-05-28,2026-06-08,84.7,5.64,7.692,8.606,50.0,B1016,7.692,8.606,84.7,5.64,Medium,0.4418,REJECT,13.141,10.11,19.97,0.03149,OK,stress_weighted_rate=0.215 is +1.1 SD from normal-pass average | rate_0_24=0.038 is +1.1 SD from normal-pass average | pct_change_24_0=0.119 is +0.1 SD from normal-pass average,True,Medium,Lot-Relative Drift,13.141,10.874,0.9139999999999997,2.2669999999999995,0.31
CMP00822,B1016,Transistor_BJT,2026-05-03,2026-05-12,72.3,5.52,8.75,11.971,50.0,B1016,8.75,11.971,72.3,5.52,Low,0.9218,REJECT,19.641,14.69,22.28,0.05327,OK,rate_0_24=0.134 is +8.7 SD from normal-pass average | stress_weighted_rate=0.741 is +8.6 SD from normal-pass average | temp_deviation_from_85=-12.700 is -2.1 SD from normal-pass average,True,Critical,Severe Latent Degradation,19.641,15.806,3.221,3.834999999999999,3.51
CMP05260,B1010,MOSFET,2026-05-16,2026-05-21,96.3,5.84,7.173,10.902,50.0,B1010,7.173,10.902,96.3,5.84,High,0.9838,REJECT,25.228,16.43,29.87,0.09948,EARLY_REJECT,stress_weighted_rate=0.907 is +10.9 SD from normal-pass average | rate_0_24=0.155 is +10.3 SD from normal-pass average | pct_change_24_0=0.520 is +2.8 SD from normal-pass average,True,Critical,Accelerating Drift,25.228,18.065,3.728999999999999,7.163,3.92
CMP04302,B1000,Tantalum_Capacitor,2026-05-06,2026-05-13,80.1,6.41,8.783,9.431,50.0,B1000,8.783,9.431,80.1,6.41,Medium,0.4626,REJECT,13.651,10.48,16.99,0.0293,OK,temp_deviation_from_85=-4.900 is -0.8 SD from normal-pass average | stress_weighted_rate=0.173 is +0.5 SD from normal-pass average | rate_0_24=0.027 is +0.2 SD from normal-pass average,True,Medium,Lot-Relative Drift,13.651,11.541,0.6479999999999997,2.1099999999999994,0.45
CMP01527,B1041,Tantalum_Capacitor,2026-05-11,2026-05-25,80.7,5.54,8.586,9.966,50.0,B1041,8.586,9.966,80.7,5.54,Medium,0.8223,REJECT,20.073,12.0,37.75,0.07019,EARLY_REJECT,rate_0_24=0.057 is +2.6 SD from normal-pass average | stress_weighted_rate=0.319 is +2.6 SD from normal-pass average | temp_deviation_from_85=-4.300 is -0.7 SD from normal-pass average,True,Critical,Accelerating Drift,20.073,15.02,1.379999999999999,5.053000000000001,2.84
CMP04798,B1026,Diode_Zener,2026-03-18,2026-03-30,93.2,5.97,3.981,4.428,50.0,B1026,3.981,4.428,93.2,5.97,High,0.2281,PASS,7.772,5.85,8.59,0.02322,OK,temp_deviation_from_85=8.200 is +1.4 SD from normal-pass average | rate_0_24=0.019 is -0.5 SD from normal-pass average | stress_weighted_rate=0.111 is -0.4 SD from normal-pass average,False,None,Normal,7.772,6.1,0.44700000000000006,1.6720000000000006,-1.12
CMP04524,B1047,Transistor_BJT,2026-01-28,2026-02-04,88.4,5.04,8.733,9.357,50.0,B1047,8.733,9.357,88.4,5.04,Medium,0.3546,PASS,18.661,10.3,18.95,0.06461,EARLY_REJECT,temp_deviation_from_85=3.400 is +0.6 SD from normal-pass average | pct_change_24_0=0.071 is -0.2 SD from normal-pass average | Chamber_Temperature_C_was_missing=0.000 is -0.1 SD from normal-pass average,True,Critical,Accelerating Drift,18.661,14.009,0.6239999999999988,4.652000000000001,-0.27
CMP01163,B1034,Tantalum_Capacitor,2026-05-25,2026-06-02,92.2,5.45,4.881,4.966,50.0,B1034,4.881,4.966,92.2,5.45,High,0.3345,PASS,9.385,6.08,11.74,0.03068,OK,rate_0_24=0.004 is -1.7 SD from normal-pass average | stress_weighted_rate=0.019 is -1.7 SD from normal-pass average | temp_deviation_from_85=7.200 is +1.2 SD from normal-pass average,False,None,Normal,9.385,7.176,0.08499999999999996,2.2089999999999996,-0.41
CMP03707,B1011,Resistor_Precision,2026-07-12,2026-07-21,90.1,4.88,2.228,2.592,50.0,B1011,2.228,2.592,90.1,4.88,High,0.2265,PASS,6.147,3.52,5.76,0.02468,OK,stress_weighted_rate=0.074 is -0.9 SD from normal-pass average | temp_deviation_from_85=5.100 is +0.9 SD from normal-pass average | rate_0_24=0.015 is -0.8 SD from normal-pass average,False,None,Normal,6.147,4.37,0.3639999999999999,1.7770000000000001,-1.13
CMP01610,B1040,Resistor_Precision,2026-07-12,2026-07-20,79.0,5.95,4.144,4.571,50.0,B1040,4.144,4.571,79.0,5.95,Low,0.2892,PASS,9.485,6.24,13.55,0.03413,OK,temp_deviation_from_85=-6.000 is -1.0 SD from normal-pass average | rate_0_24=0.018 is -0.6 SD from normal-pass average | stress_weighted_rate=0.106 is -0.4 SD from normal-pass average,False,None,Normal,9.485,7.028,0.4269999999999996,2.457,-0.71
CMP03317,B1037,Resistor_Precision,2026-05-30,2026-06-08,84.2,4.82,1.888,2.709,50.0,B1037,1.888,2.709,84.2,4.82,Medium,0.2873,PASS,6.172,4.19,4.49,0.02405,OK,pct_change_24_0=0.435 is +2.2 SD from normal-pass average | rate_0_24=0.034 is +0.7 SD from normal-pass average | stress_weighted_rate=0.165 is +0.4 SD from normal-pass average,False,None,Normal,6.172,4.44,0.8210000000000002,1.7319999999999993,-0.72
CMP01015,B1004,Diode_Zener,2026-06-23,2026-06-30,75.6,5.02,5.276,6.198,50.0,B1004,5.276,6.198,75.6,5.02,Low,0.4661,REJECT,10.911,7.51,17.83,0.03273,OK,temp_deviation_from_85=-9.400 is -1.6 SD from normal-pass average | rate_0_24=0.038 is +1.1 SD from normal-pass average | stress_weighted_rate=0.193 is +0.8 SD from normal-pass average,True,Medium,Lot-Relative Drift,10.911,8.554,0.9220000000000006,2.3569999999999993,0.47
CMP04538,B1042,Tantalum_Capacitor,2026-02-09,2026-02-20,84.4,5.04,7.937,8.979,50.0,B1042,7.937,8.979,84.4,5.04,Medium,0.5306,REJECT,16.433,10.21,28.73,0.05176,OK,rate_0_24=0.043 is +1.5 SD from normal-pass average | stress_weighted_rate=0.219 is +1.2 SD from normal-pass average | pct_change_24_0=0.131 is +0.2 SD from normal-pass average,True,High,Lot-Relative Drift,16.433,12.706,1.041999999999999,3.7270000000000003,0.9
CMP01280,B1035,MOSFET,2026-04-10,2026-04-23,,4.88,3.434,3.699,50.0,B1035,3.434,3.699,,4.88,Low,0.3142,PASS,6.836,5.08,6.98,0.02179,OK,Chamber_Temperature_C_was_missing=1.000 is +7.7 SD from normal-pass average | stress_weighted_rate=0.054 is -1.2 SD from normal-pass average | rate_0_24=0.011 is -1.1 SD from normal-pass average,False,None,Normal,6.836,5.268,0.2649999999999997,1.5680000000000005,-0.54
CMP00728,B1042,Resistor_Precision,2026-02-19,2026-02-25,86.0,5.89,3.441,4.073,50.0,B1042,3.441,4.073,86.0,5.89,Medium,0.3473,PASS,6.866,5.42,9.83,0.0194,OK,pct_change_24_0=0.184 is +0.6 SD from normal-pass average | stress_weighted_rate=0.155 is +0.3 SD from normal-pass average | temp_deviation_from_85=1.000 is +0.2 SD from normal-pass average,False,None,Normal,6.866,5.47,0.6320000000000006,1.396,-0.32
CMP00609,B1037,Relay_Electromech,2026-04-19,2026-04-26,83.8,5.15,17.273,17.564,50.0,B1037,17.273,17.564,83.8,5.15,Medium,0.2855,PASS,20.234,18.33,23.92,0.01854,OK,stress_weighted_rate=0.062 is -1.0 SD from normal-pass average | rate_0_24=0.012 is -1.0 SD from normal-pass average | pct_change_24_0=0.017 is -0.5 SD from normal-pass average,False,None,Normal,20.234,18.899,0.29100000000000037,1.3350000000000009,-0.74
CMP04418,B1004,Diode_Zener,2026-04-22,2026-05-03,83.1,5.7,5.059,5.773,50.0,B1004,5.059,5.773,83.1,5.7,Medium,0.3465,PASS,9.286,7.07,8.95,0.0244,OK,stress_weighted_rate=0.170 is +0.5 SD from normal-pass average | rate_0_24=0.030 is +0.4 SD from normal-pass average | temp_deviation_from_85=-1.900 is -0.3 SD from normal-pass average,False,None,Normal,9.286,7.53,0.7139999999999995,1.7559999999999993,-0.33
CMP02020,B1015,IC_Analog,2026-05-22,2026-06-01,94.0,4.83,14.542,15.697,50.0,B1015,14.542,15.697,94.0,4.83,High,0.5177,REJECT,27.188,16.32,37.67,0.0798,EARLY_REJECT,rate_0_24=0.048 is +1.9 SD from normal-pass average | temp_deviation_from_85=9.000 is +1.5 SD from normal-pass average | stress_weighted_rate=0.232 is +1.4 SD from normal-pass average,True,Critical,Accelerating Drift,27.188,21.442,1.1549999999999994,5.745999999999999,0.81
CMP05590,B1039,Diode_Zener,2026-01-17,2026-01-31,84.6,5.48,5.276,5.702,50.0,B1039,5.276,5.702,84.6,5.48,Medium,0.3142,PASS,9.102,6.83,10.36,0.02361,OK,rate_0_24=0.018 is -0.6 SD from normal-pass average | stress_weighted_rate=0.097 is -0.6 SD from normal-pass average | Chamber_Temperature_C_was_missing=0.000 is -0.1 SD from normal-pass average,False,None,Normal,9.102,7.402,0.42600000000000016,1.7000000000000002,-0.54
CMP02933,B1035,IC_Analog,2026-03-11,2026-03-14,85.2,5.25,11.472,,50.0,B1035,11.472,,85.2,5.25,Medium,0.5481,REJECT,18.985,9.45,26.2,,OK,Value_24h_was_missing=1.000 is +8.9 SD from normal-pass average | Chamber_Temperature_C_was_missing=0.000 is -0.1 SD from normal-pass average | Value_0h_was_missing=0.000 is -0.1 SD from normal-pass average,True,High,Lot-Relative Drift,18.985,,,,1.02
CMP04366,B1006,Resistor_Precision,2026-05-09,2026-05-19,93.9,5.7,3.135,3.293,50.0,B1006,3.135,3.293,93.9,5.7,High,0.2809,PASS,6.308,4.51,9.01,0.02094,OK,temp_deviation_from_85=8.900 is +1.5 SD from normal-pass average | rate_0_24=0.007 is -1.4 SD from normal-pass average | stress_weighted_rate=0.038 is -1.4 SD from normal-pass average,False,None,Normal,6.308,4.8,0.15800000000000036,1.508,-0.77
CMP04793,B1038,Diode_Zener,2026-04-26,2026-05-05,80.4,5.66,5.852,6.555,50.0,B1038,5.852,6.555,80.4,5.66,Medium,0.3417,PASS,10.172,7.8,9.75,0.02512,OK,temp_deviation_from_85=-4.600 is -0.8 SD from normal-pass average | stress_weighted_rate=0.166 is +0.4 SD from normal-pass average | rate_0_24=0.029 is +0.4 SD from normal-pass average,False,None,Normal,10.172,8.364,0.7029999999999994,1.8079999999999998,-0.36
CMP05397,B1001,Relay_Electromech,2026-06-21,2026-07-02,91.6,6.06,16.334,17.805,50.0,B1001,16.334,17.805,91.6,6.06,High,0.8286,REJECT,28.284,19.34,38.44,0.07277,EARLY_REJECT,stress_weighted_rate=0.371 is +3.3 SD from normal-pass average | rate_0_24=0.061 is +2.9 SD from normal-pass average | temp_deviation_from_85=6.600 is +1.1 SD from normal-pass average,True,Critical,Accelerating Drift,28.284,23.044,1.471,5.239999999999998,2.89
CMP02735,B1029,MOSFET,2026-01-16,2026-01-26,86.6,5.64,10.369,10.482,50.0,B1029,10.369,10.482,86.6,5.64,Medium,0.3173,PASS,14.798,11.58,15.66,0.02997,OK,rate_0_24=0.005 is -1.6 SD from normal-pass average | stress_weighted_rate=0.027 is -1.6 SD from normal-pass average | pct_change_24_0=0.011 is -0.6 SD from normal-pass average,False,None,Normal,14.798,12.64,0.11299999999999955,2.1579999999999995,-0.52
CMP04752,B1032,Diode_Zener,2026-03-12,2026-03-20,88.1,5.91,4.103,4.183,50.0,B1032,4.103,4.183,88.1,5.91,Medium,0.268,PASS,6.761,5.4,7.53,0.0179,OK,rate_0_24=0.003 is -1.7 SD from normal-pass average | stress_weighted_rate=0.020 is -1.7 SD from normal-pass average | temp_deviation_from_85=3.100 is +0.5 SD from normal-pass average,False,None,Normal,6.761,5.472,0.08000000000000007,1.2889999999999997,-0.85
CMP02456,B1029,Tantalum_Capacitor,2026-05-04,2026-05-09,83.6,5.49,8.909,9.563,50.0,B1029,8.909,9.563,83.6,5.49,Medium,0.4448,REJECT,13.938,10.77,15.08,0.03038,OK,temp_deviation_from_85=-1.400 is -0.2 SD from normal-pass average | rate_0_24=0.027 is +0.2 SD from normal-pass average | stress_weighted_rate=0.150 is +0.2 SD from normal-pass average,True,Medium,Lot-Relative Drift,13.938,11.75,0.6539999999999999,2.1880000000000006,0.33
CMP03899,B1018,Resistor_Precision,2026-02-13,2026-02-24,77.7,5.87,4.779,5.481,50.0,B1018,4.779,5.481,77.7,5.87,Low,0.3949,PASS,9.226,6.87,10.63,0.02601,OK,temp_deviation_from_85=-7.300 is -1.2 SD from normal-pass average | stress_weighted_rate=0.172 is +0.5 SD from normal-pass average | rate_0_24=0.029 is +0.4 SD from normal-pass average,False,None,Normal,9.226,7.354,0.702,1.8720000000000008,-0.01
CMP00826,B1032,IC_Digital,2026-05-02,2026-05-05,76.6,5.46,9.367,11.249,50.0,B1032,9.367,11.249,76.6,5.46,Low,0.8971,REJECT,20.809,14.24,35.28,0.06639,EARLY_REJECT,rate_0_24=0.078 is +4.3 SD from normal-pass average | stress_weighted_rate=0.428 is +4.1 SD from normal-pass average | temp_deviation_from_85=-8.400 is -1.4 SD from normal-pass average,True,Critical,Accelerating Drift,20.809,16.029,1.8819999999999997,4.780000000000001,3.34
CMP00155,B1024,Tantalum_Capacitor,2026-06-22,2026-06-29,74.5,5.54,12.122,12.396,50.0,B1024,12.122,12.396,74.5,5.54,Low,0.245,PASS,15.767,13.43,14.15,0.02341,OK,temp_deviation_from_85=-10.500 is -1.8 SD from normal-pass average | rate_0_24=0.011 is -1.1 SD from normal-pass average | stress_weighted_rate=0.063 is -1.0 SD from normal-pass average,False,None,Normal,15.767,14.082,0.2740000000000009,1.6849999999999987,-1.0
CMP03423,B1021,Relay_Electromech,2026-01-22,2026-02-01,83.7,5.53,,10.549,50.0,B1021,,10.549,83.7,5.53,Medium,0.3533,PASS,14.937,11.67,18.63,0.03047,OK,Value_0h_was_missing=1.000 is +7.9 SD from normal-pass average | temp_deviation_from_85=-1.300 is -0.2 SD from normal-pass average | Chamber_Temperature_C_was_missing=0.000 is -0.1 SD from normal-pass average,False,None,Normal,14.937,12.743,,2.193999999999999,-0.28
CMP00659,B1006,Transistor_BJT,2026-07-03,2026-07-17,85.2,5.41,6.864,7.966,50.0,B1006,6.864,7.966,85.2,5.41,Medium,0.6713,REJECT,13.384,9.03,28.19,0.03763,OK,rate_0_24=0.046 is +1.7 SD from normal-pass average | stress_weighted_rate=0.248 is +1.6 SD from normal-pass average | pct_change_24_0=0.161 is +0.4 SD from normal-pass average,True,High,Lot-Relative Drift,13.384,10.675,1.1020000000000003,2.7089999999999996,1.84
CMP03065,B1016,Tantalum_Capacitor,2026-02-07,2026-02-21,89.0,5.42,10.391,11.338,50.0,B1016,10.391,11.338,89.0,5.42,Medium,0.4111,REJECT,15.282,12.93,19.16,0.02739,OK,rate_0_24=0.039 is +1.2 SD from normal-pass average | stress_weighted_rate=0.214 is +1.1 SD from normal-pass average | temp_deviation_from_85=4.000 is +0.7 SD from normal-pass average,True,Medium,Lot-Relative Drift,15.282,13.31,0.9469999999999992,1.9719999999999995,0.1
CMP05513,B1002,Diode_Zener,2026-03-24,2026-04-06,95.9,5.16,4.663,5.166,50.0,B1002,4.663,5.166,95.9,5.16,High,0.2304,PASS,9.13,6.36,9.73,0.02753,OK,temp_deviation_from_85=10.900 is +1.8 SD from normal-pass average | stress_weighted_rate=0.108 is -0.4 SD from normal-pass average | rate_0_24=0.021 is -0.3 SD from normal-pass average,False,None,Normal,9.13,7.148,0.5030000000000001,1.982000000000001,-1.1
CMP04130,B1029,MOSFET,2026-05-14,2026-05-23,91.7,5.36,6.577,7.386,50.0,B1029,6.577,7.386,91.7,5.36,High,0.37,PASS,10.491,8.52,10.76,0.02156,OK,temp_deviation_from_85=6.700 is +1.1 SD from normal-pass average | rate_0_24=0.034 is +0.7 SD from normal-pass average | stress_weighted_rate=0.181 is +0.6 SD from normal-pass average,False,None,Normal,10.491,8.938,0.8090000000000002,1.552999999999999,-0.17
CMP00720,B1012,Tantalum_Capacitor,2026-03-22,2026-03-26,86.2,5.42,12.846,13.548,50.0,B1012,12.846,13.548,86.2,5.42,Medium,0.4209,REJECT,18.708,14.68,20.69,0.03583,OK,rate_0_24=0.029 is +0.4 SD from normal-pass average | stress_weighted_rate=0.159 is +0.3 SD from normal-pass average | pct_change_24_0=0.055 is -0.3 SD from normal-pass average,True,Medium,Lot-Relative Drift,18.708,16.128,0.702,2.5799999999999983,0.17
CMP00988,B1039,Diode_Zener,2026-03-15,2026-03-29,84.1,4.53,5.586,6.627,50.0,B1039,5.586,6.627,84.1,4.53,Medium,0.521,REJECT,12.294,7.64,23.08,0.03936,OK,rate_0_24=0.043 is +1.5 SD from normal-pass average | stress_weighted_rate=0.196 is +0.9 SD from normal-pass average | pct_change_24_0=0.186 is +0.6 SD from normal-pass average,True,High,Lot-Relative Drift,12.294,9.46,1.0409999999999995,2.8339999999999996,0.84
CMP01658,B1042,MOSFET,2026-05-19,2026-05-31,85.1,4.86,11.587,12.109,50.0,B1042,11.587,12.109,85.1,4.86,Medium,0.3091,PASS,16.195,13.19,18.03,0.02838,OK,stress_weighted_rate=0.106 is -0.4 SD from normal-pass average | pct_change_24_0=0.045 is -0.4 SD from normal-pass average | rate_0_24=0.022 is -0.2 SD from normal-pass average,False,None,Normal,16.195,14.152,0.5220000000000002,2.043000000000001,-0.58
CMP00071,B1044,Relay_Electromech,2026-02-20,2026-02-25,70.5,6.14,19.648,20.126,50.0,B1044,19.648,20.126,70.5,6.14,Low,0.3034,PASS,25.402,20.35,25.35,0.03664,OK,temp_deviation_from_85=-14.500 is -2.4 SD from normal-pass average | pct_change_24_0=0.024 is -0.5 SD from normal-pass average | rate_0_24=0.020 is -0.4 SD from normal-pass average,False,None,Normal,25.402,22.764,0.47800000000000153,2.6380000000000017,-0.62
CMP05742,B1028,Diode_Zener,2026-03-02,2026-03-15,84.3,5.72,6.27,7.989,50.0,B1028,6.27,7.989,84.3,5.72,Medium,0.9774,REJECT,21.32,12.4,28.25,0.09258,EARLY_REJECT,stress_weighted_rate=0.410 is +3.9 SD from normal-pass average | rate_0_24=0.072 is +3.7 SD from normal-pass average | pct_change_24_0=0.274 is +1.2 SD from normal-pass average,True,Critical,Accelerating Drift,21.32,14.654,1.7190000000000003,6.666,3.88
CMP02386,B1023,Diode_Zener,2026-02-17,2026-02-21,91.8,6.23,4.282,4.729,50.0,B1023,4.282,4.729,91.8,6.23,High,0.2229,PASS,8.422,6.32,7.09,0.02565,OK,temp_deviation_from_85=6.800 is +1.1 SD from normal-pass average | rate_0_24=0.019 is -0.5 SD from normal-pass average | stress_weighted_rate=0.116 is -0.3 SD from normal-pass average,False,None,Normal,8.422,6.576,0.44700000000000006,1.846000000000001,-1.15
CMP01331,B1042,Diode_Zener,2026-03-10,2026-03-20,79.6,5.61,5.392,5.942,50.0,B1042,5.392,5.942,79.6,5.61,Low,0.2862,PASS,9.171,7.08,11.0,0.02242,OK,temp_deviation_from_85=-5.400 is -0.9 SD from normal-pass average | rate_0_24=0.023 is -0.1 SD from normal-pass average | Chamber_Temperature_C_was_missing=0.000 is -0.1 SD from normal-pass average,False,None,Normal,9.171,7.556,0.5499999999999998,1.6149999999999993,-0.73
CMP03408,B1017,Diode_Zener,2026-01-05,2026-01-13,99.7,5.46,6.159,6.807,50.0,B1017,6.159,6.807,99.7,5.46,High,0.2297,PASS,10.693,8.22,8.63,0.02699,OK,temp_deviation_from_85=14.700 is +2.5 SD from normal-pass average | rate_0_24=0.027 is +0.2 SD from normal-pass average | stress_weighted_rate=0.147 is +0.2 SD from normal-pass average,False,None,Normal,10.693,8.75,0.6480000000000006,1.9429999999999996,-1.11
CMP04139,B1049,Diode_Zener,2026-03-24,2026-03-27,83.9,4.93,5.142,5.287,50.0,B1049,5.142,5.287,83.9,4.93,Medium,0.29,PASS,9.003,6.64,9.84,0.0258,OK,stress_weighted_rate=0.030 is -1.5 SD from normal-pass average | rate_0_24=0.006 is -1.5 SD from normal-pass average | pct_change_24_0=0.028 is -0.5 SD from normal-pass average,False,None,Normal,9.003,7.145,0.14499999999999957,1.8580000000000005,-0.7
CMP05751,B1036,Resistor_Precision,2026-04-17,2026-04-20,80.7,5.24,4.486,5.185,50.0,B1036,4.486,5.185,80.7,5.24,Medium,0.374,PASS,8.967,6.51,11.14,0.02626,OK,temp_deviation_from_85=-4.300 is -0.7 SD from normal-pass average | pct_change_24_0=0.156 is +0.4 SD from normal-pass average | rate_0_24=0.029 is +0.3 SD from normal-pass average,False,None,Normal,8.967,7.076,0.6989999999999998,1.891000000000001,-0.15
CMP00045,B1049,Relay_Electromech,2026-01-28,2026-02-07,89.6,5.59,13.59,13.979,50.0,B1049,13.59,13.979,89.6,5.59,Medium,0.3096,PASS,17.454,14.9,19.05,0.02413,OK,temp_deviation_from_85=4.600 is +0.8 SD from normal-pass average | rate_0_24=0.016 is -0.7 SD from normal-pass average | stress_weighted_rate=0.091 is -0.6 SD from normal-pass average,False,None,Normal,17.454,15.716,0.38899999999999935,1.7380000000000013,-0.57
CMP05392,B1002,Tantalum_Capacitor,2026-03-02,2026-03-15,86.9,5.77,6.418,6.911,50.0,B1002,6.418,6.911,86.9,5.77,Medium,0.3691,PASS,10.17,8.1,12.07,0.02263,OK,rate_0_24=0.021 is -0.3 SD from normal-pass average | temp_deviation_from_85=1.900 is +0.3 SD from normal-pass average | stress_weighted_rate=0.119 is -0.3 SD from normal-pass average,False,None,Normal,10.17,8.54,0.49299999999999944,1.6300000000000008,-0.18
CMP04420,B1036,Diode_Zener,2026-02-09,2026-02-13,82.9,5.33,5.511,5.84,50.0,B1036,5.511,5.84,82.9,5.33,Medium,0.2662,PASS,9.129,6.96,10.36,0.02284,OK,stress_weighted_rate=0.073 is -0.9 SD from normal-pass average | rate_0_24=0.014 is -0.9 SD from normal-pass average | temp_deviation_from_85=-2.100 is -0.3 SD from normal-pass average,False,None,Normal,9.129,7.484,0.32899999999999974,1.6449999999999996,-0.86
CMP00004,B1002,MOSFET,2026-05-29,2026-06-09,97.8,5.34,5.976,6.331,50.0,B1002,5.976,6.331,97.8,5.34,High,0.2803,PASS,10.078,7.55,10.81,0.02602,OK,temp_deviation_from_85=12.800 is +2.2 SD from normal-pass average | stress_weighted_rate=0.079 is -0.8 SD from normal-pass average | rate_0_24=0.015 is -0.8 SD from normal-pass average,False,None,Normal,10.078,8.204,0.3550000000000004,1.8739999999999988,-0.77
CMP04780,B1028,MOSFET,2026-05-05,2026-05-15,89.2,5.25,6.018,6.591,50.0,B1028,6.018,6.591,89.2,5.25,Medium,0.2873,PASS,10.251,7.67,11.7,0.02541,OK,temp_deviation_from_85=4.200 is +0.7 SD from normal-pass average | stress_weighted_rate=0.125 is -0.2 SD from normal-pass average | Chamber_Temperature_C_was_missing=0.000 is -0.1 SD from normal-pass average,False,None,Normal,10.251,8.421,0.5730000000000004,1.83,-0.72
CMP00498,B1049,Relay_Electromech,2026-01-02,2026-01-08,81.5,5.58,13.145,13.729,50.0,B1049,13.145,13.729,81.5,5.58,Medium,0.3406,PASS,17.2,14.54,19.08,0.0241,OK,temp_deviation_from_85=-3.500 is -0.6 SD from normal-pass average | pct_change_24_0=0.044 is -0.4 SD from normal-pass average | Chamber_Temperature_C_was_missing=0.000 is -0.1 SD from normal-pass average,False,None,Normal,17.2,15.464,0.5839999999999996,1.7359999999999989,-0.37
CMP00708,B1048,IC_Digital,2026-07-01,2026-07-07,82.0,5.61,13.129,13.98,50.0,B1048,13.129,13.98,82.0,5.61,Medium,0.547,REJECT,18.105,14.65,28.29,0.02864,OK,stress_weighted_rate=0.199 is +0.9 SD from normal-pass average | rate_0_24=0.035 is +0.8 SD from normal-pass average | temp_deviation_from_85=-3.000 is -0.5 SD from normal-pass average,True,High,Lot-Relative Drift,18.105,16.042,0.8510000000000009,2.062999999999999,1.01
CMP01441,B1017,Tantalum_Capacitor,2026-05-12,2026-05-19,88.7,5.79,7.23,7.556,50.0,B1017,7.23,7.556,88.7,5.79,Medium,0.2873,PASS,11.894,8.95,15.72,0.03013,OK,rate_0_24=0.014 is -0.9 SD from normal-pass average | stress_weighted_rate=0.079 is -0.8 SD from normal-pass average | temp_deviation_from_85=3.700 is +0.6 SD from normal-pass average,False,None,Normal,11.894,9.725,0.3259999999999996,2.1690000000000005,-0.72
CMP01752,B1002,Diode_Zener,2026-02-13,2026-02-21,96.6,5.18,3.51,4.037,50.0,B1002,3.51,4.037,96.6,5.18,High,0.2335,PASS,6.655,5.19,6.66,0.01818,OK,temp_deviation_from_85=11.600 is +1.9 SD from normal-pass average | pct_change_24_0=0.150 is +0.3 SD from normal-pass average | stress_weighted_rate=0.114 is -0.3 SD from normal-pass average,False,None,Normal,6.655,5.346,0.5270000000000001,1.3090000000000002,-1.08
CMP02490,B1043,Relay_Electromech,2026-04-19,2026-04-30,89.1,5.77,17.14,17.641,50.0,B1043,17.14,17.641,89.1,5.77,Medium,0.3111,PASS,19.94,18.54,23.5,0.01596,OK,temp_deviation_from_85=4.100 is +0.7 SD from normal-pass average | pct_change_24_0=0.029 is -0.5 SD from normal-pass average | rate_0_24=0.021 is -0.3 SD from normal-pass average,False,None,Normal,19.94,18.79,0.5009999999999977,1.1500000000000021,-0.56
CMP03466,B1042,IC_Digital,2026-07-08,2026-07-20,91.3,6.47,5.028,,50.0,B1042,5.028,,91.3,6.47,High,0.5164,REJECT,11.086,6.83,15.93,,OK,Value_24h_was_missing=1.000 is +8.9 SD from normal-pass average | temp_deviation_from_85=6.300 is +1.1 SD from normal-pass average | Chamber_Temperature_C_was_missing=0.000 is -0.1 SD from normal-pass average,True,High,Lot-Relative Drift,11.086,,,,0.8
CMP04754,B1020,Resistor_Precision,2026-05-28,2026-06-01,81.8,5.87,3.981,4.679,50.0,B1020,3.981,4.679,81.8,5.87,Medium,0.3792,PASS,12.675,6.41,20.33,0.05553,OK,temp_deviation_from_85=-3.200 is -0.5 SD from normal-pass average | pct_change_24_0=0.175 is +0.5 SD from normal-pass average | stress_weighted_rate=0.171 is +0.5 SD from normal-pass average,False,None,Normal,12.675,8.677,0.6980000000000004,3.998000000000001,-0.11
CMP01870,B1031,Diode_Zener,2026-04-04,2026-04-18,85.4,5.99,4.175,5.064,50.0,B1031,4.175,5.064,85.4,5.99,Medium,0.4235,REJECT,9.922,6.38,14.38,0.03374,OK,stress_weighted_rate=0.222 is +1.2 SD from normal-pass average | rate_0_24=0.037 is +1.0 SD from normal-pass average | pct_change_24_0=0.213 is +0.8 SD from normal-pass average,True,Medium,Lot-Relative Drift,9.922,7.493,0.8890000000000002,2.4290000000000003,0.19
CMP05257,B1042,Transistor_BJT,2026-05-11,2026-05-16,94.9,4.6,7.288,7.514,50.0,B1042,7.288,7.514,94.9,4.6,High,0.2597,PASS,14.516,8.95,14.63,0.04862,OK,temp_deviation_from_85=9.900 is +1.7 SD from normal-pass average | stress_weighted_rate=0.043 is -1.3 SD from normal-pass average | rate_0_24=0.009 is -1.2 SD from normal-pass average,False,None,Normal,14.516,11.015,0.22599999999999998,3.5009999999999994,-0.91
CMP05318,B1035,Resistor_Precision,2026-07-07,2026-07-14,92.7,5.33,3.958,4.497,50.0,B1035,3.958,4.497,92.7,5.33,High,0.2672,PASS,7.494,5.84,8.89,0.02082,OK,temp_deviation_from_85=7.700 is +1.3 SD from normal-pass average | pct_change_24_0=0.136 is +0.3 SD from normal-pass average | stress_weighted_rate=0.120 is -0.2 SD from normal-pass average,False,None,Normal,7.494,5.996,0.5389999999999997,1.4979999999999993,-0.86
CMP01631,B1016,Tantalum_Capacitor,2026-05-15,2026-05-21,91.1,5.48,10.903,,50.0,B1016,10.903,,91.1,5.48,High,0.5798,REJECT,14.64,9.58,20.76,,OK,Value_24h_was_missing=1.000 is +8.9 SD from normal-pass average | temp_deviation_from_85=6.100 is +1.0 SD from normal-pass average | Chamber_Temperature_C_was_missing=0.000 is -0.1 SD from normal-pass average,True,High,Lot-Relative Drift,14.64,,,,1.23
CMP05945,B1031,Relay_Electromech,2026-07-06,2026-07-20,79.7,5.52,13.351,13.992,50.0,B1031,13.351,13.992,79.7,5.52,Low,0.3636,PASS,17.072,14.6,17.63,0.02139,OK,temp_deviation_from_85=-5.300 is -0.9 SD from normal-pass average | pct_change_24_0=0.048 is -0.3 SD from normal-pass average | stress_weighted_rate=0.147 is +0.2 SD from normal-pass average,False,None,Normal,17.072,15.532,0.641,1.5399999999999991,-0.21
CMP00085,B1022,Diode_Zener,2026-07-01,2026-07-15,91.8,5.13,6.283,7.074,50.0,B1022,6.283,7.074,91.8,5.13,High,0.3191,PASS,10.647,8.42,10.87,0.02482,OK,temp_deviation_from_85=6.800 is +1.1 SD from normal-pass average | rate_0_24=0.033 is +0.7 SD from normal-pass average | stress_weighted_rate=0.169 is +0.5 SD from normal-pass average,False,None,Normal,10.647,8.86,0.7909999999999995,1.7870000000000008,-0.51
CMP03421,B1018,IC_Digital,2026-04-20,2026-04-30,89.3,5.85,3.468,4.377,50.0,B1018,3.468,4.377,89.3,5.85,Medium,0.4109,REJECT,9.043,5.2,11.66,0.0324,OK,stress_weighted_rate=0.222 is +1.2 SD from normal-pass average | pct_change_24_0=0.262 is +1.1 SD from normal-pass average | rate_0_24=0.038 is +1.0 SD from normal-pass average,True,Medium,Lot-Relative Drift,9.043,6.71,0.9089999999999998,2.3329999999999993,0.1
CMP04898,B1004,Relay_Electromech,2026-01-17,2026-01-29,88.1,5.64,11.012,11.343,50.0,B1004,11.012,11.343,88.1,5.64,Medium,0.2918,PASS,14.924,13.01,14.14,0.02487,OK,rate_0_24=0.014 is -0.9 SD from normal-pass average | stress_weighted_rate=0.078 is -0.8 SD from normal-pass average | temp_deviation_from_85=3.100 is +0.5 SD from normal-pass average,False,None,Normal,14.924,13.134,0.3309999999999995,1.7899999999999991,-0.69
CMP05838,B1037,IC_Analog,2026-06-20,2026-07-03,90.2,5.1,10.914,11.501,50.0,B1037,10.914,11.501,90.2,5.1,High,0.2882,PASS,15.279,12.84,16.17,0.02624,OK,temp_deviation_from_85=5.200 is +0.9 SD from normal-pass average | pct_change_24_0=0.054 is -0.3 SD from normal-pass average | stress_weighted_rate=0.125 is -0.2 SD from normal-pass average,False,None,Normal,15.279,13.39,0.5869999999999997,1.8889999999999993,-0.72
CMP03472,B1026,Resistor_Precision,2026-02-03,2026-02-09,85.4,5.89,3.134,4.175,50.0,B1026,3.134,4.175,85.4,5.89,Medium,0.5555,REJECT,7.956,5.59,9.48,0.02625,OK,stress_weighted_rate=0.255 is +1.7 SD from normal-pass average | pct_change_24_0=0.332 is +1.5 SD from normal-pass average | rate_0_24=0.043 is +1.5 SD from normal-pass average,True,High,Lot-Relative Drift,7.956,6.066,1.041,1.8900000000000006,1.06
CMP03124,B1012,Tantalum_Capacitor,2026-02-26,2026-03-01,94.6,5.21,10.534,11.309,50.0,B1012,10.534,11.309,94.6,5.21,High,0.4064,REJECT,15.965,13.23,19.94,0.03233,OK,temp_deviation_from_85=9.600 is +1.6 SD from normal-pass average | rate_0_24=0.032 is +0.6 SD from normal-pass average | stress_weighted_rate=0.168 is +0.5 SD from normal-pass average,True,Medium,Lot-Relative Drift,15.965,13.637,0.7749999999999986,2.3279999999999994,0.07
CMP01522,B1007,Resistor_Precision,2026-04-29,2026-05-04,85.1,5.13,3.542,4.62,50.0,B1007,3.542,4.62,85.1,5.13,Medium,0.5958,REJECT,10.158,5.71,22.02,0.03846,OK,rate_0_24=0.045 is +1.6 SD from normal-pass average | pct_change_24_0=0.304 is +1.4 SD from normal-pass average | stress_weighted_rate=0.230 is +1.3 SD from normal-pass average,True,High,Lot-Relative Drift,10.158,7.389,1.0780000000000003,2.7689999999999992,1.33
CMP00688,B1026,Tantalum_Capacitor,2026-03-09,2026-03-20,77.9,5.42,13.409,14.637,50.0,B1026,13.409,14.637,77.9,5.42,Low,0.6363,REJECT,23.126,15.6,32.81,0.05895,OK,rate_0_24=0.051 is +2.1 SD from normal-pass average | stress_weighted_rate=0.277 is +2.0 SD from normal-pass average | temp_deviation_from_85=-7.100 is -1.2 SD from normal-pass average,True,High,Lot-Relative Drift,23.126,18.882,1.2279999999999998,4.244,1.6
CMP04111,B1035,Transistor_BJT,2026-06-09,2026-06-19,87.7,5.46,6.942,7.819,50.0,B1035,6.942,7.819,87.7,5.46,Medium,0.4736,REJECT,12.186,9.02,21.68,0.03033,OK,rate_0_24=0.037 is +0.9 SD from normal-pass average | stress_weighted_rate=0.200 is +0.9 SD from normal-pass average | temp_deviation_from_85=2.700 is +0.5 SD from normal-pass average,True,Medium,Lot-Relative Drift,12.186,10.002,0.8769999999999998,2.1839999999999993,0.52
CMP05555,B1001,IC_Analog,2026-02-19,2026-03-05,101.4,5.3,6.012,6.787,50.0,B1001,6.012,6.787,101.4,5.3,High,0.2278,PASS,11.394,8.23,16.21,0.03199,OK,temp_deviation_from_85=16.400 is +2.8 SD from normal-pass average | rate_0_24=0.032 is +0.6 SD from normal-pass average | stress_weighted_rate=0.171 is +0.5 SD from normal-pass average,False,None,Normal,11.394,9.09,0.7750000000000004,2.3040000000000003,-1.12
CMP02474,B1035,IC_Digital,2026-02-04,2026-02-14,83.0,4.43,7.767,8.608,50.0,B1035,7.767,8.608,83.0,4.43,Medium,0.4875,REJECT,16.523,9.98,23.24,0.05496,OK,rate_0_24=0.035 is +0.8 SD from normal-pass average | temp_deviation_from_85=-2.000 is -0.3 SD from normal-pass average | stress_weighted_rate=0.155 is +0.3 SD from normal-pass average,True,Medium,Lot-Relative Drift,16.523,12.566,0.8410000000000002,3.956999999999999,0.61
CMP05656,B1016,Tantalum_Capacitor,2026-01-09,2026-01-21,82.3,5.08,10.167,10.764,50.0,B1016,10.167,10.764,82.3,5.08,Medium,0.3995,REJECT,16.397,12.06,23.27,0.03911,OK,temp_deviation_from_85=-2.700 is -0.4 SD from normal-pass average | pct_change_24_0=0.059 is -0.3 SD from normal-pass average | stress_weighted_rate=0.126 is -0.1 SD from normal-pass average,True,Medium,Lot-Relative Drift,16.397,13.58,0.5969999999999995,2.8169999999999984,0.03
CMP04214,B1000,MOSFET,2026-02-03,2026-02-11,82.7,5.82,9.807,10.061,50.0,B1000,9.807,10.061,82.7,5.82,Medium,0.2786,PASS,13.617,11.39,13.58,0.02469,OK,rate_0_24=0.011 is -1.1 SD from normal-pass average | stress_weighted_rate=0.062 is -1.1 SD from normal-pass average | pct_change_24_0=0.026 is -0.5 SD from normal-pass average,False,None,Normal,13.617,11.839,0.25399999999999956,1.7780000000000005,-0.78
CMP05930,B1026,MOSFET,2026-02-26,2026-03-11,90.6,4.91,7.374,7.728,50.0,B1026,7.374,7.728,90.6,4.91,High,0.2686,PASS,11.966,9.07,13.58,0.02943,OK,temp_deviation_from_85=5.600 is +0.9 SD from normal-pass average | stress_weighted_rate=0.072 is -0.9 SD from normal-pass average | rate_0_24=0.015 is -0.8 SD from normal-pass average,False,None,Normal,11.966,9.847,0.3540000000000001,2.1189999999999998,-0.85
CMP03621,B1049,Tantalum_Capacitor,2026-03-30,2026-04-08,83.3,6.03,9.623,10.502,50.0,B1049,9.623,10.502,83.3,6.03,Medium,0.4546,REJECT,14.535,11.61,21.89,0.02801,OK,stress_weighted_rate=0.221 is +1.2 SD from normal-pass average | rate_0_24=0.037 is +0.9 SD from normal-pass average | temp_deviation_from_85=-1.700 is -0.3 SD from normal-pass average,True,Medium,Lot-Relative Drift,14.535,12.518,0.8790000000000013,2.0169999999999995,0.39
CMP01426,B1012,Resistor_Precision,2026-05-22,2026-06-04,92.0,5.42,,7.053,50.0,B1012,,7.053,92.0,5.42,High,0.3901,PASS,10.689,8.13,10.43,0.02525,OK,Value_0h_was_missing=1.000 is +7.9 SD from normal-pass average | temp_deviation_from_85=7.000 is +1.2 SD from normal-pass average | Chamber_Temperature_C_was_missing=0.000 is -0.1 SD from normal-pass average,False,None,Normal,10.689,8.871,,1.8179999999999996,-0.04
CMP00995,B1028,IC_Analog,2026-06-13,2026-06-26,73.8,5.81,5.358,5.575,50.0,B1028,5.358,5.575,73.8,5.81,Low,0.2882,PASS,9.434,7.09,9.67,0.0268,OK,temp_deviation_from_85=-11.200 is -1.9 SD from normal-pass average | rate_0_24=0.009 is -1.2 SD from normal-pass average | stress_weighted_rate=0.053 is -1.2 SD from normal-pass average,False,None,Normal,9.434,7.504,0.21700000000000053,1.9299999999999997,-0.72
CMP04970,B1000,Relay_Electromech,2026-04-04,2026-04-13,91.8,5.49,7.849,8.29,50.0,B1000,7.849,8.29,91.8,5.49,High,0.3294,PASS,12.533,9.37,14.82,0.02946,OK,temp_deviation_from_85=6.800 is +1.1 SD from normal-pass average | rate_0_24=0.018 is -0.5 SD from normal-pass average | stress_weighted_rate=0.101 is -0.5 SD from normal-pass average,False,None,Normal,12.533,10.412,0.44099999999999895,2.1209999999999987,-0.44
CMP00066,B1039,Diode_Zener,2026-01-15,2026-01-19,97.0,5.03,3.744,4.738,50.0,B1039,3.744,4.738,97.0,5.03,High,0.3659,PASS,10.054,5.95,14.54,0.03692,OK,temp_deviation_from_85=12.000 is +2.0 SD from normal-pass average | rate_0_24=0.041 is +1.3 SD from normal-pass average | pct_change_24_0=0.265 is +1.1 SD from normal-pass average,False,None,Normal,10.054,7.396,0.9940000000000002,2.6580000000000004,-0.2
CMP02764,B1047,MOSFET,2026-05-27,2026-06-08,74.9,6.03,6.049,7.109,50.0,B1047,6.049,7.109,74.9,6.03,Low,0.5957,REJECT,11.328,8.63,15.08,0.0293,OK,stress_weighted_rate=0.266 is +1.8 SD from normal-pass average | temp_deviation_from_85=-10.100 is -1.7 SD from normal-pass average | rate_0_24=0.044 is +1.5 SD from normal-pass average,True,High,Lot-Relative Drift,11.328,9.218,1.0599999999999996,2.1099999999999994,1.33
CMP01330,B1006,Transistor_BJT,2026-05-28,2026-06-04,72.6,5.36,6.365,6.994,50.0,B1006,6.365,6.994,72.6,5.36,Low,0.3763,PASS,12.927,8.48,15.62,0.0412,OK,temp_deviation_from_85=-12.400 is -2.1 SD from normal-pass average | Chamber_Temperature_C_was_missing=0.000 is -0.1 SD from normal-pass average | Value_0h_was_missing=0.000 is -0.1 SD from normal-pass average,False,None,Normal,12.927,9.96,0.6289999999999996,2.9669999999999987,-0.13
CMP05602,B1045,IC_Digital,2026-06-28,2026-07-01,80.9,5.66,11.374,11.91,50.0,B1045,11.374,11.91,80.9,5.66,Medium,0.4175,REJECT,15.657,12.79,22.81,0.02602,OK,temp_deviation_from_85=-4.100 is -0.7 SD from normal-pass average | pct_change_24_0=0.047 is -0.3 SD from normal-pass average | rate_0_24=0.022 is -0.2 SD from normal-pass average,True,Medium,Lot-Relative Drift,15.657,13.784,0.5359999999999996,1.8729999999999993,0.14
CMP04915,B1020,Resistor_Precision,2026-05-05,2026-05-17,94.7,6.04,4.712,4.791,50.0,B1020,4.712,4.791,94.7,6.04,High,0.3064,PASS,8.904,5.88,12.27,0.02856,OK,rate_0_24=0.003 is -1.7 SD from normal-pass average | stress_weighted_rate=0.020 is -1.7 SD from normal-pass average | temp_deviation_from_85=9.700 is +1.6 SD from normal-pass average,False,None,Normal,8.904,6.848,0.07900000000000063,2.056,-0.6
CMP05475,B1004,IC_Digital,2026-02-14,2026-02-18,80.0,5.56,8.103,8.669,50.0,B1004,8.103,8.669,80.0,5.56,Medium,0.4251,REJECT,12.349,9.98,15.25,0.02556,OK,temp_deviation_from_85=-5.000 is -0.8 SD from normal-pass average | pct_change_24_0=0.070 is -0.2 SD from normal-pass average | Chamber_Temperature_C_was_missing=0.000 is -0.1 SD from normal-pass average,True,Medium,Lot-Relative Drift,12.349,10.509,0.5660000000000007,1.8399999999999999,0.2
CMP02939,B1020,IC_Digital,2026-05-26,2026-06-07,86.1,5.81,9.018,9.924,50.0,B1020,9.018,9.924,86.1,5.81,Medium,0.4663,REJECT,15.008,10.99,23.44,0.03531,OK,stress_weighted_rate=0.219 is +1.2 SD from normal-pass average | rate_0_24=0.038 is +1.0 SD from normal-pass average | temp_deviation_from_85=1.100 is +0.2 SD from normal-pass average,True,Medium,Lot-Relative Drift,15.008,12.466,0.9059999999999988,2.542,0.47
CMP05449,B1042,MOSFET,2026-01-08,2026-01-19,100.0,5.82,7.573,8.033,50.0,B1042,7.573,8.033,100.0,5.82,High,0.2295,PASS,12.187,9.67,12.12,0.02884,OK,temp_deviation_from_85=15.000 is +2.5 SD from normal-pass average | rate_0_24=0.019 is -0.4 SD from normal-pass average | stress_weighted_rate=0.112 is -0.4 SD from normal-pass average,False,None,Normal,12.187,10.11,0.4599999999999991,2.077,-1.11
CMP00014,B1031,Transistor_BJT,2026-01-19,2026-01-29,78.9,5.57,6.33,7.338,50.0,B1031,6.33,7.338,78.9,5.57,Low,0.5657,REJECT,11.125,8.87,16.3,0.0263,OK,stress_weighted_rate=0.234 is +1.4 SD from normal-pass average | rate_0_24=0.042 is +1.4 SD from normal-pass average | temp_deviation_from_85=-6.100 is -1.0 SD from normal-pass average,True,High,Lot-Relative Drift,11.125,9.232,1.008,1.8930000000000007,1.13
CMP02823,B1017,IC_Analog,2026-04-02,2026-04-06,88.3,5.32,6.412,6.723,50.0,B1017,6.412,6.723,88.3,5.32,Medium,0.2711,PASS,10.555,8.07,12.77,0.02661,OK,stress_weighted_rate=0.069 is -1.0 SD from normal-pass average | rate_0_24=0.013 is -0.9 SD from normal-pass average | temp_deviation_from_85=3.300 is +0.6 SD from normal-pass average,False,None,Normal,10.555,8.639,0.31099999999999994,1.9160000000000004,-0.83
CMP00880,B1007,Transistor_BJT,2026-03-31,2026-04-07,85.0,5.78,5.383,6.139,50.0,B1007,5.383,6.139,85.0,5.78,Medium,0.4067,REJECT,10.202,7.28,19.05,0.02821,OK,stress_weighted_rate=0.182 is +0.6 SD from normal-pass average | rate_0_24=0.032 is +0.5 SD from normal-pass average | pct_change_24_0=0.140 is +0.3 SD from normal-pass average,True,Medium,Lot-Relative Drift,10.202,8.171,0.7560000000000002,2.0310000000000006,0.07
CMP04903,B1040,MOSFET,2026-01-10,2026-01-19,96.2,4.92,7.187,7.881,50.0,B1040,7.187,7.881,96.2,4.92,High,0.3367,PASS,12.413,9.36,16.33,0.03147,OK,temp_deviation_from_85=11.200 is +1.9 SD from normal-pass average | rate_0_24=0.029 is +0.3 SD from normal-pass average | Chamber_Temperature_C_was_missing=0.000 is -0.1 SD from normal-pass average,False,None,Normal,12.413,10.147,0.694,2.266,-0.39
CMP04981,B1030,Relay_Electromech,2026-03-23,2026-03-28,87.3,5.59,16.708,17.517,50.0,B1030,16.708,17.517,87.3,5.59,Medium,0.3796,PASS,19.268,18.54,21.66,0.01216,OK,stress_weighted_rate=0.188 is +0.7 SD from normal-pass average | rate_0_24=0.034 is +0.7 SD from normal-pass average | temp_deviation_from_85=2.300 is +0.4 SD from normal-pass average,False,None,Normal,19.268,18.392,0.809000000000001,0.8760000000000012,-0.11
CMP02876,B1001,MOSFET,2026-06-08,2026-06-17,85.2,5.16,7.892,8.51,50.0,B1001,7.892,8.51,85.2,5.16,Medium,0.3624,PASS,12.528,9.84,16.99,0.0279,OK,pct_change_24_0=0.078 is -0.1 SD from normal-pass average | Chamber_Temperature_C_was_missing=0.000 is -0.1 SD from normal-pass average | Value_0h_was_missing=0.000 is -0.1 SD from normal-pass average,False,None,Normal,12.528,10.519,0.6179999999999994,2.0090000000000003,-0.22
CMP05844,B1046,Diode_Zener,2026-06-07,2026-06-13,91.1,5.28,2.853,4.048,50.0,B1046,2.853,4.048,91.1,5.28,High,0.5911,REJECT,8.436,5.58,17.42,0.03047,OK,pct_change_24_0=0.419 is +2.1 SD from normal-pass average | rate_0_24=0.050 is +2.0 SD from normal-pass average | stress_weighted_rate=0.263 is +1.8 SD from normal-pass average,True,High,Lot-Relative Drift,8.436,6.242,1.1949999999999998,2.194,1.3
CMP03173,B1048,Tantalum_Capacitor,2026-02-17,2026-02-21,87.5,5.75,8.704,9.481,50.0,B1048,8.704,9.481,87.5,5.75,Medium,0.3869,PASS,14.317,10.64,21.22,0.03358,OK,stress_weighted_rate=0.186 is +0.7 SD from normal-pass average | rate_0_24=0.032 is +0.6 SD from normal-pass average | temp_deviation_from_85=2.500 is +0.4 SD from normal-pass average,False,None,Normal,14.317,11.899,0.7769999999999992,2.418000000000001,-0.06
CMP02433,B1041,Tantalum_Capacitor,2026-06-22,2026-06-28,70.9,5.01,10.591,11.161,50.0,B1041,10.591,11.161,70.9,5.01,Low,0.3527,PASS,16.436,12.54,20.19,0.03663,OK,temp_deviation_from_85=-14.100 is -2.4 SD from normal-pass average | pct_change_24_0=0.054 is -0.3 SD from normal-pass average | stress_weighted_rate=0.119 is -0.2 SD from normal-pass average,False,None,Normal,16.436,13.798,0.5700000000000003,2.638,-0.29
CMP04498,B1031,IC_Digital,2026-04-06,2026-04-16,85.9,5.26,6.552,6.763,50.0,B1031,6.552,6.763,85.9,5.26,Medium,0.4146,REJECT,10.496,8.33,18.93,0.02593,OK,stress_weighted_rate=0.046 is -1.3 SD from normal-pass average | rate_0_24=0.009 is -1.3 SD from normal-pass average | pct_change_24_0=0.032 is -0.4 SD from normal-pass average,True,Medium,Lot-Relative Drift,10.496,8.63,0.2110000000000003,1.8659999999999997,0.13
CMP04241,B1045,Resistor_Precision,2026-01-15,2026-01-18,97.0,5.26,4.916,5.49,50.0,B1045,4.916,5.49,97.0,5.26,High,0.2665,PASS,9.257,6.76,10.1,0.02616,OK,temp_deviation_from_85=12.000 is +2.0 SD from normal-pass average | stress_weighted_rate=0.126 is -0.1 SD from normal-pass average | Chamber_Temperature_C_was_missing=0.000 is -0.1 SD from normal-pass average,False,None,Normal,9.257,7.374,0.5739999999999998,1.883,-0.86
CMP04927,B1026,Tantalum_Capacitor,2026-02-22,2026-03-02,79.2,5.37,8.212,8.856,50.0,B1026,8.212,8.856,79.2,5.37,Low,0.4864,REJECT,13.247,10.25,20.11,0.03049,OK,temp_deviation_from_85=-5.800 is -1.0 SD from normal-pass average | rate_0_24=0.027 is +0.2 SD from normal-pass average | pct_change_24_0=0.078 is -0.1 SD from normal-pass average,True,Medium,Lot-Relative Drift,13.247,11.052,0.6440000000000001,2.1950000000000003,0.6
CMP02393,B1016,Tantalum_Capacitor,2026-06-15,2026-06-20,80.2,5.71,11.45,,50.0,B1016,11.45,,80.2,5.71,Medium,0.5938,REJECT,18.971,9.51,26.73,,OK,Value_24h_was_missing=1.000 is +8.9 SD from normal-pass average | temp_deviation_from_85=-4.800 is -0.8 SD from normal-pass average | Chamber_Temperature_C_was_missing=0.000 is -0.1 SD from normal-pass average,True,High,Lot-Relative Drift,18.971,,,,1.32
CMP05597,B1013,Transistor_BJT,2026-03-01,2026-03-11,81.4,5.74,8.239,8.927,50.0,B1013,8.239,8.927,81.4,5.74,Medium,0.4261,REJECT,17.296,10.41,19.13,0.05812,OK,temp_deviation_from_85=-3.600 is -0.6 SD from normal-pass average | stress_weighted_rate=0.165 is +0.4 SD from normal-pass average | rate_0_24=0.029 is +0.3 SD from normal-pass average,True,Medium,Lot-Relative Drift,17.296,13.112,0.6879999999999988,4.183999999999999,0.2
CMP05894,B1034,IC_Digital,2026-05-27,2026-06-02,90.8,5.8,11.201,14.687,50.0,B1034,11.201,14.687,90.8,5.8,High,0.9865,REJECT,22.873,17.94,29.98,0.05685,OK,stress_weighted_rate=0.842 is +10.0 SD from normal-pass average | rate_0_24=0.145 is +9.5 SD from normal-pass average | pct_change_24_0=0.311 is +1.4 SD from normal-pass average,True,Critical,Severe Latent Degradation,22.873,18.78,3.485999999999999,4.093,3.94
CMP00586,B1041,IC_Digital,2026-04-30,2026-05-04,104.4,5.92,8.65,8.987,50.0,B1041,8.65,8.987,104.4,5.92,High,0.2568,PASS,14.585,10.35,13.33,0.03887,OK,temp_deviation_from_85=19.400 is +3.3 SD from normal-pass average | rate_0_24=0.014 is -0.8 SD from normal-pass average | stress_weighted_rate=0.083 is -0.8 SD from normal-pass average,False,None,Normal,14.585,11.786,0.33699999999999974,2.7990000000000013,-0.93
CMP05899,B1009,Resistor_Precision,2026-04-06,2026-04-09,85.8,5.4,5.424,6.013,50.0,B1009,5.424,6.013,85.8,5.4,Medium,0.2943,PASS,9.213,7.24,9.13,0.02222,OK,temp_deviation_from_85=0.800 is +0.1 SD from normal-pass average | Chamber_Temperature_C_was_missing=0.000 is -0.1 SD from normal-pass average | Value_0h_was_missing=0.000 is -0.1 SD from normal-pass average,False,None,Normal,9.213,7.613,0.5889999999999995,1.5999999999999988,-0.68
CMP04792,B1028,IC_Digital,2026-02-19,2026-02-27,85.0,5.27,8.777,9.911,50.0,B1028,8.777,9.911,85.0,5.27,Medium,0.6006,REJECT,16.224,11.05,29.39,0.04384,OK,rate_0_24=0.047 is +1.8 SD from normal-pass average | stress_weighted_rate=0.249 is +1.6 SD from normal-pass average | pct_change_24_0=0.129 is +0.2 SD from normal-pass average,True,High,Lot-Relative Drift,16.224,13.067,1.1340000000000003,3.157,1.37
CMP03763,B1034,IC_Analog,2026-03-09,2026-03-22,85.6,6.04,9.344,9.651,50.0,B1034,9.344,9.651,85.6,6.04,Medium,0.2764,PASS,14.157,10.8,14.01,0.03129,OK,rate_0_24=0.013 is -0.9 SD from normal-pass average | stress_weighted_rate=0.077 is -0.8 SD from normal-pass average | pct_change_24_0=0.033 is -0.4 SD from normal-pass average,False,None,Normal,14.157,11.904,0.3070000000000004,2.253,-0.8
CMP01440,B1026,Diode_Zener,2026-06-12,2026-06-19,82.6,5.42,4.722,5.227,50.0,B1026,4.722,5.227,82.6,5.42,Medium,0.2771,PASS,8.594,6.31,8.82,0.02338,OK,temp_deviation_from_85=-2.400 is -0.4 SD from normal-pass average | stress_weighted_rate=0.114 is -0.3 SD from normal-pass average | rate_0_24=0.021 is -0.3 SD from normal-pass average,False,None,Normal,8.594,6.91,0.5049999999999999,1.6839999999999993,-0.79
CMP04159,B1020,Tantalum_Capacitor,2026-03-10,2026-03-14,81.8,5.56,7.878,8.498,50.0,B1020,7.878,8.498,81.8,5.56,Medium,0.4839,REJECT,12.456,9.48,16.52,0.02749,OK,temp_deviation_from_85=-3.200 is -0.5 SD from normal-pass average | Chamber_Temperature_C_was_missing=0.000 is -0.1 SD from normal-pass average | pct_change_24_0=0.079 is -0.1 SD from normal-pass average,True,Medium,Lot-Relative Drift,12.456,10.477,0.6199999999999992,1.9789999999999992,0.59
CMP04667,B1037,MOSFET,2026-03-09,2026-03-18,85.5,5.39,6.68,7.741,50.0,B1037,6.68,7.741,85.5,5.39,Medium,0.5766,REJECT,12.705,8.92,20.43,0.03447,OK,rate_0_24=0.044 is +1.5 SD from normal-pass average | stress_weighted_rate=0.238 is +1.4 SD from normal-pass average | pct_change_24_0=0.159 is +0.4 SD from normal-pass average,True,High,Lot-Relative Drift,12.705,10.223,1.061,2.4819999999999993,1.21
CMP05690,B1027,Diode_Zener,2026-07-10,2026-07-21,89.9,6.38,4.292,5.69,50.0,B1027,4.292,5.69,89.9,6.38,Medium,0.8631,REJECT,17.644,7.48,27.84,0.08301,EARLY_REJECT,stress_weighted_rate=0.372 is +3.3 SD from normal-pass average | rate_0_24=0.058 is +2.7 SD from normal-pass average | pct_change_24_0=0.326 is +1.5 SD from normal-pass average,True,Critical,Accelerating Drift,17.644,11.667,1.3980000000000006,5.9769999999999985,3.12
CMP03926,B1029,Diode_Zener,2026-04-14,2026-04-27,97.8,5.82,4.007,4.39,50.0,B1029,4.007,4.39,97.8,5.82,High,0.2319,PASS,9.121,5.53,12.03,0.03285,OK,temp_deviation_from_85=12.800 is +2.2 SD from normal-pass average | rate_0_24=0.016 is -0.7 SD from normal-pass average | stress_weighted_rate=0.093 is -0.6 SD from normal-pass average,False,None,Normal,9.121,6.756,0.383,2.365,-1.09
CMP03231,B1039,Resistor_Precision,2026-03-26,2026-04-03,75.3,6.06,4.081,4.923,50.0,B1039,4.081,4.923,75.3,6.06,Low,0.4594,REJECT,11.131,6.58,19.58,0.04311,OK,temp_deviation_from_85=-9.700 is -1.6 SD from normal-pass average | stress_weighted_rate=0.213 is +1.1 SD from normal-pass average | rate_0_24=0.035 is +0.8 SD from normal-pass average,True,Medium,Lot-Relative Drift,11.131,8.027,0.8419999999999996,3.104000000000001,0.42
CMP00357,B1007,Transistor_BJT,2026-03-04,2026-03-14,83.8,5.91,8.512,13.257,50.0,B1007,8.512,13.257,83.8,5.91,Medium,0.9868,REJECT,20.507,16.78,24.83,0.05035,OK,stress_weighted_rate=1.168 is +14.6 SD from normal-pass average | rate_0_24=0.198 is +13.7 SD from normal-pass average | pct_change_24_0=0.557 is +3.0 SD from normal-pass average,True,Critical,Severe Latent Degradation,20.507,16.882,4.744999999999999,3.625,3.94
CMP03202,B1037,Relay_Electromech,2026-03-24,2026-04-07,91.1,5.21,14.606,14.451,50.0,B1037,14.606,14.451,91.1,5.21,High,0.4917,REJECT,19.596,15.94,23.92,0.03573,OK,rate_0_24=-0.006 is -2.5 SD from normal-pass average | stress_weighted_rate=-0.034 is -2.4 SD from normal-pass average | temp_deviation_from_85=6.100 is +1.0 SD from normal-pass average,True,Medium,Lot-Relative Drift,19.596,17.024,-0.15499999999999936,2.571999999999999,0.64
CMP03695,B1002,Diode_Zener,2026-02-26,2026-03-08,86.2,5.29,6.624,7.711,50.0,B1002,6.624,7.711,86.2,5.29,Medium,0.7221,REJECT,13.893,8.99,29.06,0.04293,OK,rate_0_24=0.045 is +1.6 SD from normal-pass average | stress_weighted_rate=0.240 is +1.5 SD from normal-pass average | pct_change_24_0=0.164 is +0.4 SD from normal-pass average,True,Critical,Severe Latent Degradation,13.893,10.802,1.0870000000000006,3.091000000000001,2.18
CMP00526,B1013,MOSFET,2026-03-17,2026-03-28,87.5,5.36,5.387,6.152,50.0,B1013,5.387,6.152,87.5,5.36,Medium,0.385,PASS,10.066,7.32,19.96,0.02718,OK,rate_0_24=0.032 is +0.6 SD from normal-pass average | stress_weighted_rate=0.171 is +0.5 SD from normal-pass average | temp_deviation_from_85=2.500 is +0.4 SD from normal-pass average,False,None,Normal,10.066,8.109,0.7650000000000006,1.9570000000000007,-0.07
CMP05771,B1035,Relay_Electromech,2026-03-17,2026-03-24,97.5,5.83,11.135,11.226,50.0,B1035,11.135,11.226,97.5,5.83,High,0.3122,PASS,16.48,12.27,16.08,0.03649,OK,temp_deviation_from_85=12.500 is +2.1 SD from normal-pass average | rate_0_24=0.004 is -1.7 SD from normal-pass average | stress_weighted_rate=0.022 is -1.6 SD from normal-pass average,False,None,Normal,16.48,13.853,0.09100000000000108,2.6270000000000007,-0.56
CMP00565,B1009,IC_Analog,2026-01-04,2026-01-13,83.4,5.34,10.219,10.829,50.0,B1009,10.219,10.829,83.4,5.34,Medium,0.3548,PASS,15.708,12.02,24.21,0.03388,OK,temp_deviation_from_85=-1.600 is -0.3 SD from normal-pass average | pct_change_24_0=0.060 is -0.3 SD from normal-pass average | Chamber_Temperature_C_was_missing=0.000 is -0.1 SD from normal-pass average,False,None,Normal,15.708,13.268,0.6100000000000012,2.4399999999999995,-0.27
CMP01287,B1008,Tantalum_Capacitor,2026-07-15,2026-07-26,91.5,6.0,9.942,10.396,50.0,B1008,9.942,10.396,91.5,6.0,High,0.3035,PASS,14.157,11.5,14.93,0.02612,OK,temp_deviation_from_85=6.500 is +1.1 SD from normal-pass average | rate_0_24=0.019 is -0.5 SD from normal-pass average | pct_change_24_0=0.046 is -0.3 SD from normal-pass average,False,None,Normal,14.157,12.276,0.4540000000000006,1.8810000000000002,-0.62
CMP05508,B1018,Resistor_Precision,2026-01-08,2026-01-13,90.1,5.85,6.327,6.852,50.0,B1018,6.327,6.852,90.1,5.85,High,0.2707,PASS,10.171,7.74,9.4,0.02305,OK,temp_deviation_from_85=5.100 is +0.9 SD from normal-pass average | rate_0_24=0.022 is -0.2 SD from normal-pass average | Chamber_Temperature_C_was_missing=0.000 is -0.1 SD from normal-pass average,False,None,Normal,10.171,8.512,0.5250000000000004,1.658999999999999,-0.83
CMP01376,B1009,Resistor_Precision,2026-05-31,2026-06-11,88.3,5.17,4.367,5.546,50.0,B1009,4.367,5.546,88.3,5.17,Medium,0.6521,REJECT,11.66,6.28,20.56,0.04245,OK,rate_0_24=0.049 is +1.9 SD from normal-pass average | stress_weighted_rate=0.254 is +1.7 SD from normal-pass average | pct_change_24_0=0.270 is +1.1 SD from normal-pass average,True,High,Lot-Relative Drift,11.66,8.603,1.1790000000000003,3.0570000000000004,1.71
CMP05312,B1041,Diode_Zener,2026-07-06,2026-07-11,75.9,4.92,2.601,3.102,50.0,B1041,2.601,3.102,75.9,4.92,Low,0.283,PASS,7.246,4.38,10.51,0.02878,OK,temp_deviation_from_85=-9.100 is -1.5 SD from normal-pass average | pct_change_24_0=0.193 is +0.6 SD from normal-pass average | stress_weighted_rate=0.103 is -0.5 SD from normal-pass average,False,None,Normal,7.246,5.174,0.5009999999999999,2.072,-0.75
CMP00380,B1046,IC_Analog,2026-02-26,2026-03-06,91.3,4.89,6.257,7.07,50.0,B1046,6.257,7.07,91.3,4.89,High,0.3113,PASS,10.85,8.7,9.67,0.02625,OK,temp_deviation_from_85=6.300 is +1.1 SD from normal-pass average | rate_0_24=0.034 is +0.7 SD from normal-pass average | stress_weighted_rate=0.166 is +0.4 SD from normal-pass average,False,None,Normal,10.85,8.96,0.8130000000000006,1.8899999999999988,-0.56
CMP01271,B1009,IC_Analog,2026-03-21,2026-03-28,79.9,5.7,13.11,13.845,50.0,B1009,13.11,13.845,79.9,5.7,Low,0.3843,PASS,17.31,14.39,21.89,0.02406,OK,temp_deviation_from_85=-5.100 is -0.8 SD from normal-pass average | stress_weighted_rate=0.175 is +0.5 SD from normal-pass average | rate_0_24=0.031 is +0.5 SD from normal-pass average,False,None,Normal,17.31,15.578,0.7350000000000012,1.7319999999999993,-0.08
CMP02512,B1024,MOSFET,2026-05-18,2026-05-30,91.3,5.36,8.43,9.018,50.0,B1024,8.43,9.018,91.3,5.36,High,0.3124,PASS,15.289,10.6,16.15,0.04355,OK,temp_deviation_from_85=6.300 is +1.1 SD from normal-pass average | pct_change_24_0=0.070 is -0.2 SD from normal-pass average | Chamber_Temperature_C_was_missing=0.000 is -0.1 SD from normal-pass average,False,None,Normal,15.289,12.154,0.588000000000001,3.135,-0.56
CMP03062,B1048,Relay_Electromech,2026-02-24,2026-03-04,85.5,5.38,11.19,11.701,50.0,B1048,11.19,11.701,85.5,5.38,Medium,0.311,PASS,15.547,12.96,15.1,0.02671,OK,pct_change_24_0=0.046 is -0.3 SD from normal-pass average | stress_weighted_rate=0.115 is -0.3 SD from normal-pass average | rate_0_24=0.021 is -0.3 SD from normal-pass average,False,None,Normal,15.547,13.624,0.511000000000001,1.923,-0.56
CMP05461,B1016,Relay_Electromech,2026-02-06,2026-02-16,83.5,6.21,16.821,16.966,50.0,B1016,16.821,16.966,83.5,6.21,Medium,0.2975,PASS,19.034,17.91,18.29,0.01436,OK,rate_0_24=0.006 is -1.5 SD from normal-pass average | stress_weighted_rate=0.038 is -1.4 SD from normal-pass average | pct_change_24_0=0.009 is -0.6 SD from normal-pass average,False,None,Normal,19.034,18.0,0.14499999999999957,1.033999999999999,-0.66
CMP02995,B1019,IC_Digital,2026-03-17,2026-03-27,84.0,4.77,12.24,12.838,50.0,B1019,12.24,12.838,84.0,4.77,Medium,0.4317,REJECT,21.369,14.3,32.58,0.05924,OK,pct_change_24_0=0.049 is -0.3 SD from normal-pass average | stress_weighted_rate=0.119 is -0.2 SD from normal-pass average | temp_deviation_from_85=-1.000 is -0.2 SD from normal-pass average,True,Medium,Lot-Relative Drift,21.369,17.104,0.597999999999999,4.265000000000001,0.24
CMP01456,B1036,Relay_Electromech,2026-01-27,2026-02-08,80.2,5.23,9.514,9.879,50.0,B1036,9.514,9.879,80.2,5.23,Medium,0.2959,PASS,13.895,11.12,15.06,0.02789,OK,stress_weighted_rate=0.080 is -0.8 SD from normal-pass average | temp_deviation_from_85=-4.800 is -0.8 SD from normal-pass average | rate_0_24=0.015 is -0.8 SD from normal-pass average,False,None,Normal,13.895,11.887,0.3650000000000002,2.007999999999999,-0.67
CMP05305,B1030,Diode_Zener,2026-04-26,2026-05-02,75.5,5.65,6.977,7.511,50.0,B1030,6.977,7.511,75.5,5.65,Low,0.2992,PASS,12.77,8.63,9.73,0.03652,OK,temp_deviation_from_85=-9.500 is -1.6 SD from normal-pass average | rate_0_24=0.022 is -0.2 SD from normal-pass average | stress_weighted_rate=0.126 is -0.1 SD from normal-pass average,False,None,Normal,12.77,10.14,0.5339999999999998,2.629999999999999,-0.64
CMP03931,B1018,MOSFET,2026-05-11,2026-05-18,76.6,5.65,6.839,7.762,50.0,B1018,6.839,7.762,76.6,5.65,Low,0.5332,REJECT,12.012,8.93,17.76,0.02951,OK,temp_deviation_from_85=-8.400 is -1.4 SD from normal-pass average | stress_weighted_rate=0.217 is +1.1 SD from normal-pass average | rate_0_24=0.038 is +1.1 SD from normal-pass average,True,High,Lot-Relative Drift,12.012,9.887,0.9229999999999992,2.125,0.92
CMP01908,B1017,Diode_Zener,2026-02-21,2026-03-03,76.2,5.85,6.779,7.175,50.0,B1017,6.779,7.175,76.2,5.85,Low,0.2723,PASS,10.392,7.95,14.82,0.02234,OK,temp_deviation_from_85=-8.800 is -1.5 SD from normal-pass average | rate_0_24=0.016 is -0.7 SD from normal-pass average | stress_weighted_rate=0.097 is -0.6 SD from normal-pass average,False,None,Normal,10.392,8.784,0.3959999999999999,1.6079999999999988,-0.82
CMP03015,B1048,Tantalum_Capacitor,2026-01-17,2026-01-29,90.2,5.16,6.117,6.458,50.0,B1048,6.117,6.458,90.2,5.16,High,0.2822,PASS,10.014,7.51,9.36,0.0247,OK,stress_weighted_rate=0.073 is -0.9 SD from normal-pass average | temp_deviation_from_85=5.200 is +0.9 SD from normal-pass average | rate_0_24=0.014 is -0.8 SD from normal-pass average,False,None,Normal,10.014,8.236,0.3410000000000002,1.7779999999999987,-0.76
CMP04845,B1004,IC_Analog,2026-07-13,2026-07-24,85.1,5.7,12.619,12.57,50.0,B1004,12.619,12.57,85.1,5.7,Medium,0.4089,REJECT,16.74,13.84,21.66,0.02896,OK,rate_0_24=-0.002 is -2.1 SD from normal-pass average | stress_weighted_rate=-0.012 is -2.1 SD from normal-pass average | pct_change_24_0=-0.004 is -0.7 SD from normal-pass average,True,Medium,Lot-Relative Drift,16.74,14.655,-0.04899999999999949,2.084999999999999,0.09
CMP04137,B1038,Diode_Zener,2026-03-25,2026-04-06,94.4,5.44,7.358,7.864,50.0,B1038,7.358,7.864,94.4,5.44,High,0.2709,PASS,12.183,9.13,13.26,0.03,OK,temp_deviation_from_85=9.400 is +1.6 SD from normal-pass average | stress_weighted_rate=0.115 is -0.3 SD from normal-pass average | rate_0_24=0.021 is -0.3 SD from normal-pass average,False,None,Normal,12.183,10.024,0.5060000000000002,2.1590000000000007,-0.83
CMP01575,B1016,Tantalum_Capacitor,2026-05-01,2026-05-12,76.1,5.06,9.976,10.329,50.0,B1016,9.976,10.329,76.1,5.06,Low,0.2808,PASS,15.307,11.64,15.79,0.03457,OK,temp_deviation_from_85=-8.900 is -1.5 SD from normal-pass average | stress_weighted_rate=0.074 is -0.9 SD from normal-pass average | rate_0_24=0.015 is -0.8 SD from normal-pass average,False,None,Normal,15.307,12.818,0.35299999999999976,2.4890000000000008,-0.77
CMP02753,B1045,Relay_Electromech,2026-05-19,2026-06-02,77.4,5.65,12.237,12.429,50.0,B1045,12.237,12.429,77.4,5.65,Low,0.3025,PASS,15.754,14.16,18.28,0.02309,OK,rate_0_24=0.008 is -1.3 SD from normal-pass average | stress_weighted_rate=0.045 is -1.3 SD from normal-pass average | temp_deviation_from_85=-7.600 is -1.3 SD from normal-pass average,False,None,Normal,15.754,14.092,0.19200000000000017,1.661999999999999,-0.62
CMP02318,B1015,Relay_Electromech,2026-07-06,2026-07-12,80.4,5.7,11.703,14.561,50.0,B1015,11.703,14.561,80.4,5.7,Medium,0.9714,REJECT,22.185,17.19,25.93,0.05295,OK,stress_weighted_rate=0.679 is +7.7 SD from normal-pass average | rate_0_24=0.119 is +7.5 SD from normal-pass average | pct_change_24_0=0.244 is +1.0 SD from normal-pass average,True,Critical,Severe Latent Degradation,22.185,18.373,2.8580000000000005,3.8119999999999976,3.84
CMP02311,B1027,Resistor_Precision,2026-04-28,2026-05-07,78.3,5.34,2.263,2.642,50.0,B1027,2.263,2.642,78.3,5.34,Low,0.2793,PASS,6.818,4.38,10.39,0.029,OK,temp_deviation_from_85=-6.700 is -1.1 SD from normal-pass average | stress_weighted_rate=0.084 is -0.7 SD from normal-pass average | rate_0_24=0.016 is -0.7 SD from normal-pass average,False,None,Normal,6.818,4.73,0.379,2.087999999999999,-0.78
CMP03653,B1010,MOSFET,2026-02-28,2026-03-06,88.3,5.64,6.651,7.283,50.0,B1010,6.651,7.283,88.3,5.64,Medium,0.3612,PASS,10.324,8.27,9.75,0.02112,OK,temp_deviation_from_85=3.300 is +0.6 SD from normal-pass average | stress_weighted_rate=0.149 is +0.2 SD from normal-pass average | Chamber_Temperature_C_was_missing=0.000 is -0.1 SD from normal-pass average,False,None,Normal,10.324,8.804,0.6320000000000006,1.5199999999999996,-0.23
CMP01627,B1038,Resistor_Precision,2026-01-06,2026-01-11,,5.73,3.107,3.972,50.0,B1038,3.107,3.972,,5.73,Low,0.3841,PASS,6.726,5.25,8.52,0.01913,OK,Chamber_Temperature_C_was_missing=1.000 is +7.7 SD from normal-pass average | pct_change_24_0=0.278 is +1.2 SD from normal-pass average | stress_weighted_rate=0.207 is +1.0 SD from normal-pass average,False,None,Normal,6.726,5.349,0.8649999999999998,1.3769999999999998,-0.08
CMP05117,B1007,IC_Analog,2026-04-20,2026-05-03,86.2,5.72,11.34,11.873,50.0,B1007,11.34,11.873,86.2,5.72,Medium,0.2717,PASS,15.567,12.76,15.9,0.02565,OK,pct_change_24_0=0.047 is -0.3 SD from normal-pass average | temp_deviation_from_85=1.200 is +0.2 SD from normal-pass average | rate_0_24=0.022 is -0.2 SD from normal-pass average,False,None,Normal,15.567,13.72,0.5329999999999995,1.8469999999999995,-0.83
CMP04872,B1025,MOSFET,2026-07-19,2026-07-24,91.5,5.39,8.591,9.8,50.0,B1025,8.591,9.8,91.5,5.39,High,0.545,REJECT,17.071,11.18,30.79,0.05049,OK,rate_0_24=0.050 is +2.0 SD from normal-pass average | stress_weighted_rate=0.272 is +1.9 SD from normal-pass average | temp_deviation_from_85=6.500 is +1.1 SD from normal-pass average,True,High,Lot-Relative Drift,17.071,13.436,1.2090000000000014,3.6350000000000016,0.99
CMP02843,B1012,Tantalum_Capacitor,2026-02-25,2026-03-10,89.8,5.65,7.994,8.414,50.0,B1012,7.994,8.414,89.8,5.65,Medium,0.3156,PASS,12.283,9.51,14.72,0.02687,OK,temp_deviation_from_85=4.800 is +0.8 SD from normal-pass average | rate_0_24=0.017 is -0.6 SD from normal-pass average | stress_weighted_rate=0.099 is -0.5 SD from normal-pass average,False,None,Normal,12.283,10.348,0.41999999999999993,1.9349999999999987,-0.53
CMP00194,B1026,MOSFET,2026-03-24,2026-04-01,90.5,4.95,6.621,6.975,50.0,B1026,6.621,6.975,90.5,4.95,High,0.2708,PASS,10.304,8.33,10.34,0.02312,OK,temp_deviation_from_85=5.500 is +0.9 SD from normal-pass average | stress_weighted_rate=0.073 is -0.9 SD from normal-pass average | rate_0_24=0.015 is -0.8 SD from normal-pass average,False,None,Normal,10.304,8.64,0.3539999999999992,1.6639999999999997,-0.83
CMP01409,B1046,IC_Analog,2026-04-30,2026-05-13,80.8,5.58,8.937,9.714,50.0,B1046,8.937,9.714,80.8,5.58,Medium,0.3906,PASS,16.985,10.99,17.26,0.05049,OK,temp_deviation_from_85=-4.200 is -0.7 SD from normal-pass average | stress_weighted_rate=0.181 is +0.6 SD from normal-pass average | rate_0_24=0.032 is +0.6 SD from normal-pass average,False,None,Normal,16.985,13.349,0.777000000000001,3.6359999999999992,-0.03
CMP05554,B1024,MOSFET,2026-01-15,2026-01-29,81.4,4.98,5.758,5.923,50.0,B1024,5.758,5.923,81.4,4.98,Medium,0.2987,PASS,9.554,7.44,12.0,0.02521,OK,stress_weighted_rate=0.034 is -1.4 SD from normal-pass average | rate_0_24=0.007 is -1.4 SD from normal-pass average | temp_deviation_from_85=-3.600 is -0.6 SD from normal-pass average,False,None,Normal,9.554,7.738,0.16500000000000004,1.8159999999999998,-0.65
CMP03452,B1041,IC_Digital,2026-05-02,2026-05-05,90.6,5.74,7.072,7.462,50.0,B1041,7.072,7.462,90.6,5.74,High,0.3597,PASS,10.925,8.88,10.67,0.02405,OK,temp_deviation_from_85=5.600 is +0.9 SD from normal-pass average | rate_0_24=0.016 is -0.7 SD from normal-pass average | stress_weighted_rate=0.093 is -0.6 SD from normal-pass average,False,None,Normal,10.925,9.194,0.3899999999999997,1.7309999999999999,-0.24
CMP03012,B1006,IC_Digital,2026-07-13,2026-07-25,90.8,5.77,6.399,7.159,50.0,B1006,6.399,7.159,90.8,5.77,High,0.3879,PASS,10.384,8.62,14.7,0.02239,OK,temp_deviation_from_85=5.800 is +1.0 SD from normal-pass average | stress_weighted_rate=0.183 is +0.7 SD from normal-pass average | rate_0_24=0.032 is +0.5 SD from normal-pass average,False,None,Normal,10.384,8.772,0.7599999999999998,1.612,-0.05
CMP04781,B1025,Diode_Zener,2026-07-08,2026-07-16,78.0,5.82,3.474,4.094,50.0,B1025,3.474,4.094,78.0,5.82,Low,0.3971,REJECT,6.815,5.05,14.83,0.01889,OK,temp_deviation_from_85=-7.000 is -1.2 SD from normal-pass average | pct_change_24_0=0.178 is +0.5 SD from normal-pass average | stress_weighted_rate=0.150 is +0.2 SD from normal-pass average,True,Medium,Lot-Relative Drift,6.815,5.454,0.6200000000000001,1.3610000000000007,0.01
CMP00443,B1041,Relay_Electromech,2026-02-06,2026-02-12,82.3,5.4,9.588,9.889,50.0,B1041,9.588,9.889,82.3,5.4,Medium,0.2913,PASS,13.816,11.36,14.01,0.02727,OK,stress_weighted_rate=0.068 is -1.0 SD from normal-pass average | rate_0_24=0.013 is -1.0 SD from normal-pass average | temp_deviation_from_85=-2.700 is -0.4 SD from normal-pass average,False,None,Normal,13.816,11.852,0.30100000000000016,1.9640000000000004,-0.7
CMP04870,B1031,Transistor_BJT,2026-01-18,2026-01-24,93.5,5.99,7.726,8.422,50.0,B1031,7.726,8.422,93.5,5.99,High,0.3703,PASS,12.852,9.75,16.39,0.03077,OK,temp_deviation_from_85=8.500 is +1.4 SD from normal-pass average | stress_weighted_rate=0.174 is +0.5 SD from normal-pass average | rate_0_24=0.029 is +0.3 SD from normal-pass average,False,None,Normal,12.852,10.637,0.6960000000000006,2.215,-0.17
CMP01914,B1040,Relay_Electromech,2026-04-17,2026-04-27,94.0,6.36,12.511,13.677,50.0,B1040,12.511,13.677,94.0,6.36,High,0.5312,REJECT,21.731,15.05,26.54,0.05593,OK,stress_weighted_rate=0.309 is +2.4 SD from normal-pass average | rate_0_24=0.049 is +1.9 SD from normal-pass average | temp_deviation_from_85=9.000 is +1.5 SD from normal-pass average,True,High,Lot-Relative Drift,21.731,17.704,1.1660000000000004,4.027000000000001,0.9
CMP01931,B1001,IC_Analog,2026-05-07,2026-05-13,85.8,4.98,2.554,2.901,50.0,B1001,2.554,2.901,85.8,4.98,Medium,0.2558,PASS,5.439,3.93,6.4,0.01763,OK,stress_weighted_rate=0.072 is -0.9 SD from normal-pass average | rate_0_24=0.014 is -0.8 SD from normal-pass average | pct_change_24_0=0.136 is +0.2 SD from normal-pass average,False,None,Normal,5.439,4.17,0.347,1.2690000000000001,-0.93
CMP05955,B1033,Diode_Zener,2026-05-19,2026-05-29,88.7,5.19,4.231,4.974,50.0,B1033,4.231,4.974,88.7,5.19,Medium,0.3706,PASS,9.349,6.1,17.11,0.03038,OK,temp_deviation_from_85=3.700 is +0.6 SD from normal-pass average | pct_change_24_0=0.176 is +0.5 SD from normal-pass average | rate_0_24=0.031 is +0.5 SD from normal-pass average,False,None,Normal,9.349,7.162,0.7430000000000003,2.1870000000000003,-0.17
CMP00813,B1011,Diode_Zener,2026-02-23,2026-03-03,89.0,4.92,5.69,5.985,50.0,B1011,5.69,5.985,89.0,4.92,Medium,0.2051,PASS,9.38,7.24,9.31,0.02358,OK,stress_weighted_rate=0.060 is -1.1 SD from normal-pass average | rate_0_24=0.012 is -1.0 SD from normal-pass average | temp_deviation_from_85=4.000 is +0.7 SD from normal-pass average,False,None,Normal,9.38,7.683,0.29499999999999993,1.697000000000001,-1.27
CMP02900,B1007,Resistor_Precision,2026-05-24,2026-06-06,83.7,5.36,3.88,4.359,50.0,B1007,3.88,4.359,83.7,5.36,Medium,0.3009,PASS,7.962,5.12,11.62,0.02502,OK,stress_weighted_rate=0.107 is -0.4 SD from normal-pass average | rate_0_24=0.020 is -0.4 SD from normal-pass average | temp_deviation_from_85=-1.300 is -0.2 SD from normal-pass average,False,None,Normal,7.962,6.16,0.4790000000000001,1.8019999999999996,-0.63
CMP05123,B1041,Resistor_Precision,2026-01-10,2026-01-20,90.5,5.13,4.642,5.278,50.0,B1041,4.642,5.278,90.5,5.13,High,0.2947,PASS,9.232,6.45,10.67,0.02746,OK,temp_deviation_from_85=5.500 is +0.9 SD from normal-pass average | pct_change_24_0=0.137 is +0.3 SD from normal-pass average | rate_0_24=0.026 is +0.1 SD from normal-pass average,False,None,Normal,9.232,7.255,0.6359999999999992,1.9769999999999994,-0.67
CMP01352,B1002,IC_Analog,2026-02-08,2026-02-15,93.3,6.33,13.84,14.087,50.0,B1002,13.84,14.087,93.3,6.33,High,0.2827,PASS,17.344,14.59,16.3,0.02262,OK,temp_deviation_from_85=8.300 is +1.4 SD from normal-pass average | rate_0_24=0.010 is -1.1 SD from normal-pass average | stress_weighted_rate=0.065 is -1.0 SD from normal-pass average,False,None,Normal,17.344,15.716,0.2469999999999999,1.628000000000002,-0.75
CMP05582,B1042,Diode_Zener,2026-04-19,2026-04-26,89.5,5.27,6.876,7.808,50.0,B1042,6.876,7.808,89.5,5.27,Medium,0.4218,REJECT,12.494,9.0,15.64,0.03254,OK,rate_0_24=0.039 is +1.1 SD from normal-pass average | stress_weighted_rate=0.205 is +1.0 SD from normal-pass average | temp_deviation_from_85=4.500 is +0.8 SD from normal-pass average,True,Medium,Lot-Relative Drift,12.494,10.151,0.9319999999999995,2.343,0.17
CMP03271,B1019,Relay_Electromech,2026-01-10,2026-01-21,79.8,6.37,12.088,12.241,50.0,B1019,12.088,12.241,79.8,6.37,Low,0.3032,PASS,15.772,13.55,18.08,0.02452,OK,rate_0_24=0.006 is -1.5 SD from normal-pass average | stress_weighted_rate=0.041 is -1.4 SD from normal-pass average | temp_deviation_from_85=-5.200 is -0.9 SD from normal-pass average,False,None,Normal,15.772,14.006,0.15300000000000047,1.766,-0.62
CMP03164,B1044,Tantalum_Capacitor,2026-03-27,2026-04-06,83.6,5.28,4.203,5.179,50.0,B1044,4.203,5.179,83.6,5.28,Medium,0.4574,REJECT,9.829,6.43,14.66,0.03229,OK,rate_0_24=0.041 is +1.3 SD from normal-pass average | stress_weighted_rate=0.215 is +1.1 SD from normal-pass average | pct_change_24_0=0.232 is +0.9 SD from normal-pass average,True,Medium,Lot-Relative Drift,9.829,7.504,0.976,2.325000000000001,0.41
CMP03820,B1035,IC_Analog,2026-01-28,2026-01-31,83.5,5.0,11.344,12.358,50.0,B1035,11.344,12.358,83.5,5.0,Medium,0.4855,REJECT,16.263,13.44,23.12,0.02712,OK,rate_0_24=0.042 is +1.4 SD from normal-pass average | stress_weighted_rate=0.211 is +1.1 SD from normal-pass average | temp_deviation_from_85=-1.500 is -0.2 SD from normal-pass average,True,Medium,Lot-Relative Drift,16.263,14.311,1.0140000000000011,1.9520000000000017,0.6
CMP01897,B1024,IC_Digital,2026-01-07,2026-01-13,77.3,6.24,4.705,4.873,50.0,B1024,4.705,4.873,77.3,6.24,Low,0.2876,PASS,8.657,6.24,9.46,0.02628,OK,rate_0_24=0.007 is -1.4 SD from normal-pass average | stress_weighted_rate=0.044 is -1.3 SD from normal-pass average | temp_deviation_from_85=-7.700 is -1.3 SD from normal-pass average,False,None,Normal,8.657,6.765,0.16800000000000015,1.8920000000000003,-0.72
CMP05528,B1048,IC_Analog,2026-06-06,2026-06-20,82.9,5.77,11.024,11.787,50.0,B1048,11.024,11.787,82.9,5.77,Medium,0.3958,REJECT,15.181,12.82,17.14,0.02357,OK,stress_weighted_rate=0.183 is +0.7 SD from normal-pass average | rate_0_24=0.032 is +0.6 SD from normal-pass average | temp_deviation_from_85=-2.100 is -0.3 SD from normal-pass average,True,Medium,Lot-Relative Drift,15.181,13.484,0.7630000000000017,1.6969999999999992,0.0
CMP00833,B1028,Relay_Electromech,2026-05-22,2026-05-25,71.0,5.06,14.29,14.425,50.0,B1028,14.29,14.425,71.0,5.06,Low,0.2985,PASS,19.738,15.9,20.06,0.0369,OK,temp_deviation_from_85=-14.000 is -2.3 SD from normal-pass average | stress_weighted_rate=0.028 is -1.5 SD from normal-pass average | rate_0_24=0.006 is -1.5 SD from normal-pass average,False,None,Normal,19.738,17.082,0.13500000000000156,2.655999999999999,-0.65
CMP01050,B1036,Relay_Electromech,2026-06-27,2026-07-08,83.6,4.87,18.26,19.704,50.0,B1036,18.26,19.704,83.6,4.87,Medium,0.7596,REJECT,29.036,20.77,46.36,0.0648,EARLY_REJECT,rate_0_24=0.060 is +2.8 SD from normal-pass average | stress_weighted_rate=0.293 is +2.2 SD from normal-pass average | temp_deviation_from_85=-1.400 is -0.2 SD from normal-pass average,True,Critical,Accelerating Drift,29.036,24.37,1.443999999999999,4.666,2.43
CMP00084,B1042,Relay_Electromech,2026-02-26,2026-03-11,95.8,5.71,10.885,11.217,50.0,B1042,10.885,11.217,95.8,5.71,High,0.2786,PASS,16.523,12.45,14.16,0.03684,OK,temp_deviation_from_85=10.800 is +1.8 SD from normal-pass average | rate_0_24=0.014 is -0.9 SD from normal-pass average | stress_weighted_rate=0.079 is -0.8 SD from normal-pass average,False,None,Normal,16.523,13.87,0.33200000000000074,2.6530000000000005,-0.78
CMP04348,B1017,Relay_Electromech,2026-04-25,2026-05-01,85.8,5.77,11.347,11.677,50.0,B1017,11.347,11.677,85.8,5.77,Medium,0.2921,PASS,15.096,13.18,16.4,0.02375,OK,rate_0_24=0.014 is -0.9 SD from normal-pass average | stress_weighted_rate=0.079 is -0.8 SD from normal-pass average | pct_change_24_0=0.029 is -0.5 SD from normal-pass average,False,None,Normal,15.096,13.386,0.33000000000000007,1.7100000000000009,-0.69
CMP03581,B1047,Tantalum_Capacitor,2026-03-24,2026-04-03,79.1,5.96,9.676,10.092,50.0,B1047,9.676,10.092,79.1,5.96,Low,0.3005,PASS,14.108,11.36,18.39,0.02789,OK,temp_deviation_from_85=-5.900 is -1.0 SD from normal-pass average | rate_0_24=0.017 is -0.6 SD from normal-pass average | stress_weighted_rate=0.103 is -0.5 SD from normal-pass average,False,None,Normal,14.108,12.1,0.41600000000000037,2.008000000000001,-0.63
CMP03194,B1035,Transistor_BJT,2026-02-16,2026-02-27,75.7,4.82,5.83,6.861,50.0,B1035,5.83,6.861,75.7,4.82,Low,0.5467,REJECT,11.511,8.39,20.33,0.03229,OK,temp_deviation_from_85=-9.300 is -1.6 SD from normal-pass average | rate_0_24=0.043 is +1.4 SD from normal-pass average | stress_weighted_rate=0.207 is +1.0 SD from normal-pass average,True,High,Lot-Relative Drift,11.511,9.186,1.0309999999999997,2.3249999999999993,1.01
CMP00870,B1026,MOSFET,2026-02-19,2026-03-03,83.6,5.05,11.3,11.834,50.0,B1026,11.3,11.834,83.6,5.05,Medium,0.3153,PASS,15.482,12.9,16.87,0.02533,OK,stress_weighted_rate=0.112 is -0.3 SD from normal-pass average | pct_change_24_0=0.047 is -0.3 SD from normal-pass average | temp_deviation_from_85=-1.400 is -0.2 SD from normal-pass average,False,None,Normal,15.482,13.658,0.5339999999999989,1.8239999999999998,-0.54
CMP00605,B1029,MOSFET,2026-04-26,2026-05-02,93.2,4.84,8.225,9.112,50.0,B1029,8.225,9.112,93.2,4.84,High,0.3833,PASS,16.117,10.25,18.61,0.04864,OK,temp_deviation_from_85=8.200 is +1.4 SD from normal-pass average | rate_0_24=0.037 is +1.0 SD from normal-pass average | stress_weighted_rate=0.179 is +0.6 SD from normal-pass average,False,None,Normal,16.117,12.614,0.8870000000000005,3.503,-0.08
CMP03794,B1039,Transistor_BJT,2026-05-30,2026-06-13,74.7,5.31,5.329,5.87,50.0,B1039,5.329,5.87,74.7,5.31,Low,0.3716,PASS,9.347,7.13,12.3,0.02414,OK,temp_deviation_from_85=-10.300 is -1.7 SD from normal-pass average | stress_weighted_rate=0.120 is -0.2 SD from normal-pass average | rate_0_24=0.023 is -0.2 SD from normal-pass average,False,None,Normal,9.347,7.608,0.5410000000000004,1.7389999999999999,-0.16
CMP03058,B1005,Transistor_BJT,2026-05-26,2026-06-04,90.2,5.66,7.246,7.757,50.0,B1005,7.246,7.757,90.2,5.66,High,0.3256,PASS,12.016,8.97,14.51,0.02958,OK,temp_deviation_from_85=5.200 is +0.9 SD from normal-pass average | rate_0_24=0.021 is -0.3 SD from normal-pass average | stress_weighted_rate=0.121 is -0.2 SD from normal-pass average,False,None,Normal,12.016,9.886,0.5109999999999992,2.130000000000001,-0.47
CMP04339,B1023,Relay_Electromech,2026-03-24,2026-03-28,97.3,5.39,17.763,18.312,50.0,B1023,17.763,18.312,97.3,5.39,High,0.298,PASS,21.283,19.41,23.04,0.02063,OK,temp_deviation_from_85=12.300 is +2.1 SD from normal-pass average | pct_change_24_0=0.031 is -0.4 SD from normal-pass average | stress_weighted_rate=0.123 is -0.2 SD from normal-pass average,False,None,Normal,21.283,19.798,0.5489999999999995,1.485000000000003,-0.65
CMP04973,B1024,Transistor_BJT,2026-07-01,2026-07-11,88.2,6.0,7.558,8.439,50.0,B1024,7.558,8.439,88.2,6.0,Medium,0.4449,REJECT,12.776,9.78,19.51,0.03012,OK,stress_weighted_rate=0.220 is +1.2 SD from normal-pass average | rate_0_24=0.037 is +0.9 SD from normal-pass average | temp_deviation_from_85=3.200 is +0.5 SD from normal-pass average,True,Medium,Lot-Relative Drift,12.776,10.608,0.8810000000000002,2.1679999999999993,0.33
CMP02942,B1041,Relay_Electromech,2026-02-24,2026-03-10,82.2,4.53,14.499,15.445,50.0,B1041,14.499,15.445,82.2,4.53,Medium,0.4568,REJECT,18.823,16.55,20.89,0.02346,OK,rate_0_24=0.039 is +1.2 SD from normal-pass average | stress_weighted_rate=0.179 is +0.6 SD from normal-pass average | temp_deviation_from_85=-2.800 is -0.5 SD from normal-pass average,True,Medium,Lot-Relative Drift,18.823,17.134,0.9459999999999997,1.689,0.41
CMP01567,B1006,Relay_Electromech,2026-04-17,2026-04-25,86.1,5.81,10.952,11.103,50.0,B1006,10.952,11.103,86.1,5.81,Medium,0.3009,PASS,14.792,12.11,15.37,0.02562,OK,rate_0_24=0.006 is -1.5 SD from normal-pass average | stress_weighted_rate=0.037 is -1.4 SD from normal-pass average | pct_change_24_0=0.014 is -0.6 SD from normal-pass average,False,None,Normal,14.792,12.948,0.1509999999999998,1.8439999999999994,-0.63
CMP02968,B1021,Relay_Electromech,2026-06-19,2026-06-30,75.0,5.17,6.889,7.268,50.0,B1021,6.889,7.268,75.0,5.17,Low,0.3171,PASS,10.868,8.38,13.14,0.025,OK,temp_deviation_from_85=-10.000 is -1.7 SD from normal-pass average | stress_weighted_rate=0.082 is -0.8 SD from normal-pass average | rate_0_24=0.016 is -0.7 SD from normal-pass average,False,None,Normal,10.868,9.068,0.37899999999999956,1.8000000000000007,-0.52
CMP05996,B1044,MOSFET,2026-07-16,2026-07-26,93.2,6.04,6.519,,50.0,B1044,6.519,,93.2,6.04,High,0.4495,REJECT,14.698,8.33,20.09,,OK,Value_24h_was_missing=1.000 is +8.9 SD from normal-pass average | temp_deviation_from_85=8.200 is +1.4 SD from normal-pass average | Chamber_Temperature_C_was_missing=0.000 is -0.1 SD from normal-pass average,True,Medium,Lot-Relative Drift,14.698,,,,0.36
CMP02708,B1041,Transistor_BJT,2026-05-28,2026-06-02,78.5,5.41,6.534,7.543,50.0,B1041,6.534,7.543,78.5,5.41,Low,0.5463,REJECT,13.088,8.81,20.44,0.03851,OK,rate_0_24=0.042 is +1.4 SD from normal-pass average | stress_weighted_rate=0.227 is +1.3 SD from normal-pass average | temp_deviation_from_85=-6.500 is -1.1 SD from normal-pass average,True,High,Lot-Relative Drift,13.088,10.316,1.0090000000000003,2.7719999999999985,1.0
CMP02556,B1006,MOSFET,2026-04-02,2026-04-08,88.4,6.46,9.301,9.41,50.0,B1006,9.301,9.41,88.4,6.46,Medium,0.3123,PASS,13.37,10.37,14.96,0.0275,OK,rate_0_24=0.005 is -1.6 SD from normal-pass average | stress_weighted_rate=0.029 is -1.5 SD from normal-pass average | temp_deviation_from_85=3.400 is +0.6 SD from normal-pass average,False,None,Normal,13.37,11.39,0.10899999999999999,1.9799999999999986,-0.56
CMP01286,B1031,MOSFET,2026-01-04,2026-01-14,79.7,5.73,7.836,8.821,50.0,B1031,7.836,8.821,79.7,5.73,Low,0.5717,REJECT,14.131,10.16,27.53,0.03688,OK,stress_weighted_rate=0.235 is +1.4 SD from normal-pass average | rate_0_24=0.041 is +1.3 SD from normal-pass average | temp_deviation_from_85=-5.300 is -0.9 SD from normal-pass average,True,High,Lot-Relative Drift,14.131,11.476,0.9849999999999994,2.6549999999999994,1.17
CMP00143,B1028,Resistor_Precision,2026-05-04,2026-05-07,94.7,5.65,3.782,4.74,50.0,B1028,3.782,4.74,94.7,5.65,High,0.3708,PASS,11.14,6.36,17.61,0.04444,OK,temp_deviation_from_85=9.700 is +1.6 SD from normal-pass average | stress_weighted_rate=0.226 is +1.3 SD from normal-pass average | rate_0_24=0.040 is +1.2 SD from normal-pass average,False,None,Normal,11.14,7.94,0.9580000000000002,3.2,-0.17
CMP05254,B1020,Diode_Zener,2026-01-13,2026-01-21,81.9,4.87,5.879,6.192,50.0,B1020,5.879,6.192,81.9,4.87,Medium,0.26,PASS,9.972,7.63,12.12,0.02625,OK,stress_weighted_rate=0.064 is -1.0 SD from normal-pass average | rate_0_24=0.013 is -0.9 SD from normal-pass average | temp_deviation_from_85=-3.100 is -0.5 SD from normal-pass average,False,None,Normal,9.972,8.082,0.3130000000000006,1.8899999999999988,-0.9
CMP00252,B1047,Resistor_Precision,2026-02-12,2026-02-20,70.7,5.91,2.818,3.517,50.0,B1047,2.818,3.517,70.7,5.91,Low,0.3465,PASS,7.458,5.26,9.0,0.02737,OK,temp_deviation_from_85=-14.300 is -2.4 SD from normal-pass average | pct_change_24_0=0.248 is +1.0 SD from normal-pass average | stress_weighted_rate=0.172 is +0.5 SD from normal-pass average,False,None,Normal,7.458,5.488,0.6989999999999998,1.9699999999999998,-0.33
CMP05753,B1037,IC_Analog,2026-02-10,2026-02-22,88.4,5.64,5.935,6.675,50.0,B1037,5.935,6.675,88.4,5.64,Medium,0.3308,PASS,10.619,7.66,19.39,0.02739,OK,temp_deviation_from_85=3.400 is +0.6 SD from normal-pass average | stress_weighted_rate=0.174 is +0.5 SD from normal-pass average | rate_0_24=0.031 is +0.5 SD from normal-pass average,False,None,Normal,10.619,8.647,0.7400000000000002,1.9719999999999995,-0.43
CMP01650,B1039,MOSFET,2026-04-10,2026-04-22,85.0,5.29,5.886,6.165,50.0,B1039,5.886,6.165,85.0,5.29,Medium,0.266,PASS,9.768,7.53,12.0,0.02502,OK,stress_weighted_rate=0.061 is -1.1 SD from normal-pass average | rate_0_24=0.012 is -1.0 SD from normal-pass average | pct_change_24_0=0.047 is -0.3 SD from normal-pass average,False,None,Normal,9.768,7.966,0.2789999999999999,1.8020000000000005,-0.87
CMP00486,B1001,Relay_Electromech,2026-04-24,2026-05-08,87.4,5.71,11.401,11.657,50.0,B1001,11.401,11.657,87.4,5.71,Medium,0.2738,PASS,15.234,13.02,15.43,0.02484,OK,rate_0_24=0.011 is -1.1 SD from normal-pass average | stress_weighted_rate=0.061 is -1.1 SD from normal-pass average | pct_change_24_0=0.022 is -0.5 SD from normal-pass average,False,None,Normal,15.234,13.446,0.2560000000000002,1.7880000000000003,-0.81
CMP01382,B1022,Relay_Electromech,2026-04-29,2026-05-10,90.1,5.41,11.386,11.792,50.0,B1022,11.386,11.792,90.1,5.41,High,0.3017,PASS,15.195,13.04,15.02,0.02363,OK,temp_deviation_from_85=5.100 is +0.9 SD from normal-pass average | stress_weighted_rate=0.092 is -0.6 SD from normal-pass average | rate_0_24=0.017 is -0.6 SD from normal-pass average,False,None,Normal,15.195,13.494,0.4060000000000006,1.7010000000000005,-0.63
CMP05270,B1011,IC_Analog,2026-06-12,2026-06-24,90.9,5.1,6.63,7.526,50.0,B1011,6.63,7.526,90.9,5.1,High,0.3809,PASS,12.931,8.91,21.55,0.03753,OK,rate_0_24=0.037 is +1.0 SD from normal-pass average | temp_deviation_from_85=5.900 is +1.0 SD from normal-pass average | stress_weighted_rate=0.190 is +0.8 SD from normal-pass average,False,None,Normal,12.931,10.228,0.8959999999999999,2.7029999999999994,-0.1
CMP01834,B1045,Tantalum_Capacitor,2026-05-03,2026-05-09,,5.52,6.946,7.632,50.0,B1045,6.946,7.632,,5.52,Low,0.3956,PASS,12.136,8.84,16.68,0.03128,OK,Chamber_Temperature_C_was_missing=1.000 is +7.7 SD from normal-pass average | stress_weighted_rate=0.158 is +0.3 SD from normal-pass average | rate_0_24=0.029 is +0.3 SD from normal-pass average,False,None,Normal,12.136,9.884,0.6859999999999999,2.251999999999999,-0.0
CMP03038,B1014,Tantalum_Capacitor,2026-04-10,2026-04-19,88.1,5.21,8.383,8.944,50.0,B1014,8.383,8.944,88.1,5.21,Medium,0.345,PASS,13.467,10.4,13.96,0.03141,OK,temp_deviation_from_85=3.100 is +0.5 SD from normal-pass average | pct_change_24_0=0.067 is -0.2 SD from normal-pass average | stress_weighted_rate=0.122 is -0.2 SD from normal-pass average,False,None,Normal,13.467,11.206,0.5610000000000017,2.261000000000001,-0.34
CMP01722,B1047,Relay_Electromech,2026-06-30,2026-07-07,89.8,5.17,9.026,9.633,50.0,B1047,9.026,9.633,89.8,5.17,Medium,0.349,PASS,16.601,10.95,16.81,0.04839,OK,temp_deviation_from_85=4.800 is +0.8 SD from normal-pass average | pct_change_24_0=0.067 is -0.2 SD from normal-pass average | Chamber_Temperature_C_was_missing=0.000 is -0.1 SD from normal-pass average,False,None,Normal,16.601,13.117,0.6069999999999993,3.483999999999998,-0.31
CMP05861,B1000,Relay_Electromech,2026-07-10,2026-07-24,91.6,5.5,9.374,10.607,50.0,B1000,9.374,10.607,91.6,5.5,High,0.6417,REJECT,17.594,11.96,34.79,0.04852,OK,rate_0_24=0.051 is +2.1 SD from normal-pass average | stress_weighted_rate=0.283 is +2.1 SD from normal-pass average | temp_deviation_from_85=6.600 is +1.1 SD from normal-pass average,True,High,Lot-Relative Drift,17.594,14.1,1.2329999999999988,3.4940000000000015,1.64
CMP02229,B1020,MOSFET,2026-01-22,2026-01-27,73.1,6.34,7.549,8.804,50.0,B1020,7.549,8.804,73.1,6.34,Low,0.6997,REJECT,16.672,10.54,20.05,0.05464,OK,stress_weighted_rate=0.332 is +2.8 SD from normal-pass average | rate_0_24=0.052 is +2.2 SD from normal-pass average | temp_deviation_from_85=-11.900 is -2.0 SD from normal-pass average,True,High,Lot-Relative Drift,16.672,12.738,1.255,3.934000000000001,2.03
CMP01096,B1031,Relay_Electromech,2026-07-12,2026-07-26,88.6,5.5,11.18,11.458,50.0,B1031,11.18,11.458,88.6,5.5,Medium,0.2744,PASS,15.536,12.89,14.88,0.02832,OK,rate_0_24=0.012 is -1.0 SD from normal-pass average | stress_weighted_rate=0.064 is -1.0 SD from normal-pass average | temp_deviation_from_85=3.600 is +0.6 SD from normal-pass average,False,None,Normal,15.536,13.497,0.27800000000000047,2.0389999999999997,-0.81
CMP04790,B1044,Resistor_Precision,2026-02-17,2026-02-20,83.2,5.19,3.315,4.372,50.0,B1044,3.315,4.372,83.2,5.19,Medium,0.5149,REJECT,10.341,5.1,6.3,0.04145,OK,rate_0_24=0.044 is +1.5 SD from normal-pass average | pct_change_24_0=0.319 is +1.5 SD from normal-pass average | stress_weighted_rate=0.229 is +1.3 SD from normal-pass average,True,High,Lot-Relative Drift,10.341,7.356,1.057,2.9849999999999994,0.79
CMP02354,B1017,IC_Analog,2026-04-30,2026-05-07,89.3,5.54,13.994,14.639,50.0,B1017,13.994,14.639,89.3,5.54,Medium,0.3168,PASS,18.07,15.72,19.89,0.02383,OK,temp_deviation_from_85=4.300 is +0.7 SD from normal-pass average | pct_change_24_0=0.046 is -0.3 SD from normal-pass average | stress_weighted_rate=0.149 is +0.2 SD from normal-pass average,False,None,Normal,18.07,16.355,0.6449999999999996,1.7149999999999999,-0.53
CMP04797,B1043,IC_Analog,2026-06-15,2026-06-19,75.0,5.55,11.698,12.213,50.0,B1043,11.698,12.213,75.0,5.55,Low,0.2969,PASS,15.566,12.85,15.88,0.02329,OK,temp_deviation_from_85=-10.000 is -1.7 SD from normal-pass average | pct_change_24_0=0.044 is -0.4 SD from normal-pass average | rate_0_24=0.021 is -0.3 SD from normal-pass average,False,None,Normal,15.566,13.89,0.5149999999999988,1.6760000000000002,-0.66
CMP01906,B1046,Relay_Electromech,2026-02-21,2026-03-02,84.9,5.29,14.819,15.269,50.0,B1046,14.819,15.269,84.9,5.29,Medium,0.3026,PASS,18.278,16.17,19.86,0.02089,OK,stress_weighted_rate=0.099 is -0.5 SD from normal-pass average | rate_0_24=0.019 is -0.5 SD from normal-pass average | pct_change_24_0=0.030 is -0.4 SD from normal-pass average,False,None,Normal,18.278,16.774,0.4499999999999993,1.5039999999999978,-0.62
CMP01134,B1028,Diode_Zener,2026-05-15,2026-05-25,91.2,6.01,5.425,5.99,50.0,B1028,5.425,5.99,91.2,6.01,High,0.285,PASS,9.359,7.43,9.23,0.0234,OK,temp_deviation_from_85=6.200 is +1.0 SD from normal-pass average | Chamber_Temperature_C_was_missing=0.000 is -0.1 SD from normal-pass average | Value_0h_was_missing=0.000 is -0.1 SD from normal-pass average,False,None,Normal,9.359,7.674,0.5650000000000004,1.6849999999999996,-0.74
CMP02960,B1003,MOSFET,2026-06-29,2026-07-11,87.9,5.31,8.582,9.637,50.0,B1003,8.582,9.637,87.9,5.31,Medium,0.518,REJECT,17.798,10.63,25.09,0.05667,OK,rate_0_24=0.044 is +1.5 SD from normal-pass average | stress_weighted_rate=0.233 is +1.4 SD from normal-pass average | temp_deviation_from_85=2.900 is +0.5 SD from normal-pass average,True,High,Lot-Relative Drift,17.798,13.718,1.0549999999999997,4.079999999999998,0.81
CMP03909,B1009,IC_Analog,2026-03-17,2026-03-27,83.1,5.01,17.822,20.844,50.0,B1009,17.822,20.844,83.1,5.01,Medium,0.97,REJECT,27.72,21.42,29.56,0.04775,OK,rate_0_24=0.126 is +8.0 SD from normal-pass average | stress_weighted_rate=0.631 is +7.0 SD from normal-pass average | pct_change_24_0=0.170 is +0.5 SD from normal-pass average,True,Critical,Severe Latent Degradation,27.72,24.282,3.022000000000002,3.437999999999999,3.83
CMP05694,B1039,MOSFET,2026-03-01,2026-03-10,79.9,4.83,6.108,6.394,50.0,B1039,6.108,6.394,79.9,4.83,Low,0.2755,PASS,9.973,7.61,18.18,0.02485,OK,stress_weighted_rate=0.058 is -1.1 SD from normal-pass average | rate_0_24=0.012 is -1.0 SD from normal-pass average | temp_deviation_from_85=-5.100 is -0.8 SD from normal-pass average,False,None,Normal,9.973,8.184,0.2860000000000005,1.7890000000000015,-0.8
CMP00968,B1027,Tantalum_Capacitor,2026-02-26,2026-03-01,83.6,5.71,7.974,8.888,50.0,B1027,7.974,8.888,83.6,5.71,Medium,0.4477,REJECT,14.221,10.06,19.93,0.03703,OK,stress_weighted_rate=0.217 is +1.2 SD from normal-pass average | rate_0_24=0.038 is +1.1 SD from normal-pass average | temp_deviation_from_85=-1.400 is -0.2 SD from normal-pass average,True,Medium,Lot-Relative Drift,14.221,11.554,0.9139999999999997,2.667,0.35
CMP04895,B1018,Transistor_BJT,2026-06-19,2026-06-29,87.2,4.98,5.556,5.59,50.0,B1018,5.556,5.59,87.2,4.98,Medium,0.3983,REJECT,10.019,6.79,17.27,0.03076,OK,rate_0_24=0.001 is -1.8 SD from normal-pass average | stress_weighted_rate=0.007 is -1.8 SD from normal-pass average | pct_change_24_0=0.006 is -0.6 SD from normal-pass average,True,Medium,Lot-Relative Drift,10.019,7.804,0.03399999999999981,2.215,0.02
CMP02765,B1015,Tantalum_Capacitor,2026-06-21,2026-07-01,92.4,5.82,11.907,12.751,50.0,B1015,11.907,12.751,92.4,5.82,High,0.4676,REJECT,16.325,14.35,23.38,0.02482,OK,temp_deviation_from_85=7.400 is +1.2 SD from normal-pass average | stress_weighted_rate=0.205 is +1.0 SD from normal-pass average | rate_0_24=0.035 is +0.8 SD from normal-pass average,True,Medium,Lot-Relative Drift,16.325,14.538,0.8439999999999994,1.786999999999999,0.48
CMP01005,B1012,Transistor_BJT,2026-01-02,2026-01-16,85.6,5.54,4.323,4.953,50.0,B1012,4.323,4.953,85.6,5.54,Medium,0.3892,PASS,8.969,6.12,13.24,0.02789,OK,pct_change_24_0=0.146 is +0.3 SD from normal-pass average | stress_weighted_rate=0.145 is +0.1 SD from normal-pass average | Chamber_Temperature_C_was_missing=0.000 is -0.1 SD from normal-pass average,False,None,Normal,8.969,6.961,0.6299999999999999,2.007999999999999,-0.04
CMP00248,B1028,MOSFET,2026-05-21,2026-06-02,84.4,5.24,4.029,4.657,50.0,B1028,4.029,4.657,84.4,5.24,Medium,0.3366,PASS,9.394,5.66,11.14,0.0329,OK,pct_change_24_0=0.156 is +0.4 SD from normal-pass average | Chamber_Temperature_C_was_missing=0.000 is -0.1 SD from normal-pass average | Value_0h_was_missing=0.000 is -0.1 SD from normal-pass average,False,None,Normal,9.394,7.026,0.6280000000000001,2.3680000000000003,-0.39
CMP00347,B1025,IC_Digital,2026-06-01,2026-06-07,77.2,5.17,8.47,9.335,50.0,B1025,8.47,9.335,77.2,5.17,Low,0.4623,REJECT,14.379,10.48,21.37,0.03503,OK,temp_deviation_from_85=-7.800 is -1.3 SD from normal-pass average | rate_0_24=0.036 is +0.9 SD from normal-pass average | stress_weighted_rate=0.186 is +0.7 SD from normal-pass average,True,Medium,Lot-Relative Drift,14.379,11.857,0.8650000000000002,2.5220000000000002,0.44
CMP00691,B1012,IC_Digital,2026-01-17,2026-01-31,85.2,4.46,5.83,6.441,50.0,B1012,5.83,6.441,85.2,4.46,Medium,0.414,REJECT,10.587,7.9,14.55,0.02879,OK,stress_weighted_rate=0.114 is -0.3 SD from normal-pass average | Chamber_Temperature_C_was_missing=0.000 is -0.1 SD from normal-pass average | Value_0h_was_missing=0.000 is -0.1 SD from normal-pass average,True,Medium,Lot-Relative Drift,10.587,8.514,0.6109999999999998,2.0730000000000004,0.12
CMP04067,B1013,Resistor_Precision,2026-02-07,2026-02-16,86.8,5.25,5.856,6.482,50.0,B1013,5.856,6.482,86.8,5.25,Medium,0.3177,PASS,9.727,7.55,11.13,0.02253,OK,temp_deviation_from_85=1.800 is +0.3 SD from normal-pass average | Chamber_Temperature_C_was_missing=0.000 is -0.1 SD from normal-pass average | Value_0h_was_missing=0.000 is -0.1 SD from normal-pass average,False,None,Normal,9.727,8.104,0.6260000000000003,1.623000000000001,-0.52
CMP03852,B1023,Relay_Electromech,2026-01-25,2026-02-05,78.2,5.46,7.238,7.628,50.0,B1023,7.238,7.628,78.2,5.46,Low,0.3399,PASS,12.684,9.0,13.12,0.03511,OK,temp_deviation_from_85=-6.800 is -1.1 SD from normal-pass average | stress_weighted_rate=0.089 is -0.7 SD from normal-pass average | rate_0_24=0.016 is -0.7 SD from normal-pass average,False,None,Normal,12.684,10.156,0.3899999999999997,2.5279999999999987,-0.37
CMP04875,B1005,IC_Analog,2026-03-09,2026-03-18,77.2,5.97,12.411,12.721,50.0,B1005,12.411,12.721,77.2,5.97,Low,0.2855,PASS,15.597,14.26,16.95,0.01998,OK,temp_deviation_from_85=-7.800 is -1.3 SD from normal-pass average | rate_0_24=0.013 is -0.9 SD from normal-pass average | stress_weighted_rate=0.077 is -0.8 SD from normal-pass average,False,None,Normal,15.597,14.159,0.3100000000000005,1.4379999999999988,-0.73
CMP00376,B1002,IC_Digital,2026-01-21,2026-02-03,83.3,5.62,8.249,8.773,50.0,B1002,8.249,8.773,83.3,5.62,Medium,0.4311,REJECT,12.655,10.0,15.42,0.02696,OK,temp_deviation_from_85=-1.700 is -0.3 SD from normal-pass average | rate_0_24=0.022 is -0.2 SD from normal-pass average | pct_change_24_0=0.064 is -0.2 SD from normal-pass average,True,Medium,Lot-Relative Drift,12.655,10.714,0.5239999999999991,1.940999999999999,0.24
CMP02850,B1040,Relay_Electromech,2026-03-14,2026-03-22,85.5,5.87,15.121,15.896,50.0,B1040,15.121,15.896,85.5,5.87,Medium,0.404,REJECT,18.964,16.88,32.18,0.0213,OK,stress_weighted_rate=0.190 is +0.8 SD from normal-pass average | rate_0_24=0.032 is +0.6 SD from normal-pass average | pct_change_24_0=0.051 is -0.3 SD from normal-pass average,True,Medium,Lot-Relative Drift,18.964,17.43,0.7750000000000004,1.533999999999999,0.05
CMP00471,B1039,Resistor_Precision,2026-06-06,2026-06-18,85.3,6.05,5.21,5.953,50.0,B1039,5.21,5.953,85.3,6.05,Medium,0.3803,PASS,9.904,7.02,34.58,0.02744,OK,stress_weighted_rate=0.187 is +0.7 SD from normal-pass average | rate_0_24=0.031 is +0.5 SD from normal-pass average | pct_change_24_0=0.143 is +0.3 SD from normal-pass average,False,None,Normal,9.904,7.928,0.7430000000000003,1.976,-0.1
CMP03326,B1016,IC_Digital,2026-02-22,2026-03-04,73.7,5.63,9.69,10.487,50.0,B1016,9.69,10.487,73.7,5.63,Low,0.3855,PASS,15.292,11.79,17.35,0.03337,OK,temp_deviation_from_85=-11.300 is -1.9 SD from normal-pass average | stress_weighted_rate=0.187 is +0.7 SD from normal-pass average | rate_0_24=0.033 is +0.7 SD from normal-pass average,False,None,Normal,15.292,12.89,0.7970000000000006,2.4019999999999992,-0.07
CMP02300,B1008,Resistor_Precision,2026-06-04,2026-06-07,81.9,5.88,3.737,4.154,50.0,B1008,3.737,4.154,81.9,5.88,Medium,0.2958,PASS,6.793,5.29,5.77,0.01833,OK,rate_0_24=0.017 is -0.6 SD from normal-pass average | temp_deviation_from_85=-3.100 is -0.5 SD from normal-pass average | stress_weighted_rate=0.102 is -0.5 SD from normal-pass average,False,None,Normal,6.793,5.474,0.4169999999999998,1.319,-0.67
CMP00923,B1032,Diode_Zener,2026-02-14,2026-02-24,84.7,5.55,5.053,5.731,50.0,B1032,5.053,5.731,84.7,5.55,Medium,0.3506,PASS,9.229,7.01,9.97,0.02429,OK,stress_weighted_rate=0.157 is +0.3 SD from normal-pass average | rate_0_24=0.028 is +0.3 SD from normal-pass average | pct_change_24_0=0.134 is +0.2 SD from normal-pass average,False,None,Normal,9.229,7.48,0.6779999999999999,1.7489999999999988,-0.3
CMP04644,B1022,MOSFET,2026-04-19,2026-05-03,83.0,6.07,8.752,9.316,50.0,B1022,8.752,9.316,83.0,6.07,Medium,0.3478,PASS,13.419,10.37,18.99,0.02849,OK,temp_deviation_from_85=-2.000 is -0.3 SD from normal-pass average | pct_change_24_0=0.064 is -0.2 SD from normal-pass average | Chamber_Temperature_C_was_missing=0.000 is -0.1 SD from normal-pass average,False,None,Normal,13.419,11.368,0.5640000000000001,2.051,-0.32
CMP04535,B1044,Diode_Zener,2026-05-02,2026-05-07,87.5,5.77,8.4,9.083,50.0,B1044,8.4,9.083,87.5,5.77,Medium,0.3331,PASS,14.683,10.25,20.7,0.03889,OK,temp_deviation_from_85=2.500 is +0.4 SD from normal-pass average | stress_weighted_rate=0.164 is +0.4 SD from normal-pass average | rate_0_24=0.028 is +0.3 SD from normal-pass average,False,None,Normal,14.683,11.883,0.6829999999999998,2.8000000000000007,-0.42
CMP03402,B1024,Resistor_Precision,2026-06-26,2026-07-02,87.5,5.14,5.554,6.811,50.0,B1024,5.554,6.811,87.5,5.14,Medium,0.7554,REJECT,12.054,7.58,22.5,0.03641,OK,rate_0_24=0.052 is +2.2 SD from normal-pass average | stress_weighted_rate=0.269 is +1.9 SD from normal-pass average | pct_change_24_0=0.226 is +0.8 SD from normal-pass average,True,Critical,Severe Latent Degradation,12.054,9.433,1.2569999999999997,2.6210000000000004,2.4
CMP03446,B1041,IC_Digital,2026-01-16,2026-01-30,86.6,4.85,7.697,8.437,50.0,B1041,7.697,8.437,86.6,4.85,Medium,0.4269,REJECT,12.902,9.54,19.97,0.03101,OK,rate_0_24=0.031 is +0.5 SD from normal-pass average | temp_deviation_from_85=1.600 is +0.3 SD from normal-pass average | stress_weighted_rate=0.150 is +0.2 SD from normal-pass average,True,Medium,Lot-Relative Drift,12.902,10.67,0.7399999999999993,2.2319999999999993,0.21
CMP00928,B1012,Diode_Zener,2026-04-13,2026-04-26,88.8,5.3,7.071,10.255,50.0,B1012,7.071,10.255,88.8,5.3,Medium,0.9805,REJECT,19.58,14.63,19.29,0.06476,EARLY_REJECT,rate_0_24=0.133 is +8.6 SD from normal-pass average | stress_weighted_rate=0.703 is +8.0 SD from normal-pass average | pct_change_24_0=0.450 is +2.3 SD from normal-pass average,True,Critical,Accelerating Drift,19.58,14.918,3.184000000000001,4.661999999999999,3.9
CMP03753,B1008,Tantalum_Capacitor,2026-03-21,2026-04-02,82.7,5.41,11.204,12.246,50.0,B1008,11.204,12.246,82.7,5.41,Medium,0.555,REJECT,16.118,13.03,24.05,0.02689,OK,rate_0_24=0.043 is +1.5 SD from normal-pass average | stress_weighted_rate=0.235 is +1.4 SD from normal-pass average | temp_deviation_from_85=-2.300 is -0.4 SD from normal-pass average,True,High,Lot-Relative Drift,16.118,14.182,1.0419999999999998,1.9359999999999982,1.06
CMP01338,B1005,Tantalum_Capacitor,2026-05-21,2026-05-26,83.4,5.62,5.768,6.036,50.0,B1005,5.768,6.036,83.4,5.62,Medium,0.2919,PASS,9.419,7.44,8.92,0.02349,OK,rate_0_24=0.011 is -1.1 SD from normal-pass average | stress_weighted_rate=0.063 is -1.0 SD from normal-pass average | pct_change_24_0=0.046 is -0.3 SD from normal-pass average,False,None,Normal,9.419,7.728,0.2679999999999998,1.6910000000000007,-0.69
CMP01012,B1046,Resistor_Precision,2026-05-21,2026-05-31,87.6,5.92,3.335,4.21,50.0,B1046,3.335,4.21,87.6,5.92,Medium,0.4212,REJECT,7.388,5.13,9.77,0.02207,OK,stress_weighted_rate=0.216 is +1.1 SD from normal-pass average | pct_change_24_0=0.262 is +1.1 SD from normal-pass average | rate_0_24=0.036 is +0.9 SD from normal-pass average,True,Medium,Lot-Relative Drift,7.388,5.799,0.875,1.5889999999999995,0.17
CMP03892,B1001,Tantalum_Capacitor,2026-03-10,2026-03-18,85.0,6.12,8.532,9.396,50.0,B1001,8.532,9.396,85.0,6.12,Medium,0.4383,REJECT,13.808,10.32,18.11,0.03064,OK,stress_weighted_rate=0.220 is +1.2 SD from normal-pass average | rate_0_24=0.036 is +0.9 SD from normal-pass average | Chamber_Temperature_C_was_missing=0.000 is -0.1 SD from normal-pass average,True,Medium,Lot-Relative Drift,13.808,11.602,0.8640000000000008,2.2059999999999995,0.28
CMP02160,B1048,Relay_Electromech,2026-05-26,2026-05-30,79.4,4.83,11.137,11.748,50.0,B1048,11.137,11.748,79.4,4.83,Low,0.3775,PASS,15.925,13.03,18.59,0.02901,OK,temp_deviation_from_85=-5.600 is -0.9 SD from normal-pass average | pct_change_24_0=0.055 is -0.3 SD from normal-pass average | stress_weighted_rate=0.123 is -0.2 SD from normal-pass average,False,None,Normal,15.925,13.836,0.6109999999999989,2.0890000000000004,-0.12
CMP04623,B1024,Tantalum_Capacitor,2026-03-13,2026-03-19,77.3,5.38,7.12,7.72,50.0,B1024,7.12,7.72,77.3,5.38,Low,0.4281,REJECT,12.045,8.99,17.05,0.03004,OK,temp_deviation_from_85=-7.700 is -1.3 SD from normal-pass average | Chamber_Temperature_C_was_missing=0.000 is -0.1 SD from normal-pass average | Value_0h_was_missing=0.000 is -0.1 SD from normal-pass average,True,Medium,Lot-Relative Drift,12.045,9.882,0.5999999999999996,2.1630000000000003,0.22
CMP04998,B1039,IC_Digital,2026-03-03,2026-03-10,83.4,6.1,7.233,8.078,50.0,B1039,7.233,8.078,83.4,6.1,Medium,0.4794,REJECT,12.618,9.47,16.81,0.03153,OK,stress_weighted_rate=0.215 is +1.1 SD from normal-pass average | rate_0_24=0.035 is +0.8 SD from normal-pass average | temp_deviation_from_85=-1.600 is -0.3 SD from normal-pass average,True,Medium,Lot-Relative Drift,12.618,10.348,0.8449999999999998,2.2699999999999996,0.56
CMP03943,B1042,IC_Digital,2026-02-27,2026-03-07,91.6,5.61,7.75,7.844,50.0,B1042,7.75,7.844,91.6,5.61,High,0.5394,REJECT,13.119,9.11,23.24,0.03663,OK,rate_0_24=0.004 is -1.7 SD from normal-pass average | stress_weighted_rate=0.022 is -1.6 SD from normal-pass average | temp_deviation_from_85=6.600 is +1.1 SD from normal-pass average,True,High,Lot-Relative Drift,13.119,10.482,0.0940000000000003,2.6370000000000005,0.96
CMP05849,B1001,Tantalum_Capacitor,2026-06-13,2026-06-22,90.5,5.2,11.087,11.558,50.0,B1001,11.087,11.558,90.5,5.2,High,0.3121,PASS,15.781,12.76,18.42,0.02933,OK,temp_deviation_from_85=5.500 is +0.9 SD from normal-pass average | stress_weighted_rate=0.102 is -0.5 SD from normal-pass average | rate_0_24=0.020 is -0.4 SD from normal-pass average,False,None,Normal,15.781,13.67,0.4710000000000001,2.1110000000000007,-0.56
CMP05813,B1034,IC_Analog,2026-05-17,2026-05-23,83.7,5.43,13.298,14.234,50.0,B1034,13.298,14.234,83.7,5.43,Medium,0.4128,REJECT,17.487,15.3,18.42,0.02259,OK,rate_0_24=0.039 is +1.1 SD from normal-pass average | stress_weighted_rate=0.212 is +1.1 SD from normal-pass average | temp_deviation_from_85=-1.300 is -0.2 SD from normal-pass average,True,Medium,Lot-Relative Drift,17.487,15.86,0.9359999999999999,1.626999999999999,0.11
CMP03341,B1021,IC_Analog,2026-06-13,2026-06-21,85.9,5.08,16.149,16.921,50.0,B1021,16.149,16.921,85.9,5.08,Medium,0.3364,PASS,19.326,18.15,26.39,0.0167,OK,rate_0_24=0.032 is +0.6 SD from normal-pass average | stress_weighted_rate=0.163 is +0.4 SD from normal-pass average | pct_change_24_0=0.048 is -0.3 SD from normal-pass average,False,None,Normal,19.326,18.124,0.7719999999999985,1.2020000000000017,-0.4
CMP04382,B1025,Diode_Zener,2026-07-18,2026-08-01,91.0,5.19,3.092,3.459,50.0,B1025,3.092,3.459,91.0,5.19,High,0.2022,PASS,6.213,4.54,7.52,0.01912,OK,temp_deviation_from_85=6.000 is +1.0 SD from normal-pass average | stress_weighted_rate=0.079 is -0.8 SD from normal-pass average | rate_0_24=0.015 is -0.7 SD from normal-pass average,False,None,Normal,6.213,4.836,0.367,1.3769999999999998,-1.29
CMP01353,B1019,Transistor_BJT,2026-06-25,2026-07-06,82.9,5.79,6.432,7.053,50.0,B1019,6.432,7.053,82.9,5.79,Medium,0.4052,REJECT,10.177,8.39,12.13,0.0217,OK,temp_deviation_from_85=-2.100 is -0.3 SD from normal-pass average | stress_weighted_rate=0.150 is +0.2 SD from normal-pass average | Chamber_Temperature_C_was_missing=0.000 is -0.1 SD from normal-pass average,True,Medium,Lot-Relative Drift,10.177,8.615,0.6209999999999996,1.5619999999999994,0.06
CMP03081,B1019,MOSFET,2026-05-02,2026-05-14,82.5,5.42,6.528,7.143,50.0,B1019,6.528,7.143,82.5,5.42,Medium,0.3607,PASS,10.196,8.34,9.4,0.0212,OK,temp_deviation_from_85=-2.500 is -0.4 SD from normal-pass average | Chamber_Temperature_C_was_missing=0.000 is -0.1 SD from normal-pass average | Value_0h_was_missing=0.000 is -0.1 SD from normal-pass average,False,None,Normal,10.196,8.67,0.6150000000000002,1.5259999999999998,-0.23
CMP00111,B1022,Resistor_Precision,2026-05-30,2026-06-10,88.6,5.38,3.517,4.765,50.0,B1022,3.517,4.765,88.6,5.38,Medium,0.7742,REJECT,14.214,6.2,27.23,0.06562,EARLY_REJECT,rate_0_24=0.052 is +2.2 SD from normal-pass average | stress_weighted_rate=0.280 is +2.0 SD from normal-pass average | pct_change_24_0=0.355 is +1.7 SD from normal-pass average,True,Critical,Accelerating Drift,14.214,9.49,1.2479999999999998,4.724,2.52
CMP04357,B1009,Relay_Electromech,2026-01-05,2026-01-10,84.6,4.57,11.365,12.219,50.0,B1009,11.365,12.219,84.6,4.57,Medium,0.45,REJECT,15.864,13.27,19.75,0.02531,OK,rate_0_24=0.036 is +0.9 SD from normal-pass average | stress_weighted_rate=0.163 is +0.4 SD from normal-pass average | pct_change_24_0=0.075 is -0.2 SD from normal-pass average,True,Medium,Lot-Relative Drift,15.864,14.042,0.8539999999999992,1.822000000000001,0.36
CMP02055,B1035,Diode_Zener,2026-01-31,2026-02-08,79.2,5.01,2.327,3.191,50.0,B1035,2.327,3.191,79.2,5.01,Low,0.4441,REJECT,9.797,4.88,12.44,0.04587,OK,pct_change_24_0=0.371 is +1.8 SD from normal-pass average | temp_deviation_from_85=-5.800 is -1.0 SD from normal-pass average | rate_0_24=0.036 is +0.9 SD from normal-pass average,True,Medium,Lot-Relative Drift,9.797,6.494,0.8639999999999999,3.303000000000001,0.32
CMP00525,B1025,Tantalum_Capacitor,2026-05-12,2026-05-20,84.4,5.93,14.209,16.474,50.0,B1025,14.209,16.474,84.4,5.93,Medium,0.9668,REJECT,23.706,18.72,36.29,0.05022,OK,stress_weighted_rate=0.560 is +6.0 SD from normal-pass average | rate_0_24=0.094 is +5.5 SD from normal-pass average | pct_change_24_0=0.159 is +0.4 SD from normal-pass average,True,Critical,Severe Latent Degradation,23.706,20.09,2.2650000000000006,3.6159999999999997,3.81
CMP02625,B1045,Tantalum_Capacitor,2026-01-11,2026-01-14,78.5,5.47,6.928,7.584,50.0,B1045,6.928,7.584,78.5,5.47,Low,0.4379,REJECT,11.879,8.74,14.63,0.02983,OK,temp_deviation_from_85=-6.500 is -1.1 SD from normal-pass average | rate_0_24=0.027 is +0.2 SD from normal-pass average | stress_weighted_rate=0.150 is +0.2 SD from normal-pass average,True,Medium,Lot-Relative Drift,11.879,9.732,0.6559999999999997,2.1470000000000002,0.28
CMP05600,B1032,Diode_Zener,2026-02-21,2026-03-01,92.3,5.69,4.739,5.379,50.0,B1032,4.739,5.379,92.3,5.69,High,0.3323,PASS,9.402,6.46,12.79,0.02793,OK,temp_deviation_from_85=7.300 is +1.2 SD from normal-pass average | pct_change_24_0=0.135 is +0.2 SD from normal-pass average | stress_weighted_rate=0.152 is +0.2 SD from normal-pass average,False,None,Normal,9.402,7.39,0.6399999999999997,2.0119999999999996,-0.42
CMP02567,B1006,IC_Analog,2026-02-28,2026-03-10,94.3,5.86,9.757,10.497,50.0,B1006,9.757,10.497,94.3,5.86,High,0.3621,PASS,16.209,11.79,19.8,0.03967,OK,temp_deviation_from_85=9.300 is +1.6 SD from normal-pass average | stress_weighted_rate=0.181 is +0.6 SD from normal-pass average | rate_0_24=0.031 is +0.5 SD from normal-pass average,False,None,Normal,16.209,13.353,0.7400000000000002,2.856,-0.22
CMP03049,B1041,Resistor_Precision,2026-07-03,2026-07-09,83.9,6.22,2.418,2.394,50.0,B1041,2.418,2.394,83.9,6.22,Medium,0.3509,PASS,7.226,3.6,8.65,0.03356,OK,rate_0_24=-0.001 is -2.0 SD from normal-pass average | stress_weighted_rate=-0.006 is -2.0 SD from normal-pass average | pct_change_24_0=-0.010 is -0.7 SD from normal-pass average,False,None,Normal,7.226,4.81,-0.02400000000000002,2.4160000000000004,-0.3
CMP01943,B1034,Diode_Zener,2026-03-05,2026-03-14,84.5,5.52,6.098,6.595,50.0,B1034,6.098,6.595,84.5,5.52,Medium,0.2968,PASS,10.208,7.51,13.65,0.02509,OK,rate_0_24=0.021 is -0.3 SD from normal-pass average | stress_weighted_rate=0.114 is -0.3 SD from normal-pass average | Chamber_Temperature_C_was_missing=0.000 is -0.1 SD from normal-pass average,False,None,Normal,10.208,8.402,0.4969999999999999,1.806000000000001,-0.66
CMP00139,B1009,IC_Analog,2026-06-09,2026-06-22,79.0,6.17,8.407,9.321,50.0,B1009,8.407,9.321,79.0,6.17,Low,0.4782,REJECT,14.036,10.44,16.73,0.03275,OK,stress_weighted_rate=0.235 is +1.4 SD from normal-pass average | rate_0_24=0.038 is +1.1 SD from normal-pass average | temp_deviation_from_85=-6.000 is -1.0 SD from normal-pass average,True,Medium,Lot-Relative Drift,14.036,11.678,0.9139999999999997,2.3579999999999988,0.55
CMP02871,B1003,MOSFET,2026-01-11,2026-01-19,77.1,6.45,4.946,5.221,50.0,B1003,4.946,5.221,77.1,6.45,Low,0.2804,PASS,9.208,6.78,6.69,0.02769,OK,temp_deviation_from_85=-7.900 is -1.3 SD from normal-pass average | rate_0_24=0.011 is -1.1 SD from normal-pass average | stress_weighted_rate=0.074 is -0.9 SD from normal-pass average,False,None,Normal,9.208,7.214,0.27500000000000036,1.9939999999999998,-0.77
CMP01811,B1042,IC_Analog,2026-01-05,2026-01-12,94.5,5.33,7.217,8.213,50.0,B1042,7.217,8.213,94.5,5.33,High,0.4194,REJECT,13.353,9.89,22.67,0.0357,OK,temp_deviation_from_85=9.500 is +1.6 SD from normal-pass average | rate_0_24=0.041 is +1.3 SD from normal-pass average | stress_weighted_rate=0.221 is +1.2 SD from normal-pass average,True,Medium,Lot-Relative Drift,13.353,10.783,0.9959999999999996,2.5700000000000003,0.16
CMP03064,B1024,Diode_Zener,2026-01-03,2026-01-15,96.2,4.84,4.37,4.563,50.0,B1024,4.37,4.563,96.2,4.84,High,0.2209,PASS,9.63,6.17,9.37,0.03519,OK,temp_deviation_from_85=11.200 is +1.9 SD from normal-pass average | stress_weighted_rate=0.039 is -1.4 SD from normal-pass average | rate_0_24=0.008 is -1.3 SD from normal-pass average,False,None,Normal,9.63,7.097,0.19299999999999962,2.5330000000000004,-1.17
CMP03040,B1002,IC_Analog,2026-04-27,2026-05-05,94.9,6.04,10.746,11.213,50.0,B1002,10.746,11.213,94.9,6.04,High,0.2752,PASS,14.977,12.11,14.14,0.02614,OK,temp_deviation_from_85=9.900 is +1.7 SD from normal-pass average | rate_0_24=0.019 is -0.4 SD from normal-pass average | pct_change_24_0=0.043 is -0.4 SD from normal-pass average,False,None,Normal,14.977,13.095,0.46699999999999875,1.8819999999999997,-0.8
CMP01571,B1034,IC_Analog,2026-01-29,2026-02-01,92.1,5.62,8.893,8.981,50.0,B1034,8.893,8.981,92.1,5.62,High,0.3308,PASS,15.008,10.41,16.04,0.04186,OK,rate_0_24=0.004 is -1.7 SD from normal-pass average | stress_weighted_rate=0.021 is -1.6 SD from normal-pass average | temp_deviation_from_85=7.100 is +1.2 SD from normal-pass average,False,None,Normal,15.008,11.994,0.08799999999999919,3.0139999999999993,-0.43
CMP00946,B1049,Diode_Zener,2026-03-15,2026-03-19,88.4,5.66,4.232,4.921,50.0,B1049,4.232,4.921,88.4,5.66,Medium,0.3329,PASS,8.624,6.18,10.92,0.02572,OK,temp_deviation_from_85=3.400 is +0.6 SD from normal-pass average | pct_change_24_0=0.163 is +0.4 SD from normal-pass average | stress_weighted_rate=0.162 is +0.4 SD from normal-pass average,False,None,Normal,8.624,6.773,0.6890000000000001,1.8510000000000009,-0.42
CMP04715,B1033,IC_Analog,2026-04-04,2026-04-07,86.8,6.51,12.058,13.061,50.0,B1033,12.058,13.061,86.8,6.51,Medium,0.5461,REJECT,21.2,14.19,30.23,0.05652,OK,stress_weighted_rate=0.272 is +1.9 SD from normal-pass average | rate_0_24=0.042 is +1.4 SD from normal-pass average | temp_deviation_from_85=1.800 is +0.3 SD from normal-pass average,True,High,Lot-Relative Drift,21.2,17.13,1.0030000000000001,4.07,1.0
CMP03282,B1023,IC_Analog,2026-05-31,2026-06-08,87.1,5.97,7.051,8.643,50.0,B1023,7.051,8.643,87.1,5.97,Medium,0.9612,REJECT,21.668,11.12,29.17,0.09045,EARLY_REJECT,stress_weighted_rate=0.396 is +3.7 SD from normal-pass average | rate_0_24=0.066 is +3.3 SD from normal-pass average | pct_change_24_0=0.226 is +0.8 SD from normal-pass average,True,Critical,Accelerating Drift,21.668,15.156,1.5920000000000005,6.511999999999999,3.77
CMP02701,B1002,Resistor_Precision,2026-07-19,2026-07-23,82.0,5.25,3.545,4.071,50.0,B1002,3.545,4.071,82.0,5.25,Medium,0.3197,PASS,6.6,5.4,6.98,0.01756,OK,temp_deviation_from_85=-3.000 is -0.5 SD from normal-pass average | pct_change_24_0=0.148 is +0.3 SD from normal-pass average | stress_weighted_rate=0.115 is -0.3 SD from normal-pass average,False,None,Normal,6.6,5.336,0.5259999999999998,1.2639999999999993,-0.51
CMP01051,B1039,Resistor_Precision,2026-05-18,2026-05-23,79.0,5.42,3.791,4.804,50.0,B1039,3.791,4.804,79.0,5.42,Low,0.5388,REJECT,10.008,6.2,14.29,0.03614,OK,rate_0_24=0.042 is +1.4 SD from normal-pass average | stress_weighted_rate=0.229 is +1.3 SD from normal-pass average | pct_change_24_0=0.267 is +1.1 SD from normal-pass average,True,High,Lot-Relative Drift,10.008,7.406,1.0130000000000003,2.6019999999999994,0.95
CMP03967,B1011,IC_Digital,2026-01-18,2026-01-29,96.2,5.21,6.124,6.989,50.0,B1011,6.124,6.989,96.2,5.21,High,0.4196,REJECT,12.09,8.41,21.59,0.03542,OK,temp_deviation_from_85=11.200 is +1.9 SD from normal-pass average | rate_0_24=0.036 is +0.9 SD from normal-pass average | stress_weighted_rate=0.188 is +0.7 SD from normal-pass average,True,Medium,Lot-Relative Drift,12.09,9.54,0.8650000000000002,2.5500000000000007,0.16
CMP05576,B1018,Tantalum_Capacitor,2026-03-10,2026-03-16,86.1,5.06,8.756,8.743,50.0,B1018,8.756,8.743,86.1,5.06,Medium,0.3969,REJECT,13.605,9.88,16.88,0.03376,OK,rate_0_24=-0.001 is -2.0 SD from normal-pass average | stress_weighted_rate=-0.003 is -2.0 SD from normal-pass average | pct_change_24_0=-0.001 is -0.7 SD from normal-pass average,True,Medium,Lot-Relative Drift,13.605,11.174,-0.0129999999999999,2.431000000000001,0.01
CMP02067,B1009,Diode_Zener,2026-01-23,2026-02-06,84.7,5.71,5.224,6.097,50.0,B1009,5.224,6.097,84.7,5.71,Medium,0.463,REJECT,11.243,7.28,26.3,0.03573,OK,stress_weighted_rate=0.208 is +1.0 SD from normal-pass average | rate_0_24=0.036 is +0.9 SD from normal-pass average | pct_change_24_0=0.167 is +0.5 SD from normal-pass average,True,Medium,Lot-Relative Drift,11.243,8.67,0.8730000000000002,2.5730000000000004,0.45
CMP05399,B1040,MOSFET,2026-06-15,2026-06-20,89.6,5.29,5.319,5.726,50.0,B1040,5.319,5.726,89.6,5.29,Medium,0.3065,PASS,9.247,6.88,9.8,0.02445,OK,temp_deviation_from_85=4.600 is +0.8 SD from normal-pass average | stress_weighted_rate=0.090 is -0.7 SD from normal-pass average | rate_0_24=0.017 is -0.6 SD from normal-pass average,False,None,Normal,9.247,7.486,0.40700000000000003,1.7610000000000001,-0.59
CMP04156,B1025,Relay_Electromech,2026-03-04,2026-03-10,77.9,5.9,17.512,17.663,50.0,B1025,17.512,17.663,77.9,5.9,Low,0.2954,PASS,20.717,19.58,26.01,0.0212,OK,rate_0_24=0.006 is -1.5 SD from normal-pass average | stress_weighted_rate=0.037 is -1.4 SD from normal-pass average | temp_deviation_from_85=-7.100 is -1.2 SD from normal-pass average,False,None,Normal,20.717,19.19,0.1509999999999998,1.5269999999999975,-0.67
CMP01228,B1023,Relay_Electromech,2026-06-04,2026-06-09,94.9,6.31,11.3,12.102,50.0,B1023,11.3,12.102,94.9,6.31,High,0.4116,REJECT,15.822,13.28,18.13,0.02584,OK,temp_deviation_from_85=9.900 is +1.7 SD from normal-pass average | stress_weighted_rate=0.211 is +1.1 SD from normal-pass average | rate_0_24=0.033 is +0.7 SD from normal-pass average,True,Medium,Lot-Relative Drift,15.822,13.962,0.8019999999999996,1.8599999999999994,0.11
CMP01991,B1007,IC_Analog,2026-07-04,2026-07-09,83.3,5.38,14.319,15.215,50.0,B1007,14.319,15.215,83.3,5.38,Medium,0.4035,REJECT,18.789,16.29,25.56,0.02482,OK,rate_0_24=0.037 is +1.0 SD from normal-pass average | stress_weighted_rate=0.201 is +0.9 SD from normal-pass average | temp_deviation_from_85=-1.700 is -0.3 SD from normal-pass average,True,Medium,Lot-Relative Drift,18.789,17.002,0.895999999999999,1.7870000000000026,0.05
CMP03135,B1006,IC_Digital,2026-02-18,2026-02-21,78.3,6.4,12.77,13.308,50.0,B1006,12.77,13.308,78.3,6.4,Low,0.3026,PASS,16.876,14.19,31.67,0.02478,OK,temp_deviation_from_85=-6.700 is -1.1 SD from normal-pass average | pct_change_24_0=0.042 is -0.4 SD from normal-pass average | rate_0_24=0.022 is -0.2 SD from normal-pass average,False,None,Normal,16.876,15.092,0.5380000000000003,1.7840000000000007,-0.62
CMP01186,B1048,Tantalum_Capacitor,2026-06-29,2026-07-03,81.5,5.45,11.716,12.596,50.0,B1048,11.716,12.596,81.5,5.45,Medium,0.6143,REJECT,15.868,13.88,26.09,0.02272,OK,rate_0_24=0.037 is +0.9 SD from normal-pass average | stress_weighted_rate=0.200 is +0.9 SD from normal-pass average | temp_deviation_from_85=-3.500 is -0.6 SD from normal-pass average,True,High,Lot-Relative Drift,15.868,14.232,0.8800000000000008,1.636000000000001,1.46
CMP05938,B1009,MOSFET,2026-03-21,2026-03-31,90.3,5.22,4.408,4.685,50.0,B1009,4.408,4.685,90.3,5.22,High,0.2618,PASS,8.764,6.19,8.59,0.02833,OK,stress_weighted_rate=0.060 is -1.1 SD from normal-pass average | rate_0_24=0.012 is -1.0 SD from normal-pass average | temp_deviation_from_85=5.300 is +0.9 SD from normal-pass average,False,None,Normal,8.764,6.724,0.27699999999999925,2.039999999999999,-0.89
CMP02663,B1021,Diode_Zener,2026-02-25,2026-03-09,89.8,5.63,4.809,5.234,50.0,B1021,4.809,5.234,89.8,5.63,Medium,0.2445,PASS,8.539,6.3,11.24,0.02295,OK,temp_deviation_from_85=4.800 is +0.8 SD from normal-pass average | rate_0_24=0.018 is -0.6 SD from normal-pass average | stress_weighted_rate=0.100 is -0.5 SD from normal-pass average,False,None,Normal,8.539,6.886,0.4249999999999998,1.6529999999999996,-1.01
CMP05541,B1019,IC_Analog,2026-02-23,2026-03-09,79.7,5.16,8.125,8.908,50.0,B1019,8.125,8.908,79.7,5.16,Low,0.3604,PASS,13.513,10.47,19.14,0.03198,OK,temp_deviation_from_85=-5.300 is -0.9 SD from normal-pass average | rate_0_24=0.033 is +0.6 SD from normal-pass average | stress_weighted_rate=0.168 is +0.5 SD from normal-pass average,False,None,Normal,13.513,11.21,0.7829999999999995,2.302999999999999,-0.24
CMP05924,B1016,Relay_Electromech,2026-03-25,2026-04-06,89.6,5.14,9.165,9.925,50.0,B1016,9.165,9.925,89.6,5.14,Medium,0.4073,REJECT,15.046,11.06,22.1,0.03556,OK,temp_deviation_from_85=4.600 is +0.8 SD from normal-pass average | rate_0_24=0.032 is +0.5 SD from normal-pass average | stress_weighted_rate=0.163 is +0.4 SD from normal-pass average,True,Medium,Lot-Relative Drift,15.046,12.486,0.7600000000000016,2.5599999999999987,0.08
CMP03369,B1018,Diode_Zener,2026-05-31,2026-06-03,83.7,5.33,7.821,8.288,50.0,B1018,7.821,8.288,83.7,5.33,Medium,0.2951,PASS,12.49,9.25,16.88,0.02918,OK,stress_weighted_rate=0.104 is -0.5 SD from normal-pass average | rate_0_24=0.019 is -0.4 SD from normal-pass average | pct_change_24_0=0.060 is -0.3 SD from normal-pass average,False,None,Normal,12.49,10.389,0.4670000000000005,2.101000000000001,-0.67
CMP03768,B1047,IC_Digital,2026-03-30,2026-04-02,86.0,5.48,5.571,6.05,50.0,B1047,5.571,6.05,86.0,5.48,Medium,0.4288,REJECT,10.588,7.18,13.77,0.03151,OK,stress_weighted_rate=0.109 is -0.4 SD from normal-pass average | rate_0_24=0.020 is -0.4 SD from normal-pass average | temp_deviation_from_85=1.000 is +0.2 SD from normal-pass average,True,Medium,Lot-Relative Drift,10.588,8.319,0.4790000000000001,2.2689999999999984,0.22
CMP05110,B1012,MOSFET,2026-01-06,2026-01-14,90.4,4.57,6.737,7.471,50.0,B1012,6.737,7.471,90.4,4.57,High,0.3551,PASS,11.796,8.68,16.82,0.03004,OK,temp_deviation_from_85=5.400 is +0.9 SD from normal-pass average | rate_0_24=0.031 is +0.5 SD from normal-pass average | Chamber_Temperature_C_was_missing=0.000 is -0.1 SD from normal-pass average,False,None,Normal,11.796,9.634,0.734,2.161999999999999,-0.27
CMP00122,B1033,IC_Analog,2026-05-23,2026-06-04,88.9,5.39,8.212,8.814,50.0,B1033,8.212,8.814,88.9,5.39,Medium,0.3337,PASS,12.927,10.29,17.21,0.02856,OK,temp_deviation_from_85=3.900 is +0.7 SD from normal-pass average | pct_change_24_0=0.073 is -0.2 SD from normal-pass average | Chamber_Temperature_C_was_missing=0.000 is -0.1 SD from normal-pass average,False,None,Normal,12.927,10.87,0.6020000000000003,2.0570000000000004,-0.41
CMP04576,B1032,Diode_Zener,2026-06-16,2026-06-26,101.9,5.29,7.086,7.642,50.0,B1032,7.086,7.642,101.9,5.29,High,0.1902,PASS,12.198,9.06,17.45,0.03164,OK,temp_deviation_from_85=16.900 is +2.8 SD from normal-pass average | stress_weighted_rate=0.123 is -0.2 SD from normal-pass average | pct_change_24_0=0.078 is -0.1 SD from normal-pass average,False,None,Normal,12.198,9.92,0.556,2.2780000000000005,-1.37
CMP02993,B1026,IC_Digital,2026-04-09,2026-04-19,74.9,5.34,12.933,13.239,50.0,B1026,12.933,13.239,74.9,5.34,Low,0.2826,PASS,17.931,14.13,31.6,0.03259,OK,temp_deviation_from_85=-10.100 is -1.7 SD from normal-pass average | stress_weighted_rate=0.068 is -1.0 SD from normal-pass average | rate_0_24=0.013 is -1.0 SD from normal-pass average,False,None,Normal,17.931,15.585,0.30600000000000094,2.346,-0.75
CMP01590,B1023,Transistor_BJT,2026-04-03,2026-04-15,88.2,5.14,5.507,6.139,50.0,B1023,5.507,6.139,88.2,5.14,Medium,0.3577,PASS,9.838,7.28,11.12,0.02569,OK,temp_deviation_from_85=3.200 is +0.5 SD from normal-pass average | Chamber_Temperature_C_was_missing=0.000 is -0.1 SD from normal-pass average | Value_0h_was_missing=0.000 is -0.1 SD from normal-pass average,False,None,Normal,9.838,7.988,0.6320000000000006,1.8499999999999988,-0.25
CMP04301,B1041,Transistor_BJT,2026-03-24,2026-04-02,92.8,6.08,7.467,7.94,50.0,B1041,7.467,7.94,92.8,6.08,High,0.2979,PASS,12.226,8.62,15.42,0.02976,OK,temp_deviation_from_85=7.800 is +1.3 SD from normal-pass average | rate_0_24=0.020 is -0.4 SD from normal-pass average | stress_weighted_rate=0.120 is -0.2 SD from normal-pass average,False,None,Normal,12.226,10.083,0.47300000000000075,2.1430000000000007,-0.65
CMP02648,B1006,Transistor_BJT,2026-04-15,2026-04-19,98.4,5.14,6.555,7.329,50.0,B1006,6.555,7.329,98.4,5.14,High,0.3403,PASS,11.406,8.38,14.18,0.02831,OK,temp_deviation_from_85=13.400 is +2.3 SD from normal-pass average | rate_0_24=0.032 is +0.6 SD from normal-pass average | stress_weighted_rate=0.166 is +0.4 SD from normal-pass average,False,None,Normal,11.406,9.368,0.774,2.0380000000000003,-0.37
CMP01166,B1042,Resistor_Precision,2026-04-23,2026-05-02,88.7,6.19,2.275,2.488,50.0,B1042,2.275,2.488,88.7,6.19,Medium,0.248,PASS,8.24,3.8,5.29,0.03995,OK,rate_0_24=0.009 is -1.3 SD from normal-pass average | stress_weighted_rate=0.055 is -1.2 SD from normal-pass average | temp_deviation_from_85=3.700 is +0.6 SD from normal-pass average,False,None,Normal,8.24,5.364,0.21300000000000008,2.8760000000000003,-0.99
CMP05873,B1036,IC_Analog,2026-03-12,2026-03-25,86.9,5.66,11.374,12.238,50.0,B1036,11.374,12.238,86.9,5.66,Medium,0.3985,REJECT,15.632,13.02,22.97,0.02357,OK,stress_weighted_rate=0.204 is +1.0 SD from normal-pass average | rate_0_24=0.036 is +0.9 SD from normal-pass average | temp_deviation_from_85=1.900 is +0.3 SD from normal-pass average,True,Medium,Lot-Relative Drift,15.632,13.935,0.863999999999999,1.6969999999999992,0.02
CMP01229,B1014,IC_Digital,2026-03-13,2026-03-17,79.7,5.31,7.088,7.435,50.0,B1014,7.088,7.435,79.7,5.31,Low,0.3868,PASS,11.769,8.57,15.53,0.03009,OK,temp_deviation_from_85=-5.300 is -0.9 SD from normal-pass average | stress_weighted_rate=0.077 is -0.8 SD from normal-pass average | rate_0_24=0.014 is -0.8 SD from normal-pass average,False,None,Normal,11.769,9.602,0.34699999999999953,2.167,-0.06
CMP04465,B1012,MOSFET,2026-04-07,2026-04-19,89.2,5.73,6.499,7.083,50.0,B1012,6.499,7.083,89.2,5.73,Medium,0.3081,PASS,10.144,8.37,9.77,0.02125,OK,temp_deviation_from_85=4.200 is +0.7 SD from normal-pass average | Chamber_Temperature_C_was_missing=0.000 is -0.1 SD from normal-pass average | Value_0h_was_missing=0.000 is -0.1 SD from normal-pass average,False,None,Normal,10.144,8.614,0.5840000000000005,1.5299999999999994,-0.58
CMP01530,B1029,Relay_Electromech,2026-05-14,2026-05-27,82.0,6.34,,10.5,50.0,B1029,,10.5,82.0,6.34,Medium,0.3816,PASS,15.197,11.72,18.54,0.03262,OK,Value_0h_was_missing=1.000 is +7.9 SD from normal-pass average | temp_deviation_from_85=-3.000 is -0.5 SD from normal-pass average | Chamber_Temperature_C_was_missing=0.000 is -0.1 SD from normal-pass average,False,None,Normal,15.197,12.848,,2.3489999999999984,-0.09
CMP03940,B1045,Tantalum_Capacitor,2026-04-08,2026-04-19,93.6,4.95,10.002,10.57,50.0,B1045,10.002,10.57,93.6,4.95,High,0.3255,PASS,15.742,11.83,14.76,0.03592,OK,temp_deviation_from_85=8.600 is +1.4 SD from normal-pass average | pct_change_24_0=0.057 is -0.3 SD from normal-pass average | stress_weighted_rate=0.117 is -0.3 SD from normal-pass average,False,None,Normal,15.742,13.156,0.5679999999999996,2.5860000000000003,-0.47
CMP05243,B1031,Tantalum_Capacitor,2026-05-09,2026-05-14,73.3,5.29,11.697,11.702,50.0,B1031,11.697,11.702,73.3,5.29,Low,0.3664,PASS,18.91,13.15,19.27,0.05005,OK,temp_deviation_from_85=-11.700 is -2.0 SD from normal-pass average | rate_0_24=0.000 is -1.9 SD from normal-pass average | stress_weighted_rate=0.001 is -1.9 SD from normal-pass average,False,None,Normal,18.91,15.306,0.005000000000000782,3.604000000000001,-0.2
CMP04180,B1041,Tantalum_Capacitor,2026-04-02,2026-04-12,71.3,6.09,5.86,6.354,50.0,B1041,5.86,6.354,71.3,6.09,Low,0.3573,PASS,10.149,7.31,7.31,0.02636,OK,temp_deviation_from_85=-13.700 is -2.3 SD from normal-pass average | rate_0_24=0.021 is -0.3 SD from normal-pass average | stress_weighted_rate=0.125 is -0.2 SD from normal-pass average,False,None,Normal,10.149,8.252,0.4939999999999998,1.8969999999999985,-0.26
CMP05265,B1032,Tantalum_Capacitor,2026-02-18,2026-02-27,76.2,4.97,13.316,13.726,50.0,B1032,13.316,13.726,76.2,4.97,Low,0.2841,PASS,17.273,14.54,18.46,0.02463,OK,temp_deviation_from_85=-8.800 is -1.5 SD from normal-pass average | stress_weighted_rate=0.085 is -0.7 SD from normal-pass average | rate_0_24=0.017 is -0.6 SD from normal-pass average,False,None,Normal,17.273,15.5,0.41000000000000014,1.7729999999999997,-0.74
CMP01415,B1019,Transistor_BJT,2026-04-30,2026-05-13,86.9,5.69,5.307,5.734,50.0,B1019,5.307,5.734,86.9,5.69,Medium,0.3103,PASS,9.095,6.88,9.43,0.02334,OK,rate_0_24=0.018 is -0.6 SD from normal-pass average | stress_weighted_rate=0.101 is -0.5 SD from normal-pass average | temp_deviation_from_85=1.900 is +0.3 SD from normal-pass average,False,None,Normal,9.095,7.414,0.4269999999999996,1.681000000000001,-0.57
CMP04441,B1033,IC_Analog,2026-04-05,2026-04-09,81.6,5.12,13.561,13.799,50.0,B1033,13.561,13.799,81.6,5.12,Medium,0.2957,PASS,17.52,14.65,22.72,0.02584,OK,stress_weighted_rate=0.051 is -1.2 SD from normal-pass average | rate_0_24=0.010 is -1.2 SD from normal-pass average | temp_deviation_from_85=-3.400 is -0.6 SD from normal-pass average,False,None,Normal,17.52,15.66,0.23799999999999955,1.8599999999999994,-0.67
CMP02543,B1005,IC_Analog,2026-06-15,2026-06-28,85.1,5.28,8.208,8.689,50.0,B1005,8.208,8.689,85.1,5.28,Medium,0.288,PASS,12.609,10.06,18.75,0.02722,OK,stress_weighted_rate=0.106 is -0.4 SD from normal-pass average | rate_0_24=0.020 is -0.4 SD from normal-pass average | pct_change_24_0=0.059 is -0.3 SD from normal-pass average,False,None,Normal,12.609,10.649,0.48099999999999987,1.9600000000000009,-0.72
CMP00608,B1007,IC_Digital,2026-05-18,2026-05-27,77.0,5.79,7.894,8.843,50.0,B1007,7.894,8.843,77.0,5.79,Low,0.447,REJECT,13.147,10.23,17.72,0.02989,OK,temp_deviation_from_85=-8.000 is -1.3 SD from normal-pass average | stress_weighted_rate=0.229 is +1.3 SD from normal-pass average | rate_0_24=0.040 is +1.2 SD from normal-pass average,True,Medium,Lot-Relative Drift,13.147,10.995,0.9489999999999998,2.152000000000001,0.34
CMP01433,B1005,IC_Digital,2026-01-25,2026-01-31,89.1,5.22,7.894,,50.0,B1005,7.894,,89.1,5.22,Medium,0.5172,REJECT,15.135,9.22,21.76,,OK,Value_24h_was_missing=1.000 is +8.9 SD from normal-pass average | temp_deviation_from_85=4.100 is +0.7 SD from normal-pass average | Chamber_Temperature_C_was_missing=0.000 is -0.1 SD from normal-pass average,True,High,Lot-Relative Drift,15.135,,,,0.81
CMP04861,B1040,Tantalum_Capacitor,2026-01-05,2026-01-10,81.2,5.2,12.248,13.056,50.0,B1040,12.248,13.056,81.2,5.2,Medium,0.4709,REJECT,18.394,14.41,25.18,0.03707,OK,rate_0_24=0.034 is +0.7 SD from normal-pass average | temp_deviation_from_85=-3.800 is -0.6 SD from normal-pass average | stress_weighted_rate=0.175 is +0.5 SD from normal-pass average,True,Medium,Lot-Relative Drift,18.394,15.725,0.8079999999999998,2.6689999999999987,0.5
CMP02685,B1030,IC_Digital,2026-01-18,2026-01-29,80.3,5.33,10.241,10.981,50.0,B1030,10.241,10.981,80.3,5.33,Medium,0.4634,REJECT,16.167,12.17,21.18,0.03601,OK,temp_deviation_from_85=-4.700 is -0.8 SD from normal-pass average | rate_0_24=0.031 is +0.5 SD from normal-pass average | stress_weighted_rate=0.164 is +0.4 SD from normal-pass average,True,Medium,Lot-Relative Drift,16.167,13.574,0.7400000000000002,2.5930000000000017,0.45
CMP02385,B1036,Diode_Zener,2026-07-13,2026-07-20,97.2,5.87,3.106,3.235,50.0,B1036,3.106,3.235,97.2,5.87,High,0.2321,PASS,6.652,4.7,10.69,0.02373,OK,temp_deviation_from_85=12.200 is +2.0 SD from normal-pass average | rate_0_24=0.005 is -1.5 SD from normal-pass average | stress_weighted_rate=0.032 is -1.5 SD from normal-pass average,False,None,Normal,6.652,4.944,0.129,1.7080000000000002,-1.09
CMP02345,B1013,Relay_Electromech,2026-04-19,2026-04-28,86.1,5.66,14.115,14.664,50.0,B1013,14.115,14.664,86.1,5.66,Medium,0.3121,PASS,17.852,15.61,17.95,0.02214,OK,pct_change_24_0=0.039 is -0.4 SD from normal-pass average | temp_deviation_from_85=1.100 is +0.2 SD from normal-pass average | rate_0_24=0.023 is -0.1 SD from normal-pass average,False,None,Normal,17.852,16.258,0.5489999999999995,1.5940000000000012,-0.56
CMP03860,B1025,IC_Analog,2026-05-12,2026-05-19,99.6,5.62,8.229,13.189,50.0,B1025,8.229,13.189,99.6,5.62,High,0.8814,REJECT,23.647,17.76,29.54,0.07262,EARLY_REJECT,stress_weighted_rate=1.161 is +14.5 SD from normal-pass average | rate_0_24=0.207 is +14.4 SD from normal-pass average | pct_change_24_0=0.603 is +3.3 SD from normal-pass average,True,Critical,Accelerating Drift,23.647,18.418,4.960000000000001,5.228999999999999,3.24
CMP01328,B1027,Transistor_BJT,2026-07-03,2026-07-09,79.9,5.4,9.352,14.007,50.0,B1027,9.352,14.007,79.9,5.4,Low,0.9794,REJECT,20.945,15.77,23.98,0.04818,OK,rate_0_24=0.194 is +13.4 SD from normal-pass average | stress_weighted_rate=1.047 is +12.9 SD from normal-pass average | pct_change_24_0=0.498 is +2.6 SD from normal-pass average,True,Critical,Severe Latent Degradation,20.945,17.476,4.654999999999999,3.469000000000001,3.89
CMP03715,B1004,Resistor_Precision,2026-03-18,2026-03-22,91.1,4.75,3.397,3.741,50.0,B1004,3.397,3.741,91.1,4.75,High,0.2342,PASS,6.283,5.22,5.93,0.01765,OK,temp_deviation_from_85=6.100 is +1.0 SD from normal-pass average | stress_weighted_rate=0.068 is -1.0 SD from normal-pass average | rate_0_24=0.014 is -0.8 SD from normal-pass average,False,None,Normal,6.283,5.012,0.3440000000000003,1.2710000000000008,-1.08
CMP03963,B1015,Resistor_Precision,2026-04-20,2026-04-24,84.2,5.83,4.274,5.746,50.0,B1015,4.274,5.746,84.2,5.83,Medium,0.9378,REJECT,22.934,7.24,32.11,0.11936,EARLY_REJECT,stress_weighted_rate=0.358 is +3.1 SD from normal-pass average | rate_0_24=0.061 is +2.9 SD from normal-pass average | pct_change_24_0=0.344 is +1.6 SD from normal-pass average,True,Critical,Accelerating Drift,22.934,14.34,1.4720000000000004,8.594000000000001,3.61
CMP00119,B1012,Transistor_BJT,2026-03-14,2026-03-21,93.7,5.32,7.698,8.105,50.0,B1012,7.698,8.105,93.7,5.32,High,0.285,PASS,12.16,9.6,14.54,0.02816,OK,temp_deviation_from_85=8.700 is +1.5 SD from normal-pass average | stress_weighted_rate=0.090 is -0.7 SD from normal-pass average | rate_0_24=0.017 is -0.6 SD from normal-pass average,False,None,Normal,12.16,10.132,0.40700000000000003,2.0280000000000005,-0.74
CMP04671,B1024,Relay_Electromech,2026-03-20,2026-04-02,91.5,5.77,11.414,11.866,50.0,B1024,11.414,11.866,91.5,5.77,High,0.2937,PASS,15.689,13.13,16.32,0.02655,OK,temp_deviation_from_85=6.500 is +1.1 SD from normal-pass average | rate_0_24=0.019 is -0.5 SD from normal-pass average | stress_weighted_rate=0.109 is -0.4 SD from normal-pass average,False,None,Normal,15.689,13.778,0.45199999999999996,1.9109999999999996,-0.68
CMP04515,B1005,Resistor_Precision,2026-01-21,2026-01-24,89.0,6.04,5.349,5.583,50.0,B1005,5.349,5.583,89.0,6.04,Medium,0.2797,PASS,8.914,6.69,11.4,0.02313,OK,rate_0_24=0.010 is -1.2 SD from normal-pass average | stress_weighted_rate=0.059 is -1.1 SD from normal-pass average | temp_deviation_from_85=4.000 is +0.7 SD from normal-pass average,False,None,Normal,8.914,7.248,0.23399999999999999,1.6659999999999995,-0.77
CMP05902,B1013,IC_Digital,2026-02-17,2026-02-28,90.8,5.03,8.155,8.873,50.0,B1013,8.155,8.873,90.8,5.03,High,0.4152,REJECT,13.22,10.04,17.1,0.03019,OK,temp_deviation_from_85=5.800 is +1.0 SD from normal-pass average | rate_0_24=0.030 is +0.4 SD from normal-pass average | stress_weighted_rate=0.150 is +0.2 SD from normal-pass average,True,Medium,Lot-Relative Drift,13.22,11.046,0.718,2.1740000000000013,0.13
CMP03239,B1012,MOSFET,2026-07-18,2026-07-27,79.4,5.09,5.624,5.944,50.0,B1012,5.624,5.944,79.4,5.09,Low,0.2853,PASS,9.409,6.88,20.04,0.02406,OK,stress_weighted_rate=0.068 is -1.0 SD from normal-pass average | temp_deviation_from_85=-5.600 is -0.9 SD from normal-pass average | rate_0_24=0.013 is -0.9 SD from normal-pass average,False,None,Normal,9.409,7.677,0.3200000000000003,1.732000000000001,-0.74
CMP02203,B1048,IC_Analog,2026-05-09,2026-05-14,83.7,5.85,12.617,13.172,50.0,B1048,12.617,13.172,83.7,5.85,Medium,0.2938,PASS,16.854,14.06,17.72,0.02557,OK,pct_change_24_0=0.044 is -0.4 SD from normal-pass average | temp_deviation_from_85=-1.300 is -0.2 SD from normal-pass average | Chamber_Temperature_C_was_missing=0.000 is -0.1 SD from normal-pass average,False,None,Normal,16.854,15.013,0.5549999999999997,1.8409999999999993,-0.68
CMP03869,B1011,IC_Digital,2026-05-31,2026-06-12,76.7,5.46,5.155,5.509,50.0,B1011,5.155,5.509,76.7,5.46,Low,0.2999,PASS,9.059,6.88,7.46,0.02466,OK,temp_deviation_from_85=-8.300 is -1.4 SD from normal-pass average | rate_0_24=0.015 is -0.8 SD from normal-pass average | stress_weighted_rate=0.081 is -0.8 SD from normal-pass average,False,None,Normal,9.059,7.284,0.3540000000000001,1.7749999999999995,-0.64
CMP02758,B1030,Tantalum_Capacitor,2026-07-07,2026-07-16,89.1,5.78,12.542,13.544,50.0,B1030,12.542,13.544,89.1,5.78,Medium,0.5224,REJECT,19.75,14.72,30.81,0.0431,OK,stress_weighted_rate=0.241 is +1.5 SD from normal-pass average | rate_0_24=0.042 is +1.3 SD from normal-pass average | temp_deviation_from_85=4.100 is +0.7 SD from normal-pass average,True,High,Lot-Relative Drift,19.75,16.647,1.0020000000000007,3.1030000000000015,0.84
CMP05540,B1023,Relay_Electromech,2026-04-18,2026-04-23,97.9,6.04,11.636,12.243,50.0,B1023,11.636,12.243,97.9,6.04,High,0.3965,REJECT,17.806,13.32,22.18,0.03863,OK,temp_deviation_from_85=12.900 is +2.2 SD from normal-pass average | pct_change_24_0=0.052 is -0.3 SD from normal-pass average | stress_weighted_rate=0.153 is +0.2 SD from normal-pass average,True,Medium,Lot-Relative Drift,17.806,15.024,0.6070000000000011,2.782000000000002,0.0
CMP03042,B1008,IC_Digital,2026-03-15,2026-03-23,85.2,5.52,9.484,10.104,50.0,B1008,9.484,10.104,85.2,5.52,Medium,0.4504,REJECT,14.164,11.43,15.58,0.02819,OK,pct_change_24_0=0.065 is -0.2 SD from normal-pass average | Chamber_Temperature_C_was_missing=0.000 is -0.1 SD from normal-pass average | Value_0h_was_missing=0.000 is -0.1 SD from normal-pass average,True,Medium,Lot-Relative Drift,14.164,12.134,0.6199999999999992,2.0299999999999994,0.36
CMP03700,B1030,Resistor_Precision,2026-02-26,2026-03-07,82.8,4.61,3.503,4.079,50.0,B1030,3.503,4.079,82.8,4.61,Medium,0.2905,PASS,9.266,5.3,15.71,0.03602,OK,pct_change_24_0=0.164 is +0.4 SD from normal-pass average | temp_deviation_from_85=-2.200 is -0.4 SD from normal-pass average | stress_weighted_rate=0.111 is -0.4 SD from normal-pass average,False,None,Normal,9.266,6.672,0.5759999999999996,2.5940000000000003,-0.7
CMP02755,B1038,Resistor_Precision,2026-04-17,2026-04-28,73.3,5.73,6.11,6.955,50.0,B1038,6.11,6.955,73.3,5.73,Low,0.4679,REJECT,11.196,8.51,20.39,0.02945,OK,temp_deviation_from_85=-11.700 is -2.0 SD from normal-pass average | stress_weighted_rate=0.202 is +0.9 SD from normal-pass average | rate_0_24=0.035 is +0.8 SD from normal-pass average,True,Medium,Lot-Relative Drift,11.196,9.076,0.8449999999999998,2.119999999999999,0.48
CMP01713,B1048,IC_Digital,2026-02-17,2026-02-20,92.3,5.61,9.109,9.292,50.0,B1048,9.109,9.292,92.3,5.61,High,0.3547,PASS,13.531,10.26,18.41,0.02944,OK,rate_0_24=0.008 is -1.4 SD from normal-pass average | stress_weighted_rate=0.043 is -1.3 SD from normal-pass average | temp_deviation_from_85=7.300 is +1.2 SD from normal-pass average,False,None,Normal,13.531,11.412,0.18299999999999983,2.1189999999999998,-0.27
CMP03393,B1040,IC_Analog,2026-02-14,2026-02-28,81.3,5.67,10.768,11.315,50.0,B1040,10.768,11.315,81.3,5.67,Medium,0.293,PASS,15.064,12.61,14.13,0.02604,OK,temp_deviation_from_85=-3.700 is -0.6 SD from normal-pass average | pct_change_24_0=0.051 is -0.3 SD from normal-pass average | rate_0_24=0.023 is -0.2 SD from normal-pass average,False,None,Normal,15.064,13.189,0.5469999999999988,1.875,-0.69
CMP00435,B1022,Diode_Zener,2026-02-11,2026-02-16,71.0,5.08,5.941,6.062,50.0,B1022,5.941,6.062,71.0,5.08,Low,0.2918,PASS,10.638,7.63,13.71,0.03177,OK,temp_deviation_from_85=-14.000 is -2.3 SD from normal-pass average | stress_weighted_rate=0.026 is -1.6 SD from normal-pass average | rate_0_24=0.005 is -1.6 SD from normal-pass average,False,None,Normal,10.638,8.35,0.12100000000000044,2.2880000000000003,-0.69
CMP04030,B1043,MOSFET,2026-06-19,2026-07-03,81.2,5.12,9.439,9.542,50.0,B1043,9.439,9.542,81.2,5.12,Medium,0.303,PASS,13.85,11.01,16.87,0.02992,OK,rate_0_24=0.004 is -1.6 SD from normal-pass average | stress_weighted_rate=0.022 is -1.6 SD from normal-pass average | temp_deviation_from_85=-3.800 is -0.6 SD from normal-pass average,False,None,Normal,13.85,11.696,0.10299999999999976,2.154,-0.62
CMP00782,B1020,IC_Digital,2026-05-12,2026-05-17,87.0,5.39,8.068,8.877,50.0,B1020,8.068,8.877,87.0,5.39,Medium,0.4353,REJECT,13.321,10.32,18.13,0.03086,OK,rate_0_24=0.034 is +0.7 SD from normal-pass average | stress_weighted_rate=0.182 is +0.6 SD from normal-pass average | temp_deviation_from_85=2.000 is +0.3 SD from normal-pass average,True,Medium,Lot-Relative Drift,13.321,11.099,0.809000000000001,2.2219999999999995,0.26
CMP01795,B1007,Tantalum_Capacitor,2026-05-03,2026-05-09,85.6,5.96,12.08,13.078,50.0,B1007,12.08,13.078,85.6,5.96,Medium,0.5085,REJECT,18.592,14.0,31.81,0.03829,OK,stress_weighted_rate=0.248 is +1.6 SD from normal-pass average | rate_0_24=0.042 is +1.3 SD from normal-pass average | Chamber_Temperature_C_was_missing=0.000 is -0.1 SD from normal-pass average,True,High,Lot-Relative Drift,18.592,15.835,0.9979999999999993,2.756999999999998,0.75
CMP01788,B1028,Transistor_BJT,2026-07-09,2026-07-15,86.8,5.27,3.64,4.369,50.0,B1028,3.64,4.369,86.8,5.27,Medium,0.3373,PASS,8.541,5.79,14.66,0.02898,OK,pct_change_24_0=0.200 is +0.7 SD from normal-pass average | rate_0_24=0.030 is +0.4 SD from normal-pass average | stress_weighted_rate=0.160 is +0.3 SD from normal-pass average,False,None,Normal,8.541,6.455,0.7289999999999996,2.0860000000000003,-0.39
CMP05736,B1033,IC_Analog,2026-06-07,2026-06-14,78.3,5.19,13.731,17.948,50.0,B1033,13.731,17.948,78.3,5.19,Low,0.9681,REJECT,22.848,20.95,23.67,0.03403,OK,rate_0_24=0.176 is +12.0 SD from normal-pass average | stress_weighted_rate=0.912 is +11.0 SD from normal-pass average | pct_change_24_0=0.307 is +1.4 SD from normal-pass average,True,Critical,Severe Latent Degradation,22.848,20.398,4.2170000000000005,2.4499999999999993,3.82
CMP05869,B1008,Diode_Zener,2026-05-24,2026-06-01,,5.77,,6.035,50.0,B1008,,6.035,,5.77,Low,0.3207,PASS,9.562,7.3,9.61,0.02449,OK,Value_0h_was_missing=1.000 is +7.9 SD from normal-pass average | Chamber_Temperature_C_was_missing=1.000 is +7.7 SD from normal-pass average | Value_24h_was_missing=0.000 is -0.1 SD from normal-pass average,False,None,Normal,9.562,7.798,,1.7639999999999993,-0.5
CMP03720,B1024,Transistor_BJT,2026-01-10,2026-01-13,75.9,4.91,6.058,6.869,50.0,B1024,6.058,6.869,75.9,4.91,Low,0.3822,PASS,10.466,8.35,13.46,0.02498,OK,temp_deviation_from_85=-9.100 is -1.5 SD from normal-pass average | rate_0_24=0.034 is +0.7 SD from normal-pass average | stress_weighted_rate=0.166 is +0.4 SD from normal-pass average,False,None,Normal,10.466,8.668,0.8109999999999999,1.798,-0.09
CMP03726,B1020,MOSFET,2026-02-03,2026-02-16,83.7,6.07,4.24,4.318,50.0,B1020,4.24,4.318,83.7,6.07,Medium,0.303,PASS,8.326,5.26,13.79,0.02783,OK,rate_0_24=0.003 is -1.7 SD from normal-pass average | stress_weighted_rate=0.020 is -1.7 SD from normal-pass average | pct_change_24_0=0.018 is -0.5 SD from normal-pass average,False,None,Normal,8.326,6.322,0.0779999999999994,2.0040000000000004,-0.62
CMP02378,B1043,Diode_Zener,2026-03-11,2026-03-23,79.5,4.5,4.481,4.753,50.0,B1043,4.481,4.753,79.5,4.5,Low,0.2508,PASS,8.372,6.3,25.67,0.02513,OK,stress_weighted_rate=0.051 is -1.2 SD from normal-pass average | rate_0_24=0.011 is -1.1 SD from normal-pass average | temp_deviation_from_85=-5.500 is -0.9 SD from normal-pass average,False,None,Normal,8.372,6.562,0.27200000000000024,1.8099999999999996,-0.97
CMP05610,B1009,Diode_Zener,2026-01-05,2026-01-16,83.9,5.79,6.618,7.336,50.0,B1009,6.618,7.336,83.9,5.79,Medium,0.3393,PASS,10.318,8.55,9.66,0.02071,OK,stress_weighted_rate=0.173 is +0.5 SD from normal-pass average | rate_0_24=0.030 is +0.4 SD from normal-pass average | temp_deviation_from_85=-1.100 is -0.2 SD from normal-pass average,False,None,Normal,10.318,8.827,0.718,1.4909999999999997,-0.38
CMP00552,B1030,Resistor_Precision,2026-04-22,2026-04-27,87.2,5.29,3.736,4.109,50.0,B1030,3.736,4.109,87.2,5.29,Medium,0.2373,PASS,6.654,5.08,7.75,0.01767,OK,stress_weighted_rate=0.082 is -0.8 SD from normal-pass average | rate_0_24=0.016 is -0.7 SD from normal-pass average | temp_deviation_from_85=2.200 is +0.4 SD from normal-pass average,False,None,Normal,6.654,5.382,0.3729999999999998,1.2720000000000002,-1.06
CMP03603,B1021,Transistor_BJT,2026-03-11,2026-03-23,73.3,5.17,6.626,7.692,50.0,B1021,6.626,7.692,73.3,5.17,Low,0.54,REJECT,12.675,8.84,29.48,0.0346,OK,temp_deviation_from_85=-11.700 is -2.0 SD from normal-pass average | rate_0_24=0.044 is +1.6 SD from normal-pass average | stress_weighted_rate=0.230 is +1.3 SD from normal-pass average,True,High,Lot-Relative Drift,12.675,10.184,1.0659999999999998,2.4910000000000014,0.96
CMP04220,B1011,Diode_Zener,2026-01-14,2026-01-17,87.1,5.05,2.193,2.791,50.0,B1011,2.193,2.791,87.1,5.05,Medium,0.2689,PASS,5.757,4.03,7.0,0.0206,OK,pct_change_24_0=0.273 is +1.2 SD from normal-pass average | temp_deviation_from_85=2.100 is +0.4 SD from normal-pass average | stress_weighted_rate=0.126 is -0.1 SD from normal-pass average,False,None,Normal,5.757,4.274,0.5979999999999999,1.4829999999999997,-0.85
CMP02049,B1018,Resistor_Precision,2026-04-19,2026-04-22,87.0,5.73,4.162,4.851,50.0,B1018,4.162,4.851,87.0,5.73,Medium,0.3314,PASS,8.726,6.04,10.9,0.02691,OK,pct_change_24_0=0.166 is +0.4 SD from normal-pass average | stress_weighted_rate=0.164 is +0.4 SD from normal-pass average | temp_deviation_from_85=2.000 is +0.3 SD from normal-pass average,False,None,Normal,8.726,6.789,0.6890000000000001,1.9370000000000012,-0.43
CMP03507,B1004,IC_Analog,2026-02-13,2026-02-27,78.6,5.33,10.894,11.406,50.0,B1004,10.894,11.406,78.6,5.33,Low,0.2929,PASS,14.955,12.84,13.68,0.02465,OK,temp_deviation_from_85=-6.400 is -1.1 SD from normal-pass average | pct_change_24_0=0.047 is -0.3 SD from normal-pass average | stress_weighted_rate=0.114 is -0.3 SD from normal-pass average,False,None,Normal,14.955,13.18,0.5120000000000005,1.7750000000000004,-0.69
CMP02353,B1024,MOSFET,2026-03-14,2026-03-27,87.1,5.23,6.369,7.153,50.0,B1024,6.369,7.153,87.1,5.23,Medium,0.3745,PASS,10.367,8.32,10.48,0.02232,OK,rate_0_24=0.033 is +0.6 SD from normal-pass average | stress_weighted_rate=0.171 is +0.5 SD from normal-pass average | temp_deviation_from_85=2.100 is +0.4 SD from normal-pass average,False,None,Normal,10.367,8.76,0.7839999999999998,1.607000000000001,-0.14
CMP01540,B1032,Transistor_BJT,2026-06-15,2026-06-21,75.1,5.62,11.893,15.72,50.0,B1032,11.893,15.72,75.1,5.62,Low,0.9131,REJECT,23.036,18.45,22.3,0.05081,OK,stress_weighted_rate=0.896 is +10.8 SD from normal-pass average | rate_0_24=0.159 is +10.7 SD from normal-pass average | temp_deviation_from_85=-9.900 is -1.7 SD from normal-pass average,True,Critical,Severe Latent Degradation,23.036,19.378,3.827,3.6580000000000013,3.45
CMP03764,B1047,Tantalum_Capacitor,2026-07-03,2026-07-09,73.4,5.55,7.277,7.687,50.0,B1047,7.277,7.687,73.4,5.55,Low,0.3085,PASS,11.938,9.1,14.09,0.02952,OK,temp_deviation_from_85=-11.600 is -1.9 SD from normal-pass average | rate_0_24=0.017 is -0.6 SD from normal-pass average | stress_weighted_rate=0.095 is -0.6 SD from normal-pass average,False,None,Normal,11.938,9.812,0.41000000000000014,2.1260000000000012,-0.58
CMP04209,B1011,IC_Digital,2026-01-07,2026-01-19,83.6,5.63,9.085,9.562,50.0,B1011,9.085,9.562,83.6,5.63,Medium,0.4322,REJECT,14.085,10.79,17.48,0.03141,OK,rate_0_24=0.020 is -0.4 SD from normal-pass average | stress_weighted_rate=0.112 is -0.3 SD from normal-pass average | pct_change_24_0=0.053 is -0.3 SD from normal-pass average,True,Medium,Lot-Relative Drift,14.085,11.824,0.47699999999999854,2.261000000000001,0.24
CMP01793,B1009,Relay_Electromech,2026-07-12,2026-07-20,94.7,5.5,11.272,11.955,50.0,B1009,11.272,11.955,94.7,5.5,High,0.3953,PASS,16.17,13.42,16.96,0.02927,OK,temp_deviation_from_85=9.700 is +1.6 SD from normal-pass average | rate_0_24=0.028 is +0.3 SD from normal-pass average | stress_weighted_rate=0.157 is +0.3 SD from normal-pass average,False,None,Normal,16.17,14.062,0.6829999999999998,2.1080000000000023,-0.0
CMP00436,B1048,Resistor_Precision,2026-05-24,2026-05-27,89.0,4.89,3.769,3.883,50.0,B1048,3.769,3.883,89.0,4.89,Medium,0.2982,PASS,7.333,5.01,8.35,0.02396,OK,stress_weighted_rate=0.023 is -1.6 SD from normal-pass average | rate_0_24=0.005 is -1.6 SD from normal-pass average | temp_deviation_from_85=4.000 is +0.7 SD from normal-pass average,False,None,Normal,7.333,5.608,0.11399999999999988,1.7250000000000005,-0.65
CMP00729,B1001,Relay_Electromech,2026-04-28,2026-05-08,84.2,4.73,7.633,7.889,50.0,B1001,7.633,7.889,84.2,4.73,Medium,0.2828,PASS,12.53,9.67,14.45,0.03223,OK,stress_weighted_rate=0.050 is -1.2 SD from normal-pass average | rate_0_24=0.011 is -1.1 SD from normal-pass average | pct_change_24_0=0.034 is -0.4 SD from normal-pass average,False,None,Normal,12.53,10.21,0.2560000000000002,2.3199999999999985,-0.75
CMP00592,B1000,IC_Digital,2026-01-27,2026-02-06,80.4,5.18,9.977,10.834,50.0,B1000,9.977,10.834,80.4,5.18,Medium,0.542,REJECT,15.048,12.03,20.33,0.02927,OK,rate_0_24=0.036 is +0.9 SD from normal-pass average | temp_deviation_from_85=-4.600 is -0.8 SD from normal-pass average | stress_weighted_rate=0.185 is +0.7 SD from normal-pass average,True,High,Lot-Relative Drift,15.048,12.941,0.8569999999999993,2.1069999999999993,0.98
CMP03403,B1045,IC_Analog,2026-05-07,2026-05-14,85.6,5.96,10.658,11.952,50.0,B1045,10.658,11.952,85.6,5.96,Medium,0.7613,REJECT,21.996,13.19,34.59,0.06975,EARLY_REJECT,stress_weighted_rate=0.321 is +2.6 SD from normal-pass average | rate_0_24=0.054 is +2.3 SD from normal-pass average | pct_change_24_0=0.121 is +0.2 SD from normal-pass average,True,Critical,Accelerating Drift,21.996,16.974,1.2940000000000005,5.0219999999999985,2.44
CMP03994,B1027,Transistor_BJT,2026-01-01,2026-01-12,93.1,5.63,6.518,7.522,50.0,B1027,6.518,7.522,93.1,5.63,High,0.509,REJECT,13.281,9.11,26.07,0.03999,OK,stress_weighted_rate=0.236 is +1.4 SD from normal-pass average | temp_deviation_from_85=8.100 is +1.4 SD from normal-pass average | rate_0_24=0.042 is +1.4 SD from normal-pass average,True,High,Lot-Relative Drift,13.281,10.402,1.0040000000000004,2.8790000000000013,0.76
CMP05620,B1015,IC_Analog,2026-04-27,2026-05-01,86.4,5.85,8.705,9.464,50.0,B1015,8.705,9.464,86.4,5.85,Medium,0.3973,REJECT,14.821,10.48,24.2,0.0372,OK,stress_weighted_rate=0.185 is +0.7 SD from normal-pass average | rate_0_24=0.032 is +0.5 SD from normal-pass average | temp_deviation_from_85=1.400 is +0.2 SD from normal-pass average,True,Medium,Lot-Relative Drift,14.821,12.142,0.7590000000000003,2.6790000000000003,0.01
CMP04503,B1035,Transistor_BJT,2026-05-26,2026-06-05,86.4,6.04,7.56,8.623,50.0,B1035,7.56,8.623,86.4,6.04,Medium,0.6253,REJECT,13.776,10.3,25.66,0.03579,OK,stress_weighted_rate=0.268 is +1.9 SD from normal-pass average | rate_0_24=0.044 is +1.5 SD from normal-pass average | pct_change_24_0=0.141 is +0.3 SD from normal-pass average,True,High,Lot-Relative Drift,13.776,11.2,1.0629999999999997,2.5760000000000005,1.53
CMP00854,B1049,Diode_Zener,2026-07-04,2026-07-16,86.4,5.36,6.289,6.489,50.0,B1049,6.289,6.489,86.4,5.36,Medium,0.2534,PASS,9.846,7.69,9.84,0.02331,OK,rate_0_24=0.008 is -1.3 SD from normal-pass average | stress_weighted_rate=0.045 is -1.3 SD from normal-pass average | pct_change_24_0=0.032 is -0.4 SD from normal-pass average,False,None,Normal,9.846,8.168,0.20000000000000018,1.6780000000000008,-0.95
CMP02954,B1017,Relay_Electromech,2026-03-10,2026-03-16,87.5,5.35,12.286,12.793,50.0,B1017,12.286,12.793,87.5,5.35,Medium,0.3013,PASS,16.312,14.34,17.32,0.02444,OK,temp_deviation_from_85=2.500 is +0.4 SD from normal-pass average | pct_change_24_0=0.041 is -0.4 SD from normal-pass average | stress_weighted_rate=0.113 is -0.3 SD from normal-pass average,False,None,Normal,16.312,14.552,0.5069999999999997,1.7600000000000016,-0.63
CMP03061,B1028,Relay_Electromech,2026-01-21,2026-01-26,87.0,5.49,15.445,15.846,50.0,B1028,15.445,15.846,87.0,5.49,Medium,0.3108,PASS,18.594,17.24,20.38,0.01908,OK,rate_0_24=0.017 is -0.6 SD from normal-pass average | stress_weighted_rate=0.092 is -0.6 SD from normal-pass average | pct_change_24_0=0.026 is -0.5 SD from normal-pass average,False,None,Normal,18.594,17.22,0.4009999999999998,1.3740000000000023,-0.57
CMP03487,B1036,Diode_Zener,2026-02-22,2026-03-05,75.6,5.2,8.992,9.493,50.0,B1036,8.992,9.493,75.6,5.2,Low,0.2966,PASS,15.478,10.46,16.1,0.04157,OK,temp_deviation_from_85=-9.400 is -1.6 SD from normal-pass average | stress_weighted_rate=0.109 is -0.4 SD from normal-pass average | rate_0_24=0.021 is -0.3 SD from normal-pass average,False,None,Normal,15.478,12.486,0.5009999999999994,2.991999999999999,-0.66
CMP03730,B1048,IC_Digital,2026-01-24,2026-01-28,89.1,5.91,7.333,8.375,50.0,B1048,7.333,8.375,89.1,5.91,Medium,0.5457,REJECT,13.47,9.96,25.12,0.03538,OK,stress_weighted_rate=0.257 is +1.7 SD from normal-pass average | rate_0_24=0.043 is +1.5 SD from normal-pass average | temp_deviation_from_85=4.100 is +0.7 SD from normal-pass average,True,High,Lot-Relative Drift,13.47,10.922,1.0419999999999998,2.548,1.0
CMP04890,B1040,MOSFET,2026-06-15,2026-06-28,84.9,4.8,8.494,9.416,50.0,B1040,8.494,9.416,84.9,4.8,Medium,0.4351,REJECT,14.39,10.36,17.19,0.03454,OK,rate_0_24=0.038 is +1.1 SD from normal-pass average | stress_weighted_rate=0.184 is +0.7 SD from normal-pass average | Chamber_Temperature_C_was_missing=0.000 is -0.1 SD from normal-pass average,True,Medium,Lot-Relative Drift,14.39,11.903,0.9220000000000006,2.487,0.26
CMP03706,B1038,Transistor_BJT,2026-06-28,2026-07-01,94.4,5.22,3.637,3.894,50.0,B1038,3.637,3.894,94.4,5.22,High,0.2617,PASS,6.402,5.12,6.41,0.01742,OK,temp_deviation_from_85=9.400 is +1.6 SD from normal-pass average | stress_weighted_rate=0.056 is -1.1 SD from normal-pass average | rate_0_24=0.011 is -1.1 SD from normal-pass average,False,None,Normal,6.402,5.148,0.2570000000000001,1.2540000000000004,-0.89
CMP03646,B1016,Resistor_Precision,2026-04-26,2026-05-01,82.6,6.66,4.674,5.603,50.0,B1016,4.674,5.603,82.6,6.66,Medium,0.562,REJECT,11.075,7.49,14.6,0.038,OK,stress_weighted_rate=0.258 is +1.7 SD from normal-pass average | rate_0_24=0.039 is +1.1 SD from normal-pass average | pct_change_24_0=0.199 is +0.7 SD from normal-pass average,True,High,Lot-Relative Drift,11.075,8.339,0.9289999999999994,2.735999999999999,1.11
CMP01561,B1031,Resistor_Precision,2026-02-07,2026-02-16,87.4,4.72,4.282,5.265,50.0,B1031,4.282,5.265,87.4,4.72,Medium,0.3669,PASS,9.719,6.71,15.11,0.03093,OK,rate_0_24=0.041 is +1.3 SD from normal-pass average | pct_change_24_0=0.230 is +0.9 SD from normal-pass average | stress_weighted_rate=0.193 is +0.8 SD from normal-pass average,False,None,Normal,9.719,7.492,0.9829999999999997,2.2269999999999994,-0.19
CMP01159,B1024,Resistor_Precision,2026-04-30,2026-05-13,79.1,5.86,2.642,2.772,50.0,B1024,2.642,2.772,79.1,5.86,Low,0.3476,PASS,6.038,4.74,9.13,0.02268,OK,rate_0_24=0.005 is -1.5 SD from normal-pass average | stress_weighted_rate=0.032 is -1.5 SD from normal-pass average | temp_deviation_from_85=-5.900 is -1.0 SD from normal-pass average,False,None,Normal,6.038,4.405,0.1299999999999999,1.633,-0.32
CMP00781,B1042,MOSFET,2026-04-01,2026-04-06,82.3,5.01,9.43,10.761,50.0,B1042,9.43,10.761,82.3,5.01,Medium,0.7331,REJECT,20.148,12.19,35.47,0.06519,EARLY_REJECT,rate_0_24=0.055 is +2.4 SD from normal-pass average | stress_weighted_rate=0.278 is +2.0 SD from normal-pass average | temp_deviation_from_85=-2.700 is -0.4 SD from normal-pass average,True,Critical,Accelerating Drift,20.148,15.454,1.3309999999999995,4.693999999999999,2.25
CMP03332,B1027,Resistor_Precision,2026-04-17,2026-04-25,70.8,6.18,3.813,5.319,50.0,B1027,3.813,5.319,70.8,6.18,Low,0.8767,REJECT,23.457,6.69,27.68,0.12596,EARLY_REJECT,stress_weighted_rate=0.388 is +3.6 SD from normal-pass average | rate_0_24=0.063 is +3.0 SD from normal-pass average | temp_deviation_from_85=-14.200 is -2.4 SD from normal-pass average,True,Critical,Accelerating Drift,23.457,14.388,1.5059999999999998,9.069,3.21
CMP03838,B1041,IC_Analog,2026-04-18,2026-04-27,89.4,6.13,5.887,6.789,50.0,B1041,5.887,6.789,89.4,6.13,Medium,0.4677,REJECT,12.068,8.43,16.05,0.03666,OK,stress_weighted_rate=0.230 is +1.3 SD from normal-pass average | rate_0_24=0.038 is +1.0 SD from normal-pass average | temp_deviation_from_85=4.400 is +0.7 SD from normal-pass average,True,Medium,Lot-Relative Drift,12.068,9.428,0.9020000000000001,2.639999999999999,0.48
CMP05465,B1044,Transistor_BJT,2026-02-20,2026-03-01,77.6,5.22,6.636,7.276,50.0,B1044,6.636,7.276,77.6,5.22,Low,0.3799,PASS,10.286,8.37,11.29,0.02091,OK,temp_deviation_from_85=-7.400 is -1.2 SD from normal-pass average | rate_0_24=0.027 is +0.2 SD from normal-pass average | Chamber_Temperature_C_was_missing=0.000 is -0.1 SD from normal-pass average,False,None,Normal,10.286,8.781,0.6399999999999997,1.504999999999999,-0.11
CMP01964,B1046,IC_Digital,2026-01-03,2026-01-08,92.9,5.73,8.47,9.398,50.0,B1046,8.47,9.398,92.9,5.73,High,0.4531,REJECT,14.424,10.63,20.12,0.03491,OK,temp_deviation_from_85=7.900 is +1.3 SD from normal-pass average | stress_weighted_rate=0.222 is +1.2 SD from normal-pass average | rate_0_24=0.039 is +1.1 SD from normal-pass average,True,Medium,Lot-Relative Drift,14.424,11.911,0.927999999999999,2.513,0.38
CMP02336,B1036,MOSFET,2026-01-20,2026-01-24,74.6,5.61,4.831,5.055,50.0,B1036,4.831,5.055,74.6,5.61,Low,0.2694,PASS,9.102,6.37,8.84,0.0281,OK,temp_deviation_from_85=-10.400 is -1.7 SD from normal-pass average | rate_0_24=0.009 is -1.2 SD from normal-pass average | stress_weighted_rate=0.052 is -1.2 SD from normal-pass average,False,None,Normal,9.102,7.078,0.2239999999999993,2.024,-0.84
CMP05448,B1047,MOSFET,2026-07-04,2026-07-07,80.2,5.41,7.82,9.199,50.0,B1047,7.82,9.199,80.2,5.41,Medium,0.787,REJECT,17.444,10.84,32.29,0.05725,OK,rate_0_24=0.057 is +2.6 SD from normal-pass average | stress_weighted_rate=0.311 is +2.5 SD from normal-pass average | temp_deviation_from_85=-4.800 is -0.8 SD from normal-pass average,True,Critical,Severe Latent Degradation,17.444,13.322,1.3789999999999996,4.122,2.61
CMP04573,B1008,MOSFET,2026-01-24,2026-02-06,85.2,5.79,11.449,13.537,50.0,B1008,11.449,13.537,85.2,5.79,Medium,0.9652,REJECT,22.098,16.49,32.15,0.05945,OK,stress_weighted_rate=0.504 is +5.2 SD from normal-pass average | rate_0_24=0.087 is +4.9 SD from normal-pass average | pct_change_24_0=0.182 is +0.6 SD from normal-pass average,True,Critical,Severe Latent Degradation,22.098,17.818,2.088000000000001,4.279999999999998,3.8
CMP00633,B1025,Relay_Electromech,2026-04-14,2026-04-24,83.4,5.61,15.006,15.477,50.0,B1025,15.006,15.477,83.4,5.61,Medium,0.309,PASS,18.198,16.7,17.7,0.0189,OK,pct_change_24_0=0.031 is -0.4 SD from normal-pass average | rate_0_24=0.020 is -0.4 SD from normal-pass average | stress_weighted_rate=0.110 is -0.4 SD from normal-pass average,False,None,Normal,18.198,16.838,0.4710000000000001,1.3599999999999994,-0.58
CMP03102,B1027,Resistor_Precision,2026-05-17,2026-05-21,75.6,5.31,6.891,7.941,50.0,B1027,6.891,7.941,75.6,5.31,Low,0.5274,REJECT,13.519,8.83,17.47,0.03873,OK,temp_deviation_from_85=-9.400 is -1.6 SD from normal-pass average | rate_0_24=0.044 is +1.5 SD from normal-pass average | stress_weighted_rate=0.232 is +1.4 SD from normal-pass average,True,High,Lot-Relative Drift,13.519,10.73,1.0499999999999998,2.7889999999999997,0.88
CMP02459,B1001,IC_Analog,2026-04-05,2026-04-15,74.0,5.36,6.45,7.084,50.0,B1001,6.45,7.084,74.0,5.36,Low,0.3441,PASS,10.417,8.44,16.15,0.02315,OK,temp_deviation_from_85=-11.000 is -1.8 SD from normal-pass average | rate_0_24=0.026 is +0.1 SD from normal-pass average | Chamber_Temperature_C_was_missing=0.000 is -0.1 SD from normal-pass average,False,None,Normal,10.417,8.75,0.6339999999999995,1.6669999999999998,-0.34
CMP05433,B1044,IC_Digital,2026-07-10,2026-07-23,,4.93,7.592,8.125,50.0,B1044,7.592,8.125,,4.93,Low,0.5062,REJECT,12.447,9.58,16.45,0.03001,OK,Chamber_Temperature_C_was_missing=1.000 is +7.7 SD from normal-pass average | stress_weighted_rate=0.109 is -0.4 SD from normal-pass average | rate_0_24=0.022 is -0.2 SD from normal-pass average,True,High,Lot-Relative Drift,12.447,10.286,0.5330000000000004,2.1609999999999996,0.74
CMP05064,B1017,Resistor_Precision,2026-02-07,2026-02-15,85.5,5.36,6.209,6.575,50.0,B1017,6.209,6.575,85.5,5.36,Medium,0.2631,PASS,9.99,7.57,8.9,0.02372,OK,stress_weighted_rate=0.082 is -0.8 SD from normal-pass average | rate_0_24=0.015 is -0.8 SD from normal-pass average | pct_change_24_0=0.059 is -0.3 SD from normal-pass average,False,None,Normal,9.99,8.282,0.36600000000000055,1.7080000000000002,-0.88
CMP00246,B1013,Relay_Electromech,2026-03-07,2026-03-14,80.1,5.28,11.469,,50.0,B1013,11.469,,80.1,5.28,Medium,0.5192,REJECT,17.976,9.71,26.35,,OK,Value_24h_was_missing=1.000 is +8.9 SD from normal-pass average | temp_deviation_from_85=-4.900 is -0.8 SD from normal-pass average | Chamber_Temperature_C_was_missing=0.000 is -0.1 SD from normal-pass average,True,High,Lot-Relative Drift,17.976,,,,0.82
CMP02956,B1006,Transistor_BJT,2026-03-29,2026-04-11,88.3,5.11,4.176,4.796,50.0,B1006,4.176,4.796,88.3,5.11,Medium,0.3327,PASS,8.354,6.11,8.32,0.02471,OK,temp_deviation_from_85=3.300 is +0.6 SD from normal-pass average | pct_change_24_0=0.148 is +0.3 SD from normal-pass average | Chamber_Temperature_C_was_missing=0.000 is -0.1 SD from normal-pass average,False,None,Normal,8.354,6.575,0.6200000000000001,1.778999999999999,-0.42
CMP00322,B1020,Relay_Electromech,2026-04-18,2026-04-30,91.8,5.5,12.91,13.664,50.0,B1020,12.91,13.664,91.8,5.5,High,0.3864,PASS,17.748,14.78,25.64,0.02836,OK,temp_deviation_from_85=6.800 is +1.1 SD from normal-pass average | rate_0_24=0.031 is +0.5 SD from normal-pass average | stress_weighted_rate=0.173 is +0.5 SD from normal-pass average,False,None,Normal,17.748,15.706,0.7539999999999996,2.0420000000000016,-0.06
CMP03590,B1041,MOSFET,2026-07-08,2026-07-20,92.1,5.93,5.886,8.448,50.0,B1041,5.886,8.448,92.1,5.93,High,0.9894,REJECT,25.775,14.48,26.43,0.12033,EARLY_REJECT,stress_weighted_rate=0.633 is +7.0 SD from normal-pass average | rate_0_24=0.107 is +6.5 SD from normal-pass average | pct_change_24_0=0.435 is +2.2 SD from normal-pass average,True,Critical,Accelerating Drift,25.775,17.112,2.5620000000000003,8.663,3.96
CMP00947,B1030,MOSFET,2026-03-03,2026-03-16,77.3,5.51,6.547,7.176,50.0,B1030,6.547,7.176,77.3,5.51,Low,0.3773,PASS,10.402,8.32,9.03,0.0224,OK,temp_deviation_from_85=-7.700 is -1.3 SD from normal-pass average | Chamber_Temperature_C_was_missing=0.000 is -0.1 SD from normal-pass average | Value_0h_was_missing=0.000 is -0.1 SD from normal-pass average,False,None,Normal,10.402,8.789,0.6290000000000004,1.6129999999999995,-0.12
CMP03404,B1032,Relay_Electromech,2026-05-27,2026-06-05,77.7,5.51,11.818,12.78,50.0,B1032,11.818,12.78,77.7,5.51,Low,0.5384,REJECT,16.335,14.16,25.67,0.02469,OK,temp_deviation_from_85=-7.300 is -1.2 SD from normal-pass average | rate_0_24=0.040 is +1.2 SD from normal-pass average | stress_weighted_rate=0.221 is +1.2 SD from normal-pass average,True,High,Lot-Relative Drift,16.335,14.558,0.9619999999999997,1.777000000000001,0.95
CMP03718,B1037,MOSFET,2026-07-15,2026-07-23,95.1,6.06,10.18,10.519,50.0,B1037,10.18,10.519,95.1,6.06,High,0.2707,PASS,14.196,11.53,16.63,0.02553,OK,temp_deviation_from_85=10.100 is +1.7 SD from normal-pass average | rate_0_24=0.014 is -0.8 SD from normal-pass average | stress_weighted_rate=0.086 is -0.7 SD from normal-pass average,False,None,Normal,14.196,12.358,0.3390000000000004,1.8379999999999992,-0.83
CMP01912,B1017,Relay_Electromech,2026-02-11,2026-02-15,80.8,5.27,9.483,10.157,50.0,B1017,9.483,10.157,80.8,5.27,Medium,0.4098,REJECT,14.368,11.72,14.91,0.02924,OK,temp_deviation_from_85=-4.200 is -0.7 SD from normal-pass average | rate_0_24=0.028 is +0.3 SD from normal-pass average | pct_change_24_0=0.071 is -0.2 SD from normal-pass average,True,Medium,Lot-Relative Drift,14.368,12.262,0.6739999999999995,2.106,0.09
CMP02752,B1028,Resistor_Precision,2026-02-06,2026-02-19,85.0,5.73,8.157,12.64,50.0,B1028,8.157,12.64,85.0,5.73,Medium,0.9844,REJECT,19.803,15.89,19.93,0.04974,OK,stress_weighted_rate=1.070 is +13.2 SD from normal-pass average | rate_0_24=0.187 is +12.8 SD from normal-pass average | pct_change_24_0=0.550 is +3.0 SD from normal-pass average,True,Critical,Severe Latent Degradation,19.803,16.221,4.4830000000000005,3.5820000000000007,3.92
CMP03454,B1044,MOSFET,2026-05-31,2026-06-06,82.1,5.27,9.196,9.875,50.0,B1044,9.196,9.875,82.1,5.27,Medium,0.3838,PASS,14.439,11.09,15.29,0.03169,OK,temp_deviation_from_85=-2.900 is -0.5 SD from normal-pass average | rate_0_24=0.028 is +0.3 SD from normal-pass average | stress_weighted_rate=0.149 is +0.2 SD from normal-pass average,False,None,Normal,14.439,12.157,0.6790000000000003,2.282,-0.08
CMP02064,B1005,Resistor_Precision,2026-01-29,2026-02-04,69.8,5.56,4.592,5.987,50.0,B1005,4.592,5.987,69.8,5.56,Low,0.7389,REJECT,14.531,7.43,29.76,0.05933,OK,stress_weighted_rate=0.323 is +2.6 SD from normal-pass average | rate_0_24=0.058 is +2.6 SD from normal-pass average | temp_deviation_from_85=-15.200 is -2.5 SD from normal-pass average,True,Critical,Severe Latent Degradation,14.531,10.259,1.3950000000000005,4.272,2.29
CMP03416,B1031,IC_Analog,2026-06-08,2026-06-15,75.2,5.51,18.549,18.698,50.0,B1031,18.549,18.698,75.2,5.51,Low,0.3221,PASS,24.001,20.94,24.0,0.03682,OK,temp_deviation_from_85=-9.800 is -1.6 SD from normal-pass average | rate_0_24=0.006 is -1.5 SD from normal-pass average | stress_weighted_rate=0.034 is -1.4 SD from normal-pass average,False,None,Normal,24.001,21.35,0.1490000000000009,2.651,-0.49
CMP01127,B1009,MOSFET,2026-02-07,2026-02-20,86.2,5.3,8.554,9.178,50.0,B1009,8.554,9.178,86.2,5.3,Medium,0.3659,PASS,13.79,10.48,15.79,0.03203,OK,temp_deviation_from_85=1.200 is +0.2 SD from normal-pass average | pct_change_24_0=0.073 is -0.2 SD from normal-pass average | Chamber_Temperature_C_was_missing=0.000 is -0.1 SD from normal-pass average,False,None,Normal,13.79,11.484,0.6240000000000006,2.305999999999999,-0.2
CMP04392,B1034,IC_Digital,2026-01-31,2026-02-13,91.0,5.46,8.419,8.729,50.0,B1034,8.419,8.729,91.0,5.46,High,0.3608,PASS,12.44,9.95,14.63,0.02577,OK,temp_deviation_from_85=6.000 is +1.0 SD from normal-pass average | rate_0_24=0.013 is -0.9 SD from normal-pass average | stress_weighted_rate=0.071 is -0.9 SD from normal-pass average,False,None,Normal,12.44,10.584,0.3099999999999987,1.8559999999999999,-0.23
CMP00010,B1008,Transistor_BJT,2026-01-22,2026-01-26,77.8,5.69,5.296,5.9,50.0,B1008,5.296,5.9,77.8,5.69,Low,0.3895,PASS,9.238,7.02,10.61,0.02318,OK,temp_deviation_from_85=-7.200 is -1.2 SD from normal-pass average | Chamber_Temperature_C_was_missing=0.000 is -0.1 SD from normal-pass average | Value_0h_was_missing=0.000 is -0.1 SD from normal-pass average,False,None,Normal,9.238,7.569,0.6040000000000001,1.6689999999999996,-0.04
CMP05442,B1008,Resistor_Precision,2026-04-05,2026-04-17,85.4,5.38,2.239,2.534,50.0,B1008,2.239,2.534,85.4,5.38,Medium,0.2553,PASS,6.945,3.8,6.78,0.03063,OK,stress_weighted_rate=0.066 is -1.0 SD from normal-pass average | rate_0_24=0.012 is -1.0 SD from normal-pass average | pct_change_24_0=0.132 is +0.2 SD from normal-pass average,False,None,Normal,6.945,4.74,0.29499999999999993,2.205,-0.94
CMP03942,B1022,Tantalum_Capacitor,2026-02-21,2026-03-03,79.1,5.29,10.925,12.359,50.0,B1022,10.925,12.359,79.1,5.29,Low,0.8095,REJECT,20.054,13.42,42.66,0.05344,OK,rate_0_24=0.060 is +2.8 SD from normal-pass average | stress_weighted_rate=0.316 is +2.5 SD from normal-pass average | temp_deviation_from_85=-5.900 is -1.0 SD from normal-pass average,True,Critical,Severe Latent Degradation,20.054,16.206,1.4339999999999993,3.847999999999999,2.76
CMP00948,B1025,Tantalum_Capacitor,2026-02-08,2026-02-11,82.9,5.23,4.457,5.14,50.0,B1025,4.457,5.14,82.9,5.23,Medium,0.4048,REJECT,10.536,6.3,13.98,0.03747,OK,pct_change_24_0=0.153 is +0.4 SD from normal-pass average | temp_deviation_from_85=-2.100 is -0.3 SD from normal-pass average | rate_0_24=0.028 is +0.3 SD from normal-pass average,True,Medium,Lot-Relative Drift,10.536,7.838,0.6829999999999998,2.6979999999999995,0.06
CMP00924,B1040,IC_Analog,2026-06-08,2026-06-11,87.8,6.6,11.842,12.782,50.0,B1040,11.842,12.782,87.8,6.6,Medium,0.5004,REJECT,16.935,14.18,16.68,0.02884,OK,stress_weighted_rate=0.258 is +1.7 SD from normal-pass average | rate_0_24=0.039 is +1.1 SD from normal-pass average | temp_deviation_from_85=2.800 is +0.5 SD from normal-pass average,True,High,Lot-Relative Drift,16.935,14.858,0.9399999999999995,2.076999999999998,0.7
CMP00839,B1018,MOSFET,2026-01-17,2026-01-25,86.4,5.21,3.324,3.684,50.0,B1018,3.324,3.684,86.4,5.21,Medium,0.2881,PASS,6.377,4.9,7.56,0.0187,OK,stress_weighted_rate=0.078 is -0.8 SD from normal-pass average | rate_0_24=0.015 is -0.8 SD from normal-pass average | temp_deviation_from_85=1.400 is +0.2 SD from normal-pass average,False,None,Normal,6.377,5.03,0.3600000000000003,1.3469999999999995,-0.72
CMP04564,B1018,Transistor_BJT,2026-03-02,2026-03-12,81.4,5.52,5.629,6.06,50.0,B1018,5.629,6.06,81.4,5.52,Medium,0.3457,PASS,10.573,7.04,8.8,0.03134,OK,temp_deviation_from_85=-3.600 is -0.6 SD from normal-pass average | rate_0_24=0.018 is -0.5 SD from normal-pass average | stress_weighted_rate=0.099 is -0.5 SD from normal-pass average,False,None,Normal,10.573,8.316,0.43100000000000005,2.2569999999999997,-0.33
CMP02468,B1011,Resistor_Precision,2026-03-18,2026-03-26,85.5,5.08,2.663,3.202,50.0,B1011,2.663,3.202,85.5,5.08,Medium,0.253,PASS,6.72,4.38,7.89,0.02443,OK,pct_change_24_0=0.202 is +0.7 SD from normal-pass average | stress_weighted_rate=0.114 is -0.3 SD from normal-pass average | rate_0_24=0.022 is -0.2 SD from normal-pass average,False,None,Normal,6.72,4.961,0.5390000000000001,1.7589999999999995,-0.95
CMP05683,B1045,Resistor_Precision,2026-04-02,2026-04-11,85.4,5.68,4.746,6.208,50.0,B1045,4.746,6.208,85.4,5.68,Medium,0.9069,REJECT,17.954,7.86,28.82,0.08157,EARLY_REJECT,stress_weighted_rate=0.346 is +3.0 SD from normal-pass average | rate_0_24=0.061 is +2.9 SD from normal-pass average | pct_change_24_0=0.308 is +1.4 SD from normal-pass average,True,Critical,Accelerating Drift,17.954,12.081,1.4619999999999997,5.873000000000001,3.41
CMP03000,B1022,Diode_Zener,2026-01-31,2026-02-10,86.5,5.86,5.79,,50.0,B1022,5.79,,86.5,5.86,Medium,0.5418,REJECT,12.025,7.94,18.09,,OK,Value_24h_was_missing=1.000 is +8.9 SD from normal-pass average | temp_deviation_from_85=1.500 is +0.3 SD from normal-pass average | Chamber_Temperature_C_was_missing=0.000 is -0.1 SD from normal-pass average,True,High,Lot-Relative Drift,12.025,,,,0.97
CMP02044,B1004,Resistor_Precision,2026-03-05,2026-03-13,86.5,5.46,2.435,2.937,50.0,B1004,2.435,2.937,86.5,5.46,Medium,0.2547,PASS,5.701,4.68,5.71,0.0192,OK,pct_change_24_0=0.206 is +0.7 SD from normal-pass average | stress_weighted_rate=0.114 is -0.3 SD from normal-pass average | rate_0_24=0.021 is -0.3 SD from normal-pass average,False,None,Normal,5.701,4.319,0.5019999999999998,1.3819999999999997,-0.94
CMP00760,B1028,Tantalum_Capacitor,2026-05-14,2026-05-18,80.7,5.53,13.802,14.298,50.0,B1028,13.802,14.298,80.7,5.53,Medium,0.3093,PASS,17.784,15.57,16.94,0.02421,OK,temp_deviation_from_85=-4.300 is -0.7 SD from normal-pass average | pct_change_24_0=0.036 is -0.4 SD from normal-pass average | rate_0_24=0.021 is -0.3 SD from normal-pass average,False,None,Normal,17.784,16.041,0.49600000000000044,1.7429999999999986,-0.58
CMP03214,B1041,Tantalum_Capacitor,2026-02-03,2026-02-11,87.8,5.86,11.469,12.152,50.0,B1041,11.469,12.152,87.8,5.86,Medium,0.4005,REJECT,15.566,12.81,23.12,0.02371,OK,temp_deviation_from_85=2.800 is +0.5 SD from normal-pass average | stress_weighted_rate=0.167 is +0.4 SD from normal-pass average | rate_0_24=0.028 is +0.3 SD from normal-pass average,True,Medium,Lot-Relative Drift,15.566,13.859,0.6829999999999998,1.7070000000000007,0.03
CMP05662,B1044,IC_Analog,2026-02-04,2026-02-10,86.4,5.54,,13.183,50.0,B1044,,13.183,86.4,5.54,Medium,0.4855,REJECT,19.43,13.3,20.21,0.04338,OK,Value_0h_was_missing=1.000 is +7.9 SD from normal-pass average | temp_deviation_from_85=1.400 is +0.2 SD from normal-pass average | Chamber_Temperature_C_was_missing=0.000 is -0.1 SD from normal-pass average,True,Medium,Lot-Relative Drift,19.43,16.306,,3.1239999999999988,0.6
CMP00512,B1012,Relay_Electromech,2026-06-08,2026-06-21,82.9,5.82,12.446,13.433,50.0,B1012,12.446,13.433,82.9,5.82,Medium,0.5219,REJECT,17.748,14.49,28.67,0.02997,OK,stress_weighted_rate=0.239 is +1.5 SD from normal-pass average | rate_0_24=0.041 is +1.3 SD from normal-pass average | temp_deviation_from_85=-2.100 is -0.3 SD from normal-pass average,True,High,Lot-Relative Drift,17.748,15.59,0.9870000000000001,2.1580000000000013,0.84
CMP01006,B1049,Resistor_Precision,2026-05-25,2026-05-29,69.8,4.83,5.555,5.846,50.0,B1049,5.555,5.846,69.8,4.83,Low,0.311,PASS,9.754,7.42,9.5,0.02714,OK,temp_deviation_from_85=-15.200 is -2.5 SD from normal-pass average | stress_weighted_rate=0.059 is -1.1 SD from normal-pass average | rate_0_24=0.012 is -1.0 SD from normal-pass average,False,None,Normal,9.754,7.8,0.29100000000000037,1.9539999999999997,-0.57
CMP03080,B1012,IC_Analog,2026-05-31,2026-06-14,96.5,5.79,8.61,8.635,50.0,B1012,8.61,8.635,96.5,5.79,High,0.3731,PASS,13.492,9.98,15.51,0.03373,OK,temp_deviation_from_85=11.500 is +1.9 SD from normal-pass average | rate_0_24=0.001 is -1.9 SD from normal-pass average | stress_weighted_rate=0.006 is -1.8 SD from normal-pass average,False,None,Normal,13.492,11.064,0.025000000000000355,2.428000000000001,-0.15
CMP04037,B1010,MOSFET,2026-05-25,2026-06-03,88.5,6.04,17.228,19.789,50.0,B1010,17.228,19.789,88.5,6.04,Medium,0.9226,REJECT,27.758,22.31,26.22,0.05534,OK,stress_weighted_rate=0.645 is +7.2 SD from normal-pass average | rate_0_24=0.107 is +6.5 SD from normal-pass average | temp_deviation_from_85=3.500 is +0.6 SD from normal-pass average,True,Critical,Severe Latent Degradation,27.758,23.774,2.561,3.983999999999998,3.51
CMP02655,B1028,Tantalum_Capacitor,2026-01-18,2026-01-22,82.9,5.08,9.603,9.604,50.0,B1028,9.603,9.604,82.9,5.08,Medium,0.3961,REJECT,14.721,10.76,16.5,0.03553,OK,rate_0_24=0.000 is -2.0 SD from normal-pass average | stress_weighted_rate=0.000 is -1.9 SD from normal-pass average | pct_change_24_0=0.000 is -0.6 SD from normal-pass average,True,Medium,Lot-Relative Drift,14.721,12.162,0.0009999999999994458,2.5589999999999993,0.0
CMP01859,B1025,IC_Digital,2026-06-04,2026-06-15,81.2,4.87,10.543,11.259,50.0,B1025,10.543,11.259,81.2,4.87,Medium,0.4411,REJECT,16.905,12.83,20.94,0.03921,OK,temp_deviation_from_85=-3.800 is -0.6 SD from normal-pass average | rate_0_24=0.030 is +0.4 SD from normal-pass average | pct_change_24_0=0.068 is -0.2 SD from normal-pass average,True,Medium,Lot-Relative Drift,16.905,14.082,0.7160000000000011,2.8230000000000004,0.3
CMP02564,B1021,IC_Analog,2026-02-22,2026-03-04,88.0,6.01,9.199,10.016,50.0,B1021,9.199,10.016,88.0,6.01,Medium,0.4077,REJECT,14.441,11.47,20.78,0.03073,OK,stress_weighted_rate=0.205 is +1.0 SD from normal-pass average | rate_0_24=0.034 is +0.7 SD from normal-pass average | temp_deviation_from_85=3.000 is +0.5 SD from normal-pass average,True,Medium,Lot-Relative Drift,14.441,12.228,0.8170000000000002,2.213000000000001,0.08
CMP05304,B1003,Diode_Zener,2026-07-19,2026-08-01,82.7,5.56,6.39,6.599,50.0,B1003,6.39,6.599,82.7,5.56,Medium,0.2539,PASS,10.311,7.79,11.06,0.02578,OK,rate_0_24=0.009 is -1.3 SD from normal-pass average | stress_weighted_rate=0.048 is -1.2 SD from normal-pass average | pct_change_24_0=0.033 is -0.4 SD from normal-pass average,False,None,Normal,10.311,8.455,0.20900000000000052,1.8559999999999999,-0.95
CMP05186,B1008,Diode_Zener,2026-01-28,2026-02-10,72.3,5.43,3.37,4.242,50.0,B1008,3.37,4.242,72.3,5.43,Low,0.4744,REJECT,7.789,5.27,15.21,0.02463,OK,temp_deviation_from_85=-12.700 is -2.1 SD from normal-pass average | pct_change_24_0=0.259 is +1.1 SD from normal-pass average | rate_0_24=0.036 is +0.9 SD from normal-pass average,True,Medium,Lot-Relative Drift,7.789,6.015,0.8719999999999999,1.774,0.52
CMP05421,B1008,Resistor_Precision,2026-05-23,2026-06-05,77.2,5.44,3.036,3.206,50.0,B1008,3.036,3.206,77.2,5.44,Low,0.3374,PASS,8.8,4.72,10.74,0.03885,OK,rate_0_24=0.007 is -1.4 SD from normal-pass average | stress_weighted_rate=0.039 is -1.4 SD from normal-pass average | temp_deviation_from_85=-7.800 is -1.3 SD from normal-pass average,False,None,Normal,8.8,6.003,0.16999999999999993,2.7970000000000006,-0.39
CMP04268,B1012,Diode_Zener,2026-04-01,2026-04-11,87.1,5.54,7.155,8.346,50.0,B1012,7.155,8.346,87.1,5.54,Medium,0.6978,REJECT,14.149,9.62,23.63,0.0403,OK,rate_0_24=0.050 is +2.0 SD from normal-pass average | stress_weighted_rate=0.275 is +2.0 SD from normal-pass average | pct_change_24_0=0.166 is +0.5 SD from normal-pass average,True,High,Lot-Relative Drift,14.149,11.247,1.1909999999999998,2.9019999999999992,2.01
CMP04386,B1013,Transistor_BJT,2026-03-18,2026-03-26,86.0,5.19,4.01,4.754,50.0,B1013,4.01,4.754,86.0,5.19,Medium,0.3897,PASS,9.009,5.61,17.79,0.02955,OK,pct_change_24_0=0.186 is +0.6 SD from normal-pass average | rate_0_24=0.031 is +0.5 SD from normal-pass average | stress_weighted_rate=0.161 is +0.3 SD from normal-pass average,False,None,Normal,9.009,6.882,0.7439999999999998,2.1270000000000007,-0.04
CMP01682,B1044,IC_Digital,2026-01-09,2026-01-12,86.2,5.32,9.332,10.24,50.0,B1044,9.332,10.24,86.2,5.32,Medium,0.4788,REJECT,14.583,11.6,23.13,0.03016,OK,rate_0_24=0.038 is +1.0 SD from normal-pass average | stress_weighted_rate=0.201 is +0.9 SD from normal-pass average | temp_deviation_from_85=1.200 is +0.2 SD from normal-pass average,True,Medium,Lot-Relative Drift,14.583,12.412,0.9079999999999995,2.1709999999999994,0.55
CMP03618,B1027,Tantalum_Capacitor,2026-06-12,2026-06-25,76.5,5.53,11.389,11.964,50.0,B1027,11.389,11.964,76.5,5.53,Low,0.3878,PASS,15.443,12.69,18.17,0.02416,OK,temp_deviation_from_85=-8.500 is -1.4 SD from normal-pass average | pct_change_24_0=0.050 is -0.3 SD from normal-pass average | Chamber_Temperature_C_was_missing=0.000 is -0.1 SD from normal-pass average,False,None,Normal,15.443,13.704,0.5750000000000011,1.738999999999999,-0.05
CMP03277,B1043,Relay_Electromech,2026-07-08,2026-07-20,85.5,5.45,16.073,16.762,50.0,B1043,16.073,16.762,85.5,5.45,Medium,0.3459,PASS,19.037,18.14,19.05,0.0158,OK,pct_change_24_0=0.043 is -0.4 SD from normal-pass average | rate_0_24=0.029 is +0.3 SD from normal-pass average | stress_weighted_rate=0.156 is +0.3 SD from normal-pass average,False,None,Normal,19.037,17.9,0.6890000000000001,1.1370000000000005,-0.33
CMP01745,B1047,Resistor_Precision,2026-04-06,2026-04-11,87.8,5.91,2.684,3.481,50.0,B1047,2.684,3.481,87.8,5.91,Medium,0.2771,PASS,6.137,5.52,6.87,0.01844,OK,pct_change_24_0=0.297 is +1.3 SD from normal-pass average | stress_weighted_rate=0.196 is +0.9 SD from normal-pass average | rate_0_24=0.033 is +0.7 SD from normal-pass average,False,None,Normal,6.137,4.809,0.7969999999999997,1.3279999999999994,-0.79
CMP05274,B1040,Transistor_BJT,2026-07-18,2026-07-29,88.4,5.67,4.918,5.381,50.0,B1040,4.918,5.381,88.4,5.67,Medium,0.3156,PASS,9.15,6.58,10.37,0.02617,OK,temp_deviation_from_85=3.400 is +0.6 SD from normal-pass average | rate_0_24=0.019 is -0.4 SD from normal-pass average | stress_weighted_rate=0.109 is -0.4 SD from normal-pass average,False,None,Normal,9.15,7.266,0.4630000000000001,1.8840000000000003,-0.53
CMP04952,B1024,Diode_Zener,2026-07-08,2026-07-16,82.3,5.87,3.361,3.708,50.0,B1024,3.361,3.708,82.3,5.87,Medium,0.2497,PASS,6.543,5.13,18.42,0.01969,OK,rate_0_24=0.014 is -0.8 SD from normal-pass average | stress_weighted_rate=0.085 is -0.7 SD from normal-pass average | temp_deviation_from_85=-2.700 is -0.4 SD from normal-pass average,False,None,Normal,6.543,5.126,0.347,1.4169999999999998,-0.97
CMP01645,B1041,Transistor_BJT,2026-03-21,2026-04-02,82.5,5.67,8.096,8.665,50.0,B1041,8.096,8.665,82.5,5.67,Medium,0.3831,PASS,12.337,10.01,15.46,0.0255,OK,temp_deviation_from_85=-2.500 is -0.4 SD from normal-pass average | pct_change_24_0=0.070 is -0.2 SD from normal-pass average | Chamber_Temperature_C_was_missing=0.000 is -0.1 SD from normal-pass average,False,None,Normal,12.337,10.501,0.5689999999999991,1.8360000000000003,-0.08
CMP04733,B1035,Relay_Electromech,2026-03-01,2026-03-12,87.3,5.75,9.554,9.868,50.0,B1035,9.554,9.868,87.3,5.75,Medium,0.2861,PASS,14.129,11.2,15.68,0.02959,OK,rate_0_24=0.013 is -0.9 SD from normal-pass average | stress_weighted_rate=0.075 is -0.9 SD from normal-pass average | pct_change_24_0=0.033 is -0.4 SD from normal-pass average,False,None,Normal,14.129,11.998,0.31400000000000006,2.1310000000000002,-0.73
CMP04226,B1023,MOSFET,2026-07-16,2026-07-19,84.5,6.27,8.264,8.219,50.0,B1023,8.264,8.219,84.5,6.27,Medium,0.4313,REJECT,14.435,9.11,14.85,0.04316,OK,rate_0_24=-0.002 is -2.1 SD from normal-pass average | stress_weighted_rate=-0.012 is -2.1 SD from normal-pass average | pct_change_24_0=-0.005 is -0.7 SD from normal-pass average,True,Medium,Lot-Relative Drift,14.435,11.327,-0.04499999999999993,3.1080000000000005,0.24
CMP05207,B1039,Diode_Zener,2026-05-06,2026-05-10,87.2,4.96,5.68,6.359,50.0,B1039,5.68,6.359,87.2,4.96,Medium,0.3251,PASS,9.823,7.34,9.14,0.02406,OK,temp_deviation_from_85=2.200 is +0.4 SD from normal-pass average | rate_0_24=0.028 is +0.3 SD from normal-pass average | pct_change_24_0=0.120 is +0.1 SD from normal-pass average,False,None,Normal,9.823,8.091,0.6790000000000003,1.732000000000001,-0.47
CMP03595,B1020,MOSFET,2026-05-12,2026-05-16,88.9,5.37,4.49,6.013,50.0,B1020,4.49,6.013,88.9,5.37,Medium,0.9382,REJECT,24.539,8.07,35.32,0.12865,EARLY_REJECT,rate_0_24=0.063 is +3.1 SD from normal-pass average | stress_weighted_rate=0.341 is +2.9 SD from normal-pass average | pct_change_24_0=0.339 is +1.6 SD from normal-pass average,True,Critical,Accelerating Drift,24.539,15.276,1.5229999999999997,9.263000000000002,3.62
CMP02710,B1041,Resistor_Precision,2026-03-13,2026-03-20,92.0,6.47,4.402,4.988,50.0,B1041,4.402,4.988,92.0,6.47,High,0.3067,PASS,9.098,6.37,8.37,0.02854,OK,temp_deviation_from_85=7.000 is +1.2 SD from normal-pass average | stress_weighted_rate=0.158 is +0.3 SD from normal-pass average | pct_change_24_0=0.133 is +0.2 SD from normal-pass average,False,None,Normal,9.098,7.043,0.5860000000000003,2.0550000000000006,-0.59
CMP03216,B1005,Relay_Electromech,2026-07-18,2026-08-01,78.8,6.1,11.468,11.551,50.0,B1005,11.468,11.551,78.8,6.1,Low,0.3083,PASS,15.512,13.07,16.41,0.02751,OK,rate_0_24=0.003 is -1.7 SD from normal-pass average | stress_weighted_rate=0.021 is -1.6 SD from normal-pass average | temp_deviation_from_85=-6.200 is -1.0 SD from normal-pass average,False,None,Normal,15.512,13.532,0.08300000000000018,1.9800000000000004,-0.58
CMP03956,B1006,Transistor_BJT,2026-01-28,2026-02-11,91.3,6.37,5.965,6.651,50.0,B1006,5.965,6.651,91.3,6.37,High,0.3749,PASS,10.998,8.07,11.12,0.03019,OK,temp_deviation_from_85=6.300 is +1.1 SD from normal-pass average | stress_weighted_rate=0.182 is +0.6 SD from normal-pass average | rate_0_24=0.029 is +0.3 SD from normal-pass average,False,None,Normal,10.998,8.824,0.6859999999999999,2.1739999999999995,-0.14
CMP03788,B1007,IC_Digital,2026-01-09,2026-01-20,79.8,5.16,10.705,11.413,50.0,B1007,10.705,11.413,79.8,5.16,Low,0.4242,REJECT,15.567,12.92,17.99,0.02885,OK,temp_deviation_from_85=-5.200 is -0.9 SD from normal-pass average | rate_0_24=0.030 is +0.4 SD from normal-pass average | stress_weighted_rate=0.152 is +0.2 SD from normal-pass average,True,Medium,Lot-Relative Drift,15.567,13.49,0.7080000000000002,2.077,0.19
CMP03424,B1036,Transistor_BJT,2026-01-22,2026-02-04,81.5,5.22,6.662,6.49,50.0,B1036,6.662,6.49,81.5,5.22,Medium,0.4205,REJECT,19.97,7.67,33.0,0.09361,EARLY_REJECT,rate_0_24=-0.007 is -2.5 SD from normal-pass average | stress_weighted_rate=-0.037 is -2.5 SD from normal-pass average | pct_change_24_0=-0.026 is -0.8 SD from normal-pass average,True,Critical,Accelerating Drift,19.97,13.23,-0.1719999999999997,6.739999999999998,0.16
CMP03240,B1020,IC_Digital,2026-06-03,2026-06-13,88.5,5.15,7.664,8.239,50.0,B1020,7.664,8.239,88.5,5.15,Medium,0.3808,PASS,12.586,9.64,17.73,0.03019,OK,temp_deviation_from_85=3.500 is +0.6 SD from normal-pass average | stress_weighted_rate=0.123 is -0.2 SD from normal-pass average | pct_change_24_0=0.075 is -0.2 SD from normal-pass average,False,None,Normal,12.586,10.413,0.5750000000000011,2.173,-0.1
CMP02167,B1031,Transistor_BJT,2026-04-19,2026-04-29,80.0,5.38,6.506,,50.0,B1031,6.506,,80.0,5.38,Medium,0.5243,REJECT,12.485,8.54,17.64,,OK,Value_24h_was_missing=1.000 is +8.9 SD from normal-pass average | temp_deviation_from_85=-5.000 is -0.8 SD from normal-pass average | Chamber_Temperature_C_was_missing=0.000 is -0.1 SD from normal-pass average,True,High,Lot-Relative Drift,12.485,,,,0.86
CMP01584,B1044,Relay_Electromech,2026-05-09,2026-05-13,78.2,5.07,12.812,13.515,50.0,B1044,12.812,13.515,78.2,5.07,Low,0.4032,REJECT,18.315,14.29,21.58,0.03333,OK,temp_deviation_from_85=-6.800 is -1.1 SD from normal-pass average | rate_0_24=0.029 is +0.4 SD from normal-pass average | pct_change_24_0=0.055 is -0.3 SD from normal-pass average,True,Medium,Lot-Relative Drift,18.315,15.915,0.7030000000000012,2.400000000000002,0.05
CMP05469,B1035,Relay_Electromech,2026-04-13,2026-04-25,89.6,6.02,8.179,9.137,50.0,B1035,8.179,9.137,89.6,6.02,Medium,0.4779,REJECT,14.772,10.61,24.54,0.03913,OK,stress_weighted_rate=0.240 is +1.5 SD from normal-pass average | rate_0_24=0.040 is +1.2 SD from normal-pass average | temp_deviation_from_85=4.600 is +0.8 SD from normal-pass average,True,Medium,Lot-Relative Drift,14.772,11.954,0.9580000000000002,2.8179999999999996,0.55
CMP05043,B1046,Transistor_BJT,2026-01-01,2026-01-10,85.8,5.45,6.512,7.136,50.0,B1046,6.512,7.136,85.8,5.45,Medium,0.3854,PASS,10.172,8.27,9.56,0.02108,OK,temp_deviation_from_85=0.800 is +0.1 SD from normal-pass average | Chamber_Temperature_C_was_missing=0.000 is -0.1 SD from normal-pass average | Value_0h_was_missing=0.000 is -0.1 SD from normal-pass average,False,None,Normal,10.172,8.654,0.6240000000000006,1.5180000000000007,-0.07
CMP04824,B1010,Resistor_Precision,2026-05-01,2026-05-04,86.4,5.7,2.611,3.061,50.0,B1010,2.611,3.061,86.4,5.7,Medium,0.2406,PASS,6.925,4.76,7.22,0.02683,OK,pct_change_24_0=0.172 is +0.5 SD from normal-pass average | rate_0_24=0.019 is -0.5 SD from normal-pass average | stress_weighted_rate=0.107 is -0.4 SD from normal-pass average,False,None,Normal,6.925,4.993,0.44999999999999973,1.9319999999999995,-1.03
CMP04850,B1038,Tantalum_Capacitor,2026-03-04,2026-03-10,87.9,5.25,4.844,5.194,50.0,B1038,4.844,5.194,87.9,5.25,Medium,0.3174,PASS,8.723,6.28,8.19,0.02451,OK,stress_weighted_rate=0.077 is -0.8 SD from normal-pass average | rate_0_24=0.015 is -0.8 SD from normal-pass average | temp_deviation_from_85=2.900 is +0.5 SD from normal-pass average,False,None,Normal,8.723,6.959,0.34999999999999964,1.7640000000000011,-0.52
CMP02292,B1049,Relay_Electromech,2026-03-09,2026-03-12,83.4,5.6,15.019,15.175,50.0,B1049,15.019,15.175,83.4,5.6,Medium,0.2978,PASS,18.909,16.58,18.21,0.02593,OK,rate_0_24=0.007 is -1.4 SD from normal-pass average | stress_weighted_rate=0.036 is -1.4 SD from normal-pass average | pct_change_24_0=0.010 is -0.6 SD from normal-pass average,False,None,Normal,18.909,17.042,0.15600000000000058,1.8669999999999973,-0.65
CMP03818,B1032,IC_Analog,2026-05-16,2026-05-19,92.4,4.97,9.662,10.756,50.0,B1032,9.662,10.756,92.4,4.97,High,0.4882,REJECT,17.129,12.11,35.41,0.04426,OK,rate_0_24=0.046 is +1.7 SD from normal-pass average | stress_weighted_rate=0.227 is +1.3 SD from normal-pass average | temp_deviation_from_85=7.400 is +1.2 SD from normal-pass average,True,Medium,Lot-Relative Drift,17.129,13.942,1.0939999999999994,3.187000000000001,0.62
CMP02997,B1021,IC_Digital,2026-03-09,2026-03-13,87.8,5.01,11.918,,50.0,B1021,11.918,,87.8,5.01,Medium,0.5155,REJECT,20.011,9.92,40.06,,OK,Value_24h_was_missing=1.000 is +8.9 SD from normal-pass average | temp_deviation_from_85=2.800 is +0.5 SD from normal-pass average | Chamber_Temperature_C_was_missing=0.000 is -0.1 SD from normal-pass average,True,High,Lot-Relative Drift,20.011,,,,0.8
CMP01798,B1018,MOSFET,2026-06-02,2026-06-05,93.1,5.33,8.427,9.037,50.0,B1018,8.427,9.037,93.1,5.33,High,0.358,PASS,15.571,10.56,19.84,0.04538,OK,temp_deviation_from_85=8.100 is +1.4 SD from normal-pass average | pct_change_24_0=0.072 is -0.2 SD from normal-pass average | Chamber_Temperature_C_was_missing=0.000 is -0.1 SD from normal-pass average,False,None,Normal,15.571,12.304,0.6100000000000012,3.2669999999999995,-0.25
CMP00969,B1036,IC_Analog,2026-06-10,2026-06-20,83.8,4.36,9.02,9.115,50.0,B1036,9.02,9.115,83.8,4.36,Medium,0.3313,PASS,14.22,10.38,18.93,0.03545,OK,stress_weighted_rate=0.017 is -1.7 SD from normal-pass average | rate_0_24=0.004 is -1.6 SD from normal-pass average | pct_change_24_0=0.011 is -0.6 SD from normal-pass average,False,None,Normal,14.22,11.668,0.09500000000000064,2.5520000000000014,-0.43
CMP02390,B1026,IC_Analog,2026-03-29,2026-04-05,79.8,5.45,12.773,13.435,50.0,B1026,12.773,13.435,79.8,5.45,Low,0.3767,PASS,17.152,14.44,20.12,0.02581,OK,temp_deviation_from_85=-5.200 is -0.9 SD from normal-pass average | pct_change_24_0=0.052 is -0.3 SD from normal-pass average | rate_0_24=0.028 is +0.2 SD from normal-pass average,False,None,Normal,17.152,15.294,0.6620000000000008,1.8580000000000005,-0.13
CMP01875,B1045,IC_Digital,2026-02-23,2026-02-26,86.8,5.61,6.222,6.581,50.0,B1045,6.222,6.581,86.8,5.61,Medium,0.4009,REJECT,10.132,7.57,15.82,0.02466,OK,rate_0_24=0.015 is -0.8 SD from normal-pass average | stress_weighted_rate=0.084 is -0.7 SD from normal-pass average | temp_deviation_from_85=1.800 is +0.3 SD from normal-pass average,True,Medium,Lot-Relative Drift,10.132,8.356,0.359,1.7759999999999998,0.03
CMP02637,B1006,Resistor_Precision,2026-01-06,2026-01-11,78.5,5.42,4.217,4.92,50.0,B1006,4.217,4.92,78.5,5.42,Low,0.3851,PASS,8.584,6.16,7.43,0.02544,OK,temp_deviation_from_85=-6.500 is -1.1 SD from normal-pass average | pct_change_24_0=0.167 is +0.5 SD from normal-pass average | rate_0_24=0.029 is +0.4 SD from normal-pass average,False,None,Normal,8.584,6.752,0.7030000000000003,1.8319999999999999,-0.07
CMP00898,B1011,IC_Analog,2026-05-03,2026-05-17,76.7,5.61,14.926,15.384,50.0,B1011,14.926,15.384,76.7,5.61,Low,0.2854,PASS,18.478,16.61,17.82,0.02149,OK,temp_deviation_from_85=-8.300 is -1.4 SD from normal-pass average | rate_0_24=0.019 is -0.4 SD from normal-pass average | pct_change_24_0=0.031 is -0.4 SD from normal-pass average,False,None,Normal,18.478,16.931,0.4580000000000002,1.5470000000000006,-0.74
CMP05450,B1048,Tantalum_Capacitor,2026-02-17,2026-02-24,83.6,5.71,7.683,8.421,50.0,B1048,7.683,8.421,83.6,5.71,Medium,0.4031,REJECT,12.727,9.77,19.07,0.0299,OK,stress_weighted_rate=0.176 is +0.6 SD from normal-pass average | rate_0_24=0.031 is +0.5 SD from normal-pass average | temp_deviation_from_85=-1.400 is -0.2 SD from normal-pass average,True,Medium,Lot-Relative Drift,12.727,10.574,0.7379999999999995,2.1530000000000005,0.05
CMP03492,B1023,MOSFET,2026-07-09,2026-07-23,79.3,5.66,6.347,7.332,50.0,B1023,6.347,7.332,79.3,5.66,Low,0.5431,REJECT,11.186,8.71,21.45,0.02677,OK,stress_weighted_rate=0.232 is +1.4 SD from normal-pass average | rate_0_24=0.041 is +1.3 SD from normal-pass average | temp_deviation_from_85=-5.700 is -1.0 SD from normal-pass average,True,High,Lot-Relative Drift,11.186,9.259,0.9849999999999994,1.9269999999999996,0.98
CMP01999,B1036,MOSFET,2026-06-09,2026-06-19,95.7,5.67,5.763,6.566,50.0,B1036,5.763,6.566,95.7,5.67,High,0.4181,REJECT,12.656,7.82,19.55,0.04229,OK,temp_deviation_from_85=10.700 is +1.8 SD from normal-pass average | stress_weighted_rate=0.190 is +0.8 SD from normal-pass average | rate_0_24=0.033 is +0.7 SD from normal-pass average,True,Medium,Lot-Relative Drift,12.656,9.611,0.8029999999999999,3.045,0.15
CMP01348,B1011,IC_Digital,2026-03-02,2026-03-16,81.5,5.68,9.568,10.751,50.0,B1011,9.568,10.751,81.5,5.68,Medium,0.5634,REJECT,16.662,12.24,30.42,0.04105,OK,stress_weighted_rate=0.280 is +2.0 SD from normal-pass average | rate_0_24=0.049 is +1.9 SD from normal-pass average | temp_deviation_from_85=-3.500 is -0.6 SD from normal-pass average,True,High,Lot-Relative Drift,16.662,13.706,1.1829999999999998,2.9559999999999995,1.12
CMP04834,B1048,Diode_Zener,2026-04-28,2026-05-02,90.3,5.59,5.703,6.067,50.0,B1048,5.703,6.067,90.3,5.59,High,0.2329,PASS,10.238,7.19,12.32,0.02897,OK,temp_deviation_from_85=5.300 is +0.9 SD from normal-pass average | rate_0_24=0.015 is -0.8 SD from normal-pass average | stress_weighted_rate=0.085 is -0.7 SD from normal-pass average,False,None,Normal,10.238,8.152,0.3639999999999999,2.0860000000000003,-1.09
CMP02838,B1021,IC_Analog,2026-04-16,2026-04-25,83.4,5.57,2.064,2.563,50.0,B1021,2.064,2.563,83.4,5.57,Medium,0.2841,PASS,7.893,4.06,7.59,0.03701,OK,pct_change_24_0=0.242 is +0.9 SD from normal-pass average | rate_0_24=0.021 is -0.3 SD from normal-pass average | stress_weighted_rate=0.116 is -0.3 SD from normal-pass average,False,None,Normal,7.893,5.228,0.4990000000000001,2.665,-0.74
CMP01234,B1000,Diode_Zener,2026-07-14,2026-07-21,76.6,5.28,5.249,6.186,50.0,B1000,5.249,6.186,76.6,5.28,Low,0.4953,REJECT,10.677,7.59,18.55,0.03119,OK,temp_deviation_from_85=-8.400 is -1.4 SD from normal-pass average | rate_0_24=0.039 is +1.1 SD from normal-pass average | stress_weighted_rate=0.206 is +1.0 SD from normal-pass average,True,Medium,Lot-Relative Drift,10.677,8.432,0.9370000000000003,2.244999999999999,0.66
CMP05116,B1027,IC_Analog,2026-06-06,2026-06-20,82.0,5.18,7.225,7.692,50.0,B1027,7.225,7.692,82.0,5.18,Medium,0.2997,PASS,11.996,9.06,18.26,0.02989,OK,stress_weighted_rate=0.101 is -0.5 SD from normal-pass average | temp_deviation_from_85=-3.000 is -0.5 SD from normal-pass average | rate_0_24=0.019 is -0.4 SD from normal-pass average,False,None,Normal,11.996,9.844,0.4670000000000005,2.152000000000001,-0.64
CMP02522,B1026,Diode_Zener,2026-01-25,2026-02-05,99.3,5.38,5.024,5.84,50.0,B1026,5.024,5.84,99.3,5.38,High,0.2732,PASS,9.885,7.17,8.11,0.02809,OK,temp_deviation_from_85=14.300 is +2.4 SD from normal-pass average | rate_0_24=0.034 is +0.7 SD from normal-pass average | stress_weighted_rate=0.183 is +0.7 SD from normal-pass average,False,None,Normal,9.885,7.862,0.8159999999999998,2.0229999999999997,-0.82
CMP00087,B1036,Transistor_BJT,2026-01-25,2026-02-07,93.1,5.5,6.304,6.576,50.0,B1036,6.304,6.576,93.1,5.5,High,0.2615,PASS,10.189,7.57,9.16,0.02509,OK,temp_deviation_from_85=8.100 is +1.4 SD from normal-pass average | rate_0_24=0.011 is -1.1 SD from normal-pass average | stress_weighted_rate=0.062 is -1.0 SD from normal-pass average,False,None,Normal,10.189,8.382,0.27199999999999935,1.8070000000000004,-0.9
CMP00807,B1010,IC_Analog,2026-06-27,2026-07-10,82.8,5.47,7.374,8.169,50.0,B1010,7.374,8.169,82.8,5.47,Medium,0.3938,PASS,12.472,9.56,16.83,0.02988,OK,rate_0_24=0.033 is +0.7 SD from normal-pass average | stress_weighted_rate=0.181 is +0.6 SD from normal-pass average | temp_deviation_from_85=-2.200 is -0.4 SD from normal-pass average,False,None,Normal,12.472,10.32,0.7950000000000008,2.1519999999999992,-0.01
CMP04399,B1032,Transistor_BJT,2026-07-11,2026-07-21,80.5,6.03,6.113,6.912,50.0,B1032,6.113,6.912,80.5,6.03,Medium,0.4811,REJECT,10.796,8.5,23.67,0.02697,OK,stress_weighted_rate=0.201 is +0.9 SD from normal-pass average | temp_deviation_from_85=-4.500 is -0.7 SD from normal-pass average | rate_0_24=0.033 is +0.7 SD from normal-pass average,True,Medium,Lot-Relative Drift,10.796,8.854,0.7989999999999995,1.9420000000000002,0.57
CMP05429,B1017,Transistor_BJT,2026-05-29,2026-06-04,81.8,5.41,7.912,8.539,50.0,B1017,7.912,8.539,81.8,5.41,Medium,0.4219,REJECT,12.555,9.96,17.06,0.02789,OK,temp_deviation_from_85=-3.200 is -0.5 SD from normal-pass average | Chamber_Temperature_C_was_missing=0.000 is -0.1 SD from normal-pass average | Value_0h_was_missing=0.000 is -0.1 SD from normal-pass average,True,Medium,Lot-Relative Drift,12.555,10.547,0.6269999999999998,2.007999999999999,0.17
CMP00484,B1045,Tantalum_Capacitor,2026-01-21,2026-01-28,96.0,5.02,12.821,13.728,50.0,B1045,12.821,13.728,96.0,5.02,High,0.4317,REJECT,18.204,15.48,22.94,0.03108,OK,temp_deviation_from_85=11.000 is +1.8 SD from normal-pass average | rate_0_24=0.038 is +1.0 SD from normal-pass average | stress_weighted_rate=0.190 is +0.8 SD from normal-pass average,True,Medium,Lot-Relative Drift,18.204,15.966,0.907,2.2380000000000013,0.24
CMP02833,B1025,Tantalum_Capacitor,2026-05-05,2026-05-18,87.5,4.88,9.203,10.611,50.0,B1025,9.203,10.611,87.5,4.88,Medium,0.7897,REJECT,21.428,12.03,40.11,0.07512,EARLY_REJECT,rate_0_24=0.059 is +2.7 SD from normal-pass average | stress_weighted_rate=0.286 is +2.1 SD from normal-pass average | temp_deviation_from_85=2.500 is +0.4 SD from normal-pass average,True,Critical,Accelerating Drift,21.428,16.02,1.4080000000000013,5.408000000000001,2.63
CMP01928,B1024,Tantalum_Capacitor,2026-01-16,2026-01-23,87.2,6.04,7.96,8.4,50.0,B1024,7.96,8.4,87.2,6.04,Medium,0.3092,PASS,12.33,9.27,14.16,0.02729,OK,rate_0_24=0.018 is -0.5 SD from normal-pass average | temp_deviation_from_85=2.200 is +0.4 SD from normal-pass average | stress_weighted_rate=0.111 is -0.4 SD from normal-pass average,False,None,Normal,12.33,10.365,0.4400000000000004,1.9649999999999999,-0.58
CMP00718,B1037,Resistor_Precision,2026-01-03,2026-01-17,75.4,5.09,5.36,6.118,50.0,B1037,5.36,6.118,75.4,5.09,Low,0.3965,REJECT,10.445,7.26,20.36,0.03005,OK,temp_deviation_from_85=-9.600 is -1.6 SD from normal-pass average | rate_0_24=0.032 is +0.5 SD from normal-pass average | stress_weighted_rate=0.161 is +0.3 SD from normal-pass average,True,Medium,Lot-Relative Drift,10.445,8.282,0.758,2.1630000000000003,0.0
CMP00117,B1042,Tantalum_Capacitor,2026-06-21,2026-06-30,89.2,5.54,7.094,7.436,50.0,B1042,7.094,7.436,89.2,5.54,Medium,0.2826,PASS,11.634,8.34,10.0,0.02915,OK,rate_0_24=0.014 is -0.8 SD from normal-pass average | stress_weighted_rate=0.079 is -0.8 SD from normal-pass average | temp_deviation_from_85=4.200 is +0.7 SD from normal-pass average,False,None,Normal,11.634,9.535,0.34199999999999964,2.099,-0.75
CMP02841,B1015,Diode_Zener,2026-02-26,2026-03-09,90.2,5.46,4.474,4.984,50.0,B1015,4.474,4.984,90.2,5.46,High,0.2338,PASS,8.358,6.1,11.37,0.02343,OK,temp_deviation_from_85=5.200 is +0.9 SD from normal-pass average | stress_weighted_rate=0.116 is -0.3 SD from normal-pass average | rate_0_24=0.021 is -0.3 SD from normal-pass average,False,None,Normal,8.358,6.671,0.5099999999999998,1.6870000000000003,-1.08
CMP01283,B1017,Transistor_BJT,2026-02-12,2026-02-21,88.0,5.84,6.561,7.212,50.0,B1017,6.561,7.212,88.0,5.84,Medium,0.3991,REJECT,10.273,8.34,9.46,0.02126,OK,temp_deviation_from_85=3.000 is +0.5 SD from normal-pass average | stress_weighted_rate=0.158 is +0.3 SD from normal-pass average | rate_0_24=0.027 is +0.2 SD from normal-pass average,True,Medium,Lot-Relative Drift,10.273,8.742,0.6509999999999998,1.5309999999999988,0.02
CMP03723,B1018,Tantalum_Capacitor,2026-06-26,2026-07-05,80.2,5.91,7.706,9.25,50.0,B1018,7.706,9.25,80.2,5.91,Medium,0.9166,REJECT,20.492,11.47,37.82,0.07807,EARLY_REJECT,stress_weighted_rate=0.380 is +3.5 SD from normal-pass average | rate_0_24=0.064 is +3.1 SD from normal-pass average | temp_deviation_from_85=-4.800 is -0.8 SD from normal-pass average,True,Critical,Accelerating Drift,20.492,14.871,1.5439999999999996,5.621,3.47
CMP01915,B1029,Diode_Zener,2026-06-02,2026-06-12,83.9,5.86,4.732,5.991,50.0,B1029,4.732,5.991,83.9,5.86,Medium,0.7004,REJECT,11.309,7.09,18.65,0.03693,OK,stress_weighted_rate=0.307 is +2.4 SD from normal-pass average | rate_0_24=0.052 is +2.2 SD from normal-pass average | pct_change_24_0=0.266 is +1.1 SD from normal-pass average,True,Critical,Severe Latent Degradation,11.309,8.65,1.2589999999999995,2.658999999999999,2.03
CMP03842,B1036,Transistor_BJT,2026-05-18,2026-05-27,80.8,5.1,5.646,6.349,50.0,B1036,5.646,6.349,80.8,5.1,Medium,0.3948,PASS,9.74,7.42,12.08,0.02355,OK,temp_deviation_from_85=-4.200 is -0.7 SD from normal-pass average | rate_0_24=0.029 is +0.4 SD from normal-pass average | stress_weighted_rate=0.149 is +0.2 SD from normal-pass average,False,None,Normal,9.74,8.044,0.7030000000000003,1.6959999999999997,-0.01
CMP02398,B1016,Tantalum_Capacitor,2026-05-26,2026-06-04,81.5,5.1,3.466,4.441,50.0,B1016,3.466,4.441,81.5,5.1,Medium,0.5552,REJECT,9.898,4.9,18.8,0.0379,OK,rate_0_24=0.041 is +1.3 SD from normal-pass average | pct_change_24_0=0.281 is +1.2 SD from normal-pass average | stress_weighted_rate=0.207 is +1.0 SD from normal-pass average,True,High,Lot-Relative Drift,9.898,7.169,0.9749999999999996,2.729,1.06
CMP01796,B1039,Resistor_Precision,2026-02-07,2026-02-21,84.0,5.46,5.412,6.407,50.0,B1039,5.412,6.407,84.0,5.46,Medium,0.4552,REJECT,10.765,7.41,15.41,0.03026,OK,rate_0_24=0.041 is +1.3 SD from normal-pass average | stress_weighted_rate=0.226 is +1.3 SD from normal-pass average | pct_change_24_0=0.184 is +0.6 SD from normal-pass average,True,Medium,Lot-Relative Drift,10.765,8.586,0.9950000000000001,2.1790000000000003,0.4
CMP00841,B1023,Relay_Electromech,2026-03-09,2026-03-19,87.6,5.69,10.425,11.472,50.0,B1023,10.425,11.472,87.6,5.69,Medium,0.5162,REJECT,15.234,12.94,26.11,0.02612,OK,stress_weighted_rate=0.248 is +1.6 SD from normal-pass average | rate_0_24=0.044 is +1.5 SD from normal-pass average | temp_deviation_from_85=2.600 is +0.4 SD from normal-pass average,True,High,Lot-Relative Drift,15.234,13.353,1.0469999999999988,1.8810000000000002,0.8
CMP01304,B1037,Diode_Zener,2026-02-09,2026-02-21,79.9,5.87,5.31,5.896,50.0,B1037,5.31,5.896,79.9,5.87,Low,0.3405,PASS,9.161,6.85,11.21,0.02267,OK,temp_deviation_from_85=-5.100 is -0.8 SD from normal-pass average | Chamber_Temperature_C_was_missing=0.000 is -0.1 SD from normal-pass average | Value_0h_was_missing=0.000 is -0.1 SD from normal-pass average,False,None,Normal,9.161,7.528,0.5860000000000003,1.633,-0.37
CMP05380,B1007,Relay_Electromech,2026-07-14,2026-07-27,86.7,5.56,7.533,8.024,50.0,B1007,7.533,8.024,86.7,5.56,Medium,0.3465,PASS,12.54,9.56,15.59,0.03136,OK,rate_0_24=0.020 is -0.3 SD from normal-pass average | stress_weighted_rate=0.114 is -0.3 SD from normal-pass average | temp_deviation_from_85=1.700 is +0.3 SD from normal-pass average,False,None,Normal,12.54,10.282,0.49099999999999877,2.257999999999999,-0.33
CMP05494,B1023,Tantalum_Capacitor,2026-05-19,2026-05-22,,5.46,7.596,8.278,50.0,B1023,7.596,8.278,,5.46,Low,0.4062,REJECT,12.529,9.38,16.87,0.02952,OK,Chamber_Temperature_C_was_missing=1.000 is +7.7 SD from normal-pass average | rate_0_24=0.028 is +0.3 SD from normal-pass average | stress_weighted_rate=0.155 is +0.3 SD from normal-pass average,True,Medium,Lot-Relative Drift,12.529,10.404,0.6820000000000004,2.125,0.07
CMP01992,B1016,MOSFET,2026-04-19,2026-04-26,81.9,6.14,6.115,9.482,50.0,B1016,6.115,9.482,81.9,6.14,Medium,0.9817,REJECT,20.175,14.43,15.55,0.07426,EARLY_REJECT,stress_weighted_rate=0.861 is +10.3 SD from normal-pass average | rate_0_24=0.140 is +9.2 SD from normal-pass average | pct_change_24_0=0.551 is +3.0 SD from normal-pass average,True,Critical,Accelerating Drift,20.175,14.828,3.366999999999999,5.347000000000001,3.91
CMP02061,B1026,IC_Analog,2026-06-07,2026-06-14,71.6,5.16,10.726,11.251,50.0,B1026,10.726,11.251,71.6,5.16,Low,0.2847,PASS,15.061,12.51,15.33,0.02646,OK,temp_deviation_from_85=-13.400 is -2.2 SD from normal-pass average | stress_weighted_rate=0.113 is -0.3 SD from normal-pass average | pct_change_24_0=0.049 is -0.3 SD from normal-pass average,False,None,Normal,15.061,13.156,0.5249999999999986,1.9049999999999994,-0.74
CMP02987,B1044,Diode_Zener,2026-06-30,2026-07-04,89.8,4.86,2.849,3.228,50.0,B1044,2.849,3.228,89.8,4.86,Medium,0.204,PASS,6.313,4.16,6.12,0.02142,OK,stress_weighted_rate=0.077 is -0.8 SD from normal-pass average | temp_deviation_from_85=4.800 is +0.8 SD from normal-pass average | rate_0_24=0.016 is -0.7 SD from normal-pass average,False,None,Normal,6.313,4.77,0.379,1.5430000000000001,-1.28
CMP05790,B1032,IC_Digital,2026-04-14,2026-04-19,71.0,5.84,7.242,8.186,50.0,B1032,7.242,8.186,71.0,5.84,Low,0.4685,REJECT,13.02,9.57,20.22,0.03357,OK,temp_deviation_from_85=-14.000 is -2.3 SD from normal-pass average | stress_weighted_rate=0.230 is +1.3 SD from normal-pass average | rate_0_24=0.039 is +1.2 SD from normal-pass average,True,Medium,Lot-Relative Drift,13.02,10.603,0.944,2.417,0.49
CMP04692,B1043,Tantalum_Capacitor,2026-07-18,2026-07-27,86.6,5.93,13.5,14.022,50.0,B1043,13.5,14.022,86.6,5.93,Medium,0.3165,PASS,17.096,14.57,17.82,0.02135,OK,pct_change_24_0=0.039 is -0.4 SD from normal-pass average | temp_deviation_from_85=1.600 is +0.3 SD from normal-pass average | rate_0_24=0.022 is -0.2 SD from normal-pass average,False,None,Normal,17.096,15.559,0.5220000000000002,1.5370000000000008,-0.53
CMP02185,B1005,Transistor_BJT,2026-07-18,2026-07-22,94.2,5.74,8.116,11.692,50.0,B1005,8.116,11.692,94.2,5.74,High,0.9778,REJECT,26.428,18.19,33.81,0.10233,EARLY_REJECT,stress_weighted_rate=0.855 is +10.2 SD from normal-pass average | rate_0_24=0.149 is +9.8 SD from normal-pass average | pct_change_24_0=0.441 is +2.3 SD from normal-pass average,True,Critical,Accelerating Drift,26.428,19.06,3.5760000000000005,7.368000000000002,3.88
CMP01955,B1010,Diode_Zener,2026-03-05,2026-03-17,93.7,5.7,2.111,2.72,50.0,B1010,2.111,2.72,93.7,5.7,High,0.2789,PASS,6.002,4.37,6.94,0.02279,OK,temp_deviation_from_85=8.700 is +1.5 SD from normal-pass average | pct_change_24_0=0.288 is +1.3 SD from normal-pass average | Chamber_Temperature_C_was_missing=0.000 is -0.1 SD from normal-pass average,False,None,Normal,6.002,4.361,0.609,1.641,-0.78
CMP05089,B1027,Resistor_Precision,2026-02-07,2026-02-11,77.8,5.32,4.369,5.04,50.0,B1027,4.369,5.04,77.8,5.32,Low,0.3796,PASS,8.878,6.25,10.26,0.02665,OK,temp_deviation_from_85=-7.200 is -1.2 SD from normal-pass average | pct_change_24_0=0.154 is +0.4 SD from normal-pass average | rate_0_24=0.028 is +0.3 SD from normal-pass average,False,None,Normal,8.878,6.959,0.6710000000000003,1.9190000000000005,-0.11
CMP02870,B1023,Transistor_BJT,2026-04-16,2026-04-28,73.9,6.03,5.047,6.044,50.0,B1023,5.047,6.044,73.9,6.03,Low,0.4971,REJECT,11.026,7.51,18.28,0.0346,OK,temp_deviation_from_85=-11.100 is -1.9 SD from normal-pass average | stress_weighted_rate=0.250 is +1.6 SD from normal-pass average | rate_0_24=0.042 is +1.3 SD from normal-pass average,True,Medium,Lot-Relative Drift,11.026,8.535,0.9969999999999999,2.4909999999999997,0.68
CMP05950,B1039,IC_Digital,2026-01-02,2026-01-08,85.0,5.58,10.612,10.784,50.0,B1039,10.612,10.784,85.0,5.58,Medium,0.3869,PASS,14.741,12.06,20.82,0.02748,OK,rate_0_24=0.007 is -1.4 SD from normal-pass average | stress_weighted_rate=0.040 is -1.4 SD from normal-pass average | pct_change_24_0=0.016 is -0.5 SD from normal-pass average,False,None,Normal,14.741,12.762,0.1720000000000006,1.9789999999999992,-0.06
CMP02294,B1007,Relay_Electromech,2026-03-24,2026-04-02,92.6,5.24,9.817,10.188,50.0,B1007,9.817,10.188,92.6,5.24,High,0.277,PASS,14.098,11.24,14.12,0.02715,OK,temp_deviation_from_85=7.600 is +1.3 SD from normal-pass average | stress_weighted_rate=0.081 is -0.8 SD from normal-pass average | rate_0_24=0.015 is -0.7 SD from normal-pass average,False,None,Normal,14.098,12.143,0.37100000000000044,1.955,-0.79
CMP03072,B1045,Resistor_Precision,2026-01-06,2026-01-15,97.4,4.84,5.136,5.899,50.0,B1045,5.136,5.899,97.4,4.84,High,0.3554,PASS,11.238,6.9,18.53,0.03707,OK,temp_deviation_from_85=12.400 is +2.1 SD from normal-pass average | rate_0_24=0.032 is +0.6 SD from normal-pass average | pct_change_24_0=0.149 is +0.3 SD from normal-pass average,False,None,Normal,11.238,8.568,0.7629999999999999,2.67,-0.27
CMP00335,B1009,Relay_Electromech,2026-01-14,2026-01-22,83.0,6.0,14.063,15.253,50.0,B1009,14.063,15.253,83.0,6.0,Medium,0.6545,REJECT,23.134,16.46,32.36,0.05473,OK,stress_weighted_rate=0.297 is +2.3 SD from normal-pass average | rate_0_24=0.050 is +2.0 SD from normal-pass average | temp_deviation_from_85=-2.000 is -0.3 SD from normal-pass average,True,High,Lot-Relative Drift,23.134,19.194,1.1899999999999995,3.9400000000000013,1.73
CMP05181,B1016,Transistor_BJT,2026-06-04,2026-06-12,72.4,5.23,,7.256,50.0,B1016,,7.256,72.4,5.23,Low,0.3616,PASS,13.016,8.41,16.33,0.04,OK,Value_0h_was_missing=1.000 is +7.9 SD from normal-pass average | temp_deviation_from_85=-12.600 is -2.1 SD from normal-pass average | Chamber_Temperature_C_was_missing=0.000 is -0.1 SD from normal-pass average,False,None,Normal,13.016,10.136,,2.880000000000001,-0.23
CMP04127,B1025,Resistor_Precision,2026-06-29,2026-07-12,91.0,5.92,4.337,5.036,50.0,B1025,4.337,5.036,91.0,5.92,High,0.3045,PASS,8.919,6.46,8.78,0.02697,OK,temp_deviation_from_85=6.000 is +1.0 SD from normal-pass average | stress_weighted_rate=0.172 is +0.5 SD from normal-pass average | pct_change_24_0=0.161 is +0.4 SD from normal-pass average,False,None,Normal,8.919,6.978,0.6989999999999998,1.9410000000000007,-0.61
CMP02202,B1003,IC_Digital,2026-07-19,2026-07-30,89.8,5.4,7.19,8.172,50.0,B1003,7.19,8.172,89.8,5.4,Medium,0.441,REJECT,13.026,9.69,24.2,0.03371,OK,rate_0_24=0.041 is +1.3 SD from normal-pass average | stress_weighted_rate=0.221 is +1.2 SD from normal-pass average | temp_deviation_from_85=4.800 is +0.8 SD from normal-pass average,True,Medium,Lot-Relative Drift,13.026,10.599,0.9820000000000002,2.4269999999999996,0.3
CMP05906,B1000,Transistor_BJT,2026-06-24,2026-07-05,79.4,6.13,5.987,6.755,50.0,B1000,5.987,6.755,79.4,6.13,Low,0.5212,REJECT,12.097,8.19,33.87,0.0371,OK,temp_deviation_from_85=-5.600 is -0.9 SD from normal-pass average | stress_weighted_rate=0.196 is +0.8 SD from normal-pass average | rate_0_24=0.032 is +0.6 SD from normal-pass average,True,High,Lot-Relative Drift,12.097,9.426,0.7679999999999998,2.6709999999999994,0.84
CMP01547,B1021,IC_Analog,2026-07-03,2026-07-16,78.2,5.68,11.118,11.635,50.0,B1021,11.118,11.635,78.2,5.68,Low,0.2927,PASS,15.22,12.76,13.12,0.02489,OK,temp_deviation_from_85=-6.800 is -1.1 SD from normal-pass average | pct_change_24_0=0.047 is -0.3 SD from normal-pass average | rate_0_24=0.022 is -0.3 SD from normal-pass average,False,None,Normal,15.22,13.428,0.5169999999999995,1.7919999999999998,-0.69
CMP01160,B1030,Diode_Zener,2026-07-12,2026-07-18,75.2,5.53,5.243,6.08,50.0,B1030,5.243,6.08,75.2,5.53,Low,0.4018,REJECT,11.679,7.45,23.15,0.03888,OK,temp_deviation_from_85=-9.800 is -1.6 SD from normal-pass average | stress_weighted_rate=0.193 is +0.8 SD from normal-pass average | rate_0_24=0.035 is +0.8 SD from normal-pass average,True,Medium,Lot-Relative Drift,11.679,8.88,0.8369999999999997,2.7989999999999995,0.04
CMP02762,B1035,IC_Digital,2026-04-05,2026-04-14,78.0,5.94,4.326,5.137,50.0,B1035,4.326,5.137,78.0,5.94,Low,0.4479,REJECT,12.441,6.92,19.39,0.05072,OK,temp_deviation_from_85=-7.000 is -1.2 SD from normal-pass average | stress_weighted_rate=0.201 is +0.9 SD from normal-pass average | rate_0_24=0.034 is +0.7 SD from normal-pass average,True,Medium,Lot-Relative Drift,12.441,8.789,0.8109999999999999,3.652000000000001,0.35
CMP02250,B1026,Tantalum_Capacitor,2026-02-04,2026-02-18,96.8,5.3,9.825,9.897,50.0,B1026,9.825,9.897,96.8,5.3,High,0.3547,PASS,14.333,10.53,15.32,0.03081,OK,temp_deviation_from_85=11.800 is +2.0 SD from normal-pass average | rate_0_24=0.003 is -1.7 SD from normal-pass average | stress_weighted_rate=0.016 is -1.7 SD from normal-pass average,False,None,Normal,14.333,12.115,0.07200000000000095,2.218,-0.27
CMP00447,B1005,MOSFET,2026-04-25,2026-05-08,77.5,5.6,8.79,9.472,50.0,B1005,8.79,9.472,77.5,5.6,Low,0.4088,REJECT,13.685,10.58,15.59,0.02926,OK,temp_deviation_from_85=-7.500 is -1.3 SD from normal-pass average | stress_weighted_rate=0.159 is +0.3 SD from normal-pass average | rate_0_24=0.028 is +0.3 SD from normal-pass average,True,Medium,Lot-Relative Drift,13.685,11.578,0.6820000000000004,2.107000000000001,0.09
CMP03689,B1044,Tantalum_Capacitor,2026-03-24,2026-04-02,89.7,4.95,6.237,6.703,50.0,B1044,6.237,6.703,89.7,4.95,Medium,0.3654,PASS,10.784,8.17,16.62,0.02834,OK,temp_deviation_from_85=4.700 is +0.8 SD from normal-pass average | stress_weighted_rate=0.096 is -0.6 SD from normal-pass average | rate_0_24=0.019 is -0.4 SD from normal-pass average,False,None,Normal,10.784,8.744,0.4660000000000002,2.040000000000001,-0.2
CMP00191,B1023,IC_Digital,2026-01-13,2026-01-23,91.1,5.43,6.838,6.755,50.0,B1023,6.838,6.755,91.1,5.43,High,0.523,REJECT,16.513,8.45,44.45,0.06776,EARLY_REJECT,rate_0_24=-0.003 is -2.2 SD from normal-pass average | stress_weighted_rate=-0.019 is -2.2 SD from normal-pass average | temp_deviation_from_85=6.100 is +1.0 SD from normal-pass average,True,Critical,Accelerating Drift,16.513,11.634,-0.08300000000000018,4.879000000000001,0.85
CMP05737,B1018,MOSFET,2026-06-30,2026-07-10,,5.47,7.99,8.816,50.0,B1018,7.99,8.816,,5.47,Low,0.4333,REJECT,13.044,10.02,21.14,0.02936,OK,Chamber_Temperature_C_was_missing=1.000 is +7.7 SD from normal-pass average | rate_0_24=0.034 is +0.8 SD from normal-pass average | stress_weighted_rate=0.188 is +0.7 SD from normal-pass average,True,Medium,Lot-Relative Drift,13.044,10.93,0.8260000000000005,2.1140000000000008,0.25
CMP04352,B1008,Transistor_BJT,2026-06-01,2026-06-14,86.2,4.57,6.698,7.308,50.0,B1008,6.698,7.308,86.2,4.57,Medium,0.3478,PASS,10.754,8.58,12.99,0.02393,OK,stress_weighted_rate=0.116 is -0.3 SD from normal-pass average | temp_deviation_from_85=1.200 is +0.2 SD from normal-pass average | Chamber_Temperature_C_was_missing=0.000 is -0.1 SD from normal-pass average,False,None,Normal,10.754,9.031,0.6099999999999994,1.722999999999999,-0.32
CMP00506,B1016,Diode_Zener,2026-05-21,2026-05-31,80.8,6.07,6.363,7.05,50.0,B1016,6.363,7.05,80.8,6.07,Medium,0.3281,PASS,10.248,8.4,9.05,0.02221,OK,temp_deviation_from_85=-4.200 is -0.7 SD from normal-pass average | stress_weighted_rate=0.174 is +0.5 SD from normal-pass average | rate_0_24=0.029 is +0.3 SD from normal-pass average,False,None,Normal,10.248,8.649,0.6869999999999994,1.5990000000000002,-0.45
CMP03345,B1044,IC_Digital,2026-02-14,2026-02-26,86.1,6.25,8.763,9.128,50.0,B1044,8.763,9.128,86.1,6.25,Medium,0.4106,REJECT,13.384,10.49,17.33,0.02956,OK,rate_0_24=0.015 is -0.8 SD from normal-pass average | stress_weighted_rate=0.095 is -0.6 SD from normal-pass average | pct_change_24_0=0.042 is -0.4 SD from normal-pass average,True,Medium,Lot-Relative Drift,13.384,11.256,0.3650000000000002,2.128,0.1
CMP01112,B1047,IC_Digital,2026-05-04,2026-05-10,74.4,5.5,7.449,8.245,50.0,B1047,7.449,8.245,74.4,5.5,Low,0.3519,PASS,12.835,9.68,12.8,0.03187,OK,temp_deviation_from_85=-10.600 is -1.8 SD from normal-pass average | rate_0_24=0.033 is +0.7 SD from normal-pass average | stress_weighted_rate=0.182 is +0.7 SD from normal-pass average,False,None,Normal,12.835,10.54,0.7959999999999994,2.2950000000000017,-0.29
CMP03520,B1035,MOSFET,2026-01-22,2026-01-30,79.2,6.12,9.733,11.019,50.0,B1035,9.733,11.019,79.2,6.12,Low,0.7823,REJECT,20.528,12.34,36.25,0.06604,EARLY_REJECT,stress_weighted_rate=0.328 is +2.7 SD from normal-pass average | rate_0_24=0.054 is +2.3 SD from normal-pass average | temp_deviation_from_85=-5.800 is -1.0 SD from normal-pass average,True,Critical,Accelerating Drift,20.528,15.773,1.2859999999999996,4.754999999999999,2.58
CMP02936,B1007,IC_Digital,2026-05-21,2026-06-01,79.4,6.03,9.984,10.361,50.0,B1007,9.984,10.361,79.4,6.03,Low,0.3624,PASS,14.197,11.61,19.31,0.02664,OK,temp_deviation_from_85=-5.600 is -0.9 SD from normal-pass average | rate_0_24=0.016 is -0.7 SD from normal-pass average | stress_weighted_rate=0.095 is -0.6 SD from normal-pass average,False,None,Normal,14.197,12.279,0.37700000000000067,1.9179999999999993,-0.22
